"ExerciseId","Verdict","PreviousName","CurrentName","PreviousMetadata","CurrentMetadata","ActualFinalDemonstration","ExactCorrection","Reason","FullLoop","Crop","LoopSeam","PlaybackSpeed","Mirroring","Travel","HoldFrame","Equipment"
"15","PASS","Alternating Standing Hamstring Curls","Alternating Standing Hamstring Curls","name=Alternating Standing Hamstring Curls | demand=1 | primary=PosteriorThighAndKneeFlexors | secondary=[GlutealExtensors;HipAbductors;DeepAndIntersegmentalBack;CalfDeepPosteriorLegAndPlantarFoot] | practice=Bodyweight conditioning | motion=StandingHamstringCurl | mode=Repetition | presentation=Motion | holdFrame=0 | side=Alternating | direction=None | blocks=[15:None:None:False:Full] | sessionMovement= | insect=Incompatible | hardFloor=Compatible","name=Alternating Standing Hamstring Curls | demand=1 | primary=PosteriorThighAndKneeFlexors | secondary=[GlutealExtensors;HipAbductors;DeepAndIntersegmentalBack;CalfDeepPosteriorLegAndPlantarFoot] | practice=Bodyweight conditioning | motion=StandingHamstringCurl | mode=Repetition | presentation=Motion | holdFrame=0 | side=Alternating | direction=None | blocks=[15:None:None:False:Full] | sessionMovement= | insect=Incompatible | hardFloor=Compatible","The complete packaged loop demonstrates Alternating Standing Hamstring Curls as named.","None.","Full-loop review found the name, demand, anatomy, structure, and packaged media coherent.","PASS","PASS","PASS","PASS","PASS","PASS","PASS or not applicable","PASS"
"16","PASS","Split-Stance Toe Raises","Split-Stance Toe Raises","name=Split-Stance Toe Raises | demand=1 | primary=AnteriorLateralLowerLegAndDorsalFoot | secondary=[HipAbductors;GlutealExtensors;CalfDeepPosteriorLegAndPlantarFoot] | practice=Standing ankle strengthening | motion=ToeRaise | mode=Repetition | presentation=Motion | holdFrame=0 | side=ScreenRightThenLeft | direction=None | blocks=[16:ScreenRight:None:False:Full;16:ScreenLeft:None:True:Full] | sessionMovement= | insect=Incompatible | hardFloor=Incompatible","name=Split-Stance Toe Raises | demand=1 | primary=AnteriorLateralLowerLegAndDorsalFoot | secondary=[HipAbductors;GlutealExtensors;CalfDeepPosteriorLegAndPlantarFoot] | practice=Standing ankle strengthening | motion=ToeRaise | mode=Repetition | presentation=Motion | holdFrame=0 | side=ScreenRightThenLeft | direction=None | blocks=[16:ScreenRight:None:False:Full;16:ScreenLeft:None:True:Full] | sessionMovement= | insect=Incompatible | hardFloor=Incompatible","The complete packaged loop demonstrates Split-Stance Toe Raises as named.","None.","Full-loop review found the name, demand, anatomy, structure, and packaged media coherent.","PASS","PASS","PASS","PASS","PASS","PASS","PASS or not applicable","PASS"
"17","PASS","Standing Toe-Touch Windmill","Standing Toe-Touch Windmill","name=Standing Toe-Touch Windmill | demand=0 | primary=DeepAndIntersegmentalBack | secondary=[PosteriorThighAndKneeFlexors;GlutealExtensors;AbdominalWall;CalfDeepPosteriorLegAndPlantarFoot] | practice=Standing mobility | motion=ToeTouchWindmill | mode=Repetition | presentation=Motion | holdFrame=0 | side=Alternating | direction=None | blocks=[17:None:None:False:Full] | sessionMovement= | insect=Compatible | hardFloor=Compatible","name=Standing Toe-Touch Windmill | demand=0 | primary=DeepAndIntersegmentalBack | secondary=[PosteriorThighAndKneeFlexors;GlutealExtensors;AbdominalWall;CalfDeepPosteriorLegAndPlantarFoot] | practice=Standing mobility | motion=ToeTouchWindmill | mode=Repetition | presentation=Motion | holdFrame=0 | side=Alternating | direction=None | blocks=[17:None:None:False:Full] | sessionMovement= | insect=Compatible | hardFloor=Compatible","The complete packaged loop demonstrates Standing Toe-Touch Windmill as named.","None.","Full-loop review found the name, demand, anatomy, structure, and packaged media coherent.","PASS","PASS","PASS","PASS","PASS","PASS","PASS or not applicable","PASS"
"19","PASS","Wide Plie Squat Pulses","Wide Plie Squat Pulses","name=Wide Plie Squat Pulses | demand=2 | primary=AccessoryHipAdductors | secondary=[HipAbductors;DeepHipRotators;CalfDeepPosteriorLegAndPlantarFoot;AnteriorLateralLowerLegAndDorsalFoot] | practice=Ballet conditioning | motion=PliePulse | mode=Repetition | presentation=Motion | holdFrame=0 | side=Continuous | direction=None | blocks=[19:None:None:False:Full] | sessionMovement= | insect=Incompatible | hardFloor=Compatible","name=Wide Plie Squat Pulses | demand=2 | primary=AccessoryHipAdductors | secondary=[HipAbductors;DeepHipRotators;CalfDeepPosteriorLegAndPlantarFoot;AnteriorLateralLowerLegAndDorsalFoot] | practice=Ballet conditioning | motion=PliePulse | mode=Repetition | presentation=Motion | holdFrame=0 | side=Continuous | direction=None | blocks=[19:None:None:False:Full] | sessionMovement= | insect=Incompatible | hardFloor=Compatible","The complete packaged loop demonstrates Wide Plie Squat Pulses as named.","None.","Full-loop review found the name, demand, anatomy, structure, and packaged media coherent.","PASS","PASS","PASS","PASS","PASS","PASS","PASS or not applicable","PASS"
"20","PASS","Standing Rear-Leg Pulses","Standing Rear-Leg Pulses","name=Standing Rear-Leg Pulses | demand=1 | primary=PosteriorThighAndKneeFlexors | secondary=[GlutealExtensors;HipFlexors;CalfDeepPosteriorLegAndPlantarFoot;AnteriorLateralLowerLegAndDorsalFoot] | practice=Standing lower-body conditioning | motion=RearLegPulse | mode=Repetition | presentation=Motion | holdFrame=0 | side=ScreenLeftThenRight | direction=None | blocks=[20:ScreenLeft:None:False:Full;20:ScreenRight:None:True:Full] | sessionMovement= | insect=Incompatible | hardFloor=Compatible","name=Standing Rear-Leg Pulses | demand=1 | primary=PosteriorThighAndKneeFlexors | secondary=[GlutealExtensors;HipFlexors;CalfDeepPosteriorLegAndPlantarFoot;AnteriorLateralLowerLegAndDorsalFoot] | practice=Standing lower-body conditioning | motion=RearLegPulse | mode=Repetition | presentation=Motion | holdFrame=0 | side=ScreenLeftThenRight | direction=None | blocks=[20:ScreenLeft:None:False:Full;20:ScreenRight:None:True:Full] | sessionMovement= | insect=Incompatible | hardFloor=Compatible","The complete packaged loop demonstrates Standing Rear-Leg Pulses as named.","None.","Full-loop review found the name, demand, anatomy, structure, and packaged media coherent.","PASS","PASS","PASS","PASS","PASS","PASS","PASS or not applicable","PASS"
"21","PASS","Standing-Scale Balance Hold","Standing-Scale Balance Hold","name=Standing-Scale Balance Hold | demand=2 | primary=SpinalExtensors | secondary=[GlutealExtensors;PosteriorThighAndKneeFlexors;DeepAndIntersegmentalBack;CalfDeepPosteriorLegAndPlantarFoot] | practice=Balance training | motion=BackBalance | mode=Hold | presentation=Still | holdFrame=50 | side=ScreenLeftThenRight | direction=None | blocks=[21:ScreenLeft:None:False:Full;21:ScreenRight:None:True:Full] | sessionMovement= | insect=Incompatible | hardFloor=Compatible","name=Standing-Scale Balance Hold | demand=2 | primary=SpinalExtensors | secondary=[GlutealExtensors;PosteriorThighAndKneeFlexors;DeepAndIntersegmentalBack;CalfDeepPosteriorLegAndPlantarFoot] | practice=Balance training | motion=BackBalance | mode=Hold | presentation=Still | holdFrame=50 | side=ScreenLeftThenRight | direction=None | blocks=[21:ScreenLeft:None:False:Full;21:ScreenRight:None:True:Full] | sessionMovement= | insect=Incompatible | hardFloor=Compatible","The complete packaged loop demonstrates Standing-Scale Balance Hold as named.","None.","Full-loop review found the name, demand, anatomy, structure, and packaged media coherent.","PASS","PASS","PASS","PASS","PASS","PASS","PASS or not applicable","PASS"
"31","PASS","Alternating Knee Raises with Two-Arm Pull-Down","Alternating Knee Raises with Two-Arm Pull-Down","name=Alternating Knee Raises with Two-Arm Pull-Down | demand=1 | primary=HipFlexors | secondary=[ShoulderAdductorsAndExtensors;ShoulderAbductors;ScapularGirdle;ElbowFlexors;AbdominalWall] | practice=Low-impact conditioning | motion=KneeRaiseTwoArmPulldown | mode=Repetition | presentation=Motion | holdFrame=0 | side=Alternating | direction=None | blocks=[31:None:None:False:Full] | sessionMovement= | insect=Compatible | hardFloor=Compatible","name=Alternating Knee Raises with Two-Arm Pull-Down | demand=1 | primary=HipFlexors | secondary=[ShoulderAdductorsAndExtensors;ShoulderAbductors;ScapularGirdle;ElbowFlexors;AbdominalWall] | practice=Low-impact conditioning | motion=KneeRaiseTwoArmPulldown | mode=Repetition | presentation=Motion | holdFrame=0 | side=Alternating | direction=None | blocks=[31:None:None:False:Full] | sessionMovement= | insect=Compatible | hardFloor=Compatible","The complete packaged loop demonstrates Alternating Knee Raises with Two-Arm Pull-Down as named.","None.","Full-loop review found the name, demand, anatomy, structure, and packaged media coherent.","PASS","PASS","PASS","PASS","PASS","PASS","PASS or not applicable","PASS"
"32","CORRECTED","Tandem Walk","Tandem Walk","name=Tandem Walk | demand=0 | primary=CalfDeepPosteriorLegAndPlantarFoot | secondary=[Soleus;AnteriorLateralLowerLegAndDorsalFoot;DeepAndIntersegmentalBack] | practice=Gait retraining | motion=WalkingStep | mode=Repetition | presentation=Motion | holdFrame=0 | side=Alternating | direction=None | blocks=[32:None:None:False:Full] | sessionMovement= | insect=Incompatible | hardFloor=Compatible","name=Tandem Walk | demand=0 | primary=CalfDeepPosteriorLegAndPlantarFoot | secondary=[Soleus;AnteriorLateralLowerLegAndDorsalFoot;DeepAndIntersegmentalBack;PelvicFloorAndPerineum] | practice=Gait retraining | motion=WalkingStep | mode=Repetition | presentation=Motion | holdFrame=0 | side=Alternating | direction=None | blocks=[32:None:None:False:Full] | sessionMovement= | insect=Incompatible | hardFloor=Compatible","The complete packaged loop demonstrates Tandem Walk as named.","secondaryCanonicalGroups: [""Soleus"",""AnteriorLateralLowerLegAndDorsalFoot"",""DeepAndIntersegmentalBack""] => [""Soleus"",""AnteriorLateralLowerLegAndDorsalFoot"",""DeepAndIntersegmentalBack"",""PelvicFloorAndPerineum""]","Associations were trimmed to meaningful visible mechanics; pelvic-floor involvement is retained only as evidence-supported secondary work for gait, single-leg support, or impact.","PASS","PASS","PASS","PASS","PASS","PASS","PASS or not applicable","PASS"
"37","PASS","Side Shuffle","Side Shuffle","name=Side Shuffle | demand=1 | primary=HipAbductors | secondary=[GlutealExtensors;MedialAndDeepKneeExtensors;LateralKneeExtensors;CalfDeepPosteriorLegAndPlantarFoot;AnteriorLateralLowerLegAndDorsalFoot] | practice=Low-impact aerobics | motion=SideStep | mode=Repetition | presentation=Motion | holdFrame=0 | side=Alternating | direction=None | blocks=[37:None:None:False:Full] | sessionMovement= | insect=Compatible | hardFloor=Compatible","name=Side Shuffle | demand=1 | primary=HipAbductors | secondary=[GlutealExtensors;MedialAndDeepKneeExtensors;LateralKneeExtensors;CalfDeepPosteriorLegAndPlantarFoot;AnteriorLateralLowerLegAndDorsalFoot] | practice=Low-impact aerobics | motion=SideStep | mode=Repetition | presentation=Motion | holdFrame=0 | side=Alternating | direction=None | blocks=[37:None:None:False:Full] | sessionMovement= | insect=Compatible | hardFloor=Compatible","The complete packaged loop demonstrates Side Shuffle as named.","None.","Full-loop review found the name, demand, anatomy, structure, and packaged media coherent.","PASS","PASS","PASS","PASS","PASS","PASS","PASS or not applicable","PASS"
"41","PASS","Alternating Reverse Lunge with Knee Drive","Alternating Reverse Lunge with Knee Drive","name=Alternating Reverse Lunge with Knee Drive | demand=2 | primary=GlutealExtensors | secondary=[PosteriorThighAndKneeFlexors;MedialAndDeepKneeExtensors;LateralKneeExtensors;HipFlexors;HipAbductors;AbdominalWall;CalfDeepPosteriorLegAndPlantarFoot] | practice=Bodyweight conditioning | motion=ReverseLungeKneeDrive | mode=Repetition | presentation=Motion | holdFrame=0 | side=Alternating | direction=None | blocks=[41:None:None:False:Full] | sessionMovement= | insect=Compatible | hardFloor=Compatible","name=Alternating Reverse Lunge with Knee Drive | demand=2 | primary=GlutealExtensors | secondary=[PosteriorThighAndKneeFlexors;MedialAndDeepKneeExtensors;LateralKneeExtensors;HipFlexors;HipAbductors;AbdominalWall;CalfDeepPosteriorLegAndPlantarFoot] | practice=Bodyweight conditioning | motion=ReverseLungeKneeDrive | mode=Repetition | presentation=Motion | holdFrame=0 | side=Alternating | direction=None | blocks=[41:None:None:False:Full] | sessionMovement= | insect=Compatible | hardFloor=Compatible","The complete packaged loop demonstrates Alternating Reverse Lunge with Knee Drive as named.","None.","Full-loop review found the name, demand, anatomy, structure, and packaged media coherent.","PASS","PASS","PASS","PASS","PASS","PASS","PASS or not applicable","PASS"
"47","PASS","Tandem-Stance Head Turns","Tandem-Stance Head Turns","name=Tandem-Stance Head Turns | demand=0 | primary=AnteriorLateralNeckAndHyoidMuscles | secondary=[PosteriorNeckAndSuboccipitalMuscles;DeepAndIntersegmentalBack;AnteriorLateralLowerLegAndDorsalFoot] | practice=Balance and vestibular training | motion=TandemHeadTurn | mode=Repetition | presentation=Motion | holdFrame=0 | side=ScreenRightThenLeft | direction=None | blocks=[47:ScreenRight:None:False:Full;47:ScreenLeft:None:True:Full] | sessionMovement= | insect=Incompatible | hardFloor=Compatible","name=Tandem-Stance Head Turns | demand=0 | primary=AnteriorLateralNeckAndHyoidMuscles | secondary=[PosteriorNeckAndSuboccipitalMuscles;DeepAndIntersegmentalBack;AnteriorLateralLowerLegAndDorsalFoot] | practice=Balance and vestibular training | motion=TandemHeadTurn | mode=Repetition | presentation=Motion | holdFrame=0 | side=ScreenRightThenLeft | direction=None | blocks=[47:ScreenRight:None:False:Full;47:ScreenLeft:None:True:Full] | sessionMovement= | insect=Incompatible | hardFloor=Compatible","The complete packaged loop demonstrates Tandem-Stance Head Turns as named.","None.","Full-loop review found the name, demand, anatomy, structure, and packaged media coherent.","PASS","PASS","PASS","PASS","PASS","PASS","PASS or not applicable","PASS"
"56","PASS","Shibashi Shallow Squat with Arm Float","Shibashi Shallow Squat with Arm Float","name=Shibashi Shallow Squat with Arm Float | demand=1 | primary=LateralKneeExtensors | secondary=[MedialAndDeepKneeExtensors;AbdominalWall;ShoulderAbductors] | practice=Taiji Qigong Shibashi | motion=SquatArmRaise | mode=Repetition | presentation=Motion | holdFrame=0 | side=Continuous | direction=None | blocks=[56:None:None:False:Full] | sessionMovement= | insect=Incompatible | hardFloor=Compatible","name=Shibashi Shallow Squat with Arm Float | demand=1 | primary=LateralKneeExtensors | secondary=[MedialAndDeepKneeExtensors;AbdominalWall;ShoulderAbductors] | practice=Taiji Qigong Shibashi | motion=SquatArmRaise | mode=Repetition | presentation=Motion | holdFrame=0 | side=Continuous | direction=None | blocks=[56:None:None:False:Full] | sessionMovement= | insect=Incompatible | hardFloor=Compatible","The complete packaged loop demonstrates Shibashi Shallow Squat with Arm Float as named.","None.","Full-loop review found the name, demand, anatomy, structure, and packaged media coherent.","PASS","PASS","PASS","PASS","PASS","PASS","PASS or not applicable","PASS"
"58","CORRECTED","Bhangra Chaal","Bhangra Chaal","name=Bhangra Chaal | demand=1 | primary=AnteriorLateralLowerLegAndDorsalFoot | secondary=[HipFlexors;MedialAndDeepKneeExtensors;LateralKneeExtensors;CalfDeepPosteriorLegAndPlantarFoot;ShoulderAbductors] | practice=Bhangra | motion=WalkingStep | mode=Repetition | presentation=Motion | holdFrame=0 | side=ScreenLeftThenRight | direction=None | blocks=[58:ScreenLeft:None:False:Full;58:ScreenRight:None:True:Full] | sessionMovement= | insect=Compatible | hardFloor=Compatible","name=Bhangra Chaal | demand=1 | primary=AnteriorLateralLowerLegAndDorsalFoot | secondary=[HipFlexors;MedialAndDeepKneeExtensors;LateralKneeExtensors;CalfDeepPosteriorLegAndPlantarFoot;ShoulderAbductors;PelvicFloorAndPerineum] | practice=Bhangra | motion=WalkingStep | mode=Repetition | presentation=Motion | holdFrame=0 | side=ScreenLeftThenRight | direction=None | blocks=[58:ScreenLeft:None:False:Full;58:ScreenRight:None:True:Full] | sessionMovement= | insect=Compatible | hardFloor=Compatible","The complete packaged loop demonstrates Bhangra Chaal as named.","secondaryCanonicalGroups: [""HipFlexors"",""MedialAndDeepKneeExtensors"",""LateralKneeExtensors"",""CalfDeepPosteriorLegAndPlantarFoot"",""ShoulderAbductors""] => [""HipFlexors"",""MedialAndDeepKneeExtensors"",""LateralKneeExtensors"",""CalfDeepPosteriorLegAndPlantarFoot"",""ShoulderAbductors"",""PelvicFloorAndPerineum""]","Associations were trimmed to meaningful visible mechanics; pelvic-floor involvement is retained only as evidence-supported secondary work for gait, single-leg support, or impact.","PASS","PASS","PASS","PASS","PASS","PASS","PASS or not applicable","PASS"
"59","PASS","Shibashi Side Shift with Rainbow Reach","Shibashi Side Shift with Rainbow Reach","name=Shibashi Side Shift with Rainbow Reach | demand=0 | primary=DeepAndIntersegmentalBack | secondary=[ShoulderAbductors;HipAbductors;AccessoryHipAdductors;AbdominalWall] | practice=Taiji Qigong Shibashi | motion=SideReach | mode=Repetition | presentation=Motion | holdFrame=0 | side=Alternating | direction=None | blocks=[59:None:None:False:Full] | sessionMovement= | insect=Incompatible | hardFloor=Compatible","name=Shibashi Side Shift with Rainbow Reach | demand=0 | primary=DeepAndIntersegmentalBack | secondary=[ShoulderAbductors;HipAbductors;AccessoryHipAdductors;AbdominalWall] | practice=Taiji Qigong Shibashi | motion=SideReach | mode=Repetition | presentation=Motion | holdFrame=0 | side=Alternating | direction=None | blocks=[59:None:None:False:Full] | sessionMovement= | insect=Incompatible | hardFloor=Compatible","The complete packaged loop demonstrates Shibashi Side Shift with Rainbow Reach as named.","None.","Full-loop review found the name, demand, anatomy, structure, and packaged media coherent.","PASS","PASS","PASS","PASS","PASS","PASS","PASS or not applicable","PASS"
"60","PASS","Low-Impact Skater Step","Low-Impact Skater Step","name=Low-Impact Skater Step | demand=1 | primary=HipAbductors | secondary=[GlutealExtensors;PosteriorThighAndKneeFlexors;LateralKneeExtensors;CalfDeepPosteriorLegAndPlantarFoot;AnteriorLateralLowerLegAndDorsalFoot] | practice=Low-impact aerobics | motion=WalkingStep | mode=Repetition | presentation=Motion | holdFrame=0 | side=Alternating | direction=None | blocks=[60:None:None:False:Full] | sessionMovement= | insect=Compatible | hardFloor=Compatible","name=Low-Impact Skater Step | demand=1 | primary=HipAbductors | secondary=[GlutealExtensors;PosteriorThighAndKneeFlexors;LateralKneeExtensors;CalfDeepPosteriorLegAndPlantarFoot;AnteriorLateralLowerLegAndDorsalFoot] | practice=Low-impact aerobics | motion=WalkingStep | mode=Repetition | presentation=Motion | holdFrame=0 | side=Alternating | direction=None | blocks=[60:None:None:False:Full] | sessionMovement= | insect=Compatible | hardFloor=Compatible","The complete packaged loop demonstrates Low-Impact Skater Step as named.","None.","Full-loop review found the name, demand, anatomy, structure, and packaged media coherent.","PASS","PASS","PASS","PASS","PASS","PASS","PASS or not applicable","PASS"
"92","CORRECTED","Capoeira Ginga","Capoeira Ginga","name=Capoeira Ginga | demand=1 | primary=GlutealExtensors | secondary=[MedialAndDeepKneeExtensors;LateralKneeExtensors;HipAbductors] | practice=Capoeira | motion=WalkingStep | mode=Repetition | presentation=Motion | holdFrame=0 | side=Alternating | direction=None | blocks=[92:None:None:False:Full] | sessionMovement= | insect=Compatible | hardFloor=Compatible","name=Capoeira Ginga | demand=1 | primary=GlutealExtensors | secondary=[MedialAndDeepKneeExtensors;LateralKneeExtensors;HipAbductors;PelvicFloorAndPerineum] | practice=Capoeira | motion=WalkingStep | mode=Repetition | presentation=Motion | holdFrame=0 | side=Alternating | direction=None | blocks=[92:None:None:False:Full] | sessionMovement= | insect=Compatible | hardFloor=Compatible","The complete packaged loop demonstrates Capoeira Ginga as named.","secondaryCanonicalGroups: [""MedialAndDeepKneeExtensors"",""LateralKneeExtensors"",""HipAbductors""] => [""MedialAndDeepKneeExtensors"",""LateralKneeExtensors"",""HipAbductors"",""PelvicFloorAndPerineum""]","Associations were trimmed to meaningful visible mechanics; pelvic-floor involvement is retained only as evidence-supported secondary work for gait, single-leg support, or impact.","PASS","PASS","PASS","PASS","PASS","PASS","PASS or not applicable","PASS"
"93","PASS","Capoeira Esquiva Lateral","Capoeira Esquiva Lateral","name=Capoeira Esquiva Lateral | demand=2 | primary=LateralKneeExtensors | secondary=[GlutealExtensors;HipAbductors;MajorHipAdductors] | practice=Capoeira | motion=WalkingStep | mode=Repetition | presentation=Motion | holdFrame=0 | side=Alternating | direction=None | blocks=[93:None:None:False:Full] | sessionMovement= | insect=Compatible | hardFloor=Compatible","name=Capoeira Esquiva Lateral | demand=2 | primary=LateralKneeExtensors | secondary=[GlutealExtensors;HipAbductors;MajorHipAdductors] | practice=Capoeira | motion=WalkingStep | mode=Repetition | presentation=Motion | holdFrame=0 | side=Alternating | direction=None | blocks=[93:None:None:False:Full] | sessionMovement= | insect=Compatible | hardFloor=Compatible","The complete packaged loop demonstrates Capoeira Esquiva Lateral as named.","None.","Full-loop review found the name, demand, anatomy, structure, and packaged media coherent.","PASS","PASS","PASS","PASS","PASS","PASS","PASS or not applicable","PASS"
"94","PASS","Lateral Weight Shift","Lateral Weight Shift","name=Lateral Weight Shift | demand=0 | primary=HipAbductors | secondary=[GlutealExtensors;MajorHipAdductors;AccessoryHipAdductors;CalfDeepPosteriorLegAndPlantarFoot;Soleus;AbdominalWall] | practice=Standing balance training | motion=LateralWeightShift | mode=Repetition | presentation=Motion | holdFrame=0 | side=Continuous | direction=None | blocks=[94:None:None:False:Full] | sessionMovement= | insect=Incompatible | hardFloor=Compatible","name=Lateral Weight Shift | demand=0 | primary=HipAbductors | secondary=[GlutealExtensors;MajorHipAdductors;AccessoryHipAdductors;CalfDeepPosteriorLegAndPlantarFoot;Soleus;AbdominalWall] | practice=Standing balance training | motion=LateralWeightShift | mode=Repetition | presentation=Motion | holdFrame=0 | side=Continuous | direction=None | blocks=[94:None:None:False:Full] | sessionMovement= | insect=Incompatible | hardFloor=Compatible","The complete packaged loop demonstrates Lateral Weight Shift as named.","None.","Full-loop review found the name, demand, anatomy, structure, and packaged media coherent.","PASS","PASS","PASS","PASS","PASS","PASS","PASS or not applicable","PASS"
"95","CORRECTED","Single-Leg Pelvic Control","Single-Leg Knee-Raise Hold","name=Single-Leg Pelvic Control | demand=1 | primary=HipAbductors | secondary=[GlutealExtensors;DeepHipRotators;HipFlexors;AbdominalWall;CalfDeepPosteriorLegAndPlantarFoot;Soleus] | practice=Single-leg balance training | motion=SingleLegPelvicControl | mode=Repetition | presentation=Motion | holdFrame=0 | side=ScreenLeftThenRight | direction=None | blocks=[95:ScreenLeft:None:False:Full;95:ScreenRight:None:True:Full] | sessionMovement= | insect=Compatible | hardFloor=Compatible","name=Single-Leg Knee-Raise Hold | demand=1 | primary=HipFlexors | secondary=[AbdominalWall;CalfDeepPosteriorLegAndPlantarFoot;Soleus] | practice=Standing balance isometrics | motion=KneeRaiseHold | mode=Hold | presentation=Still | holdFrame=60 | side=ScreenLeftThenRight | direction=None | blocks=[95:ScreenLeft:None:False:Full;95:ScreenRight:None:True:Full] | sessionMovement= | insect=Incompatible | hardFloor=Compatible","A planted single-leg balance with one knee raised and held; the pelvis is not visibly moved through repetitions.","holdFramePercent: 0 => 60 | insectCompatibility: Compatible => Incompatible | mode: Repetition => Hold | motionProfile: SingleLegPelvicControl => KneeRaiseHold | name: Single-Leg Pelvic Control => Single-Leg Knee-Raise Hold | practice: Single-leg balance training => Standing balance isometrics | presentation: Motion => Still | primaryCanonicalGroup: HipAbductors => HipFlexors | secondaryCanonicalGroups: [""GlutealExtensors"",""DeepHipRotators"",""HipFlexors"",""AbdominalWall"",""CalfDeepPosteriorLegAndPlantarFoot"",""Soleus""] => [""AbdominalWall"",""CalfDeepPosteriorLegAndPlantarFoot"",""Soleus""]","The loop shows an isometric knee-raised balance, not repeated pelvic control; mode, still frame, anatomy, sound, and name now follow the visible hold.","PASS","PASS","PASS","PASS","PASS","PASS","PASS: corrected still endpoint at 60%","PASS"
"96","PASS","Dynamic Figure-Four Squat Balance","Dynamic Figure-Four Squat Balance","name=Dynamic Figure-Four Squat Balance | demand=2 | primary=DeepHipRotators | secondary=[GlutealExtensors;HipAbductors;MedialAndDeepKneeExtensors;LateralKneeExtensors;CalfDeepPosteriorLegAndPlantarFoot] | practice=Balance training | motion=HipOpenClose | mode=Repetition | presentation=Motion | holdFrame=0 | side=ScreenLeftThenRight | direction=None | blocks=[96:ScreenLeft:None:False:Full;96:ScreenRight:None:True:Full;540:None:None:False:Full] | sessionMovement= | insect=Compatible | hardFloor=Compatible","name=Dynamic Figure-Four Squat Balance | demand=2 | primary=DeepHipRotators | secondary=[GlutealExtensors;HipAbductors;MedialAndDeepKneeExtensors;LateralKneeExtensors;CalfDeepPosteriorLegAndPlantarFoot] | practice=Balance training | motion=HipOpenClose | mode=Repetition | presentation=Motion | holdFrame=0 | side=ScreenLeftThenRight | direction=None | blocks=[96:ScreenLeft:None:False:Full;96:ScreenRight:None:True:Full;540:None:None:False:Full] | sessionMovement= | insect=Compatible | hardFloor=Compatible","The complete packaged loop demonstrates Dynamic Figure-Four Squat Balance as named.","None.","Full-loop review found the name, demand, anatomy, structure, and packaged media coherent.","PASS","PASS","PASS","PASS","PASS","PASS","PASS or not applicable","PASS"
"97","PASS","Standing Side-Kick Reach","Standing Side-Kick Reach","name=Standing Side-Kick Reach | demand=1 | primary=AnteriorLateralLowerLegAndDorsalFoot | secondary=[CalfDeepPosteriorLegAndPlantarFoot;Soleus] | practice=Balance training | motion=SideKickReach | mode=Repetition | presentation=Motion | holdFrame=0 | side=ScreenRightThenLeft | direction=None | blocks=[97:ScreenRight:None:False:Full;97:ScreenLeft:None:True:Full] | sessionMovement= | insect=Compatible | hardFloor=Compatible","name=Standing Side-Kick Reach | demand=1 | primary=AnteriorLateralLowerLegAndDorsalFoot | secondary=[CalfDeepPosteriorLegAndPlantarFoot;Soleus] | practice=Balance training | motion=SideKickReach | mode=Repetition | presentation=Motion | holdFrame=0 | side=ScreenRightThenLeft | direction=None | blocks=[97:ScreenRight:None:False:Full;97:ScreenLeft:None:True:Full] | sessionMovement= | insect=Compatible | hardFloor=Compatible","The complete packaged loop demonstrates Standing Side-Kick Reach as named.","None.","Full-loop review found the name, demand, anatomy, structure, and packaged media coherent.","PASS","PASS","PASS","PASS","PASS","PASS","PASS or not applicable","PASS"
"98","PASS","Shibashi Side Shift with Overhead Scoop","Shibashi Side Shift with Overhead Scoop","name=Shibashi Side Shift with Overhead Scoop | demand=0 | primary=ShoulderAbductors | secondary=[ScapularGirdle;HipAbductors;AccessoryHipAdductors;AbdominalWall] | practice=Taiji Qigong Shibashi | motion=OverheadScoop | mode=Repetition | presentation=Motion | holdFrame=0 | side=Alternating | direction=None | blocks=[98:None:None:False:Full] | sessionMovement= | insect=Incompatible | hardFloor=Compatible","name=Shibashi Side Shift with Overhead Scoop | demand=0 | primary=ShoulderAbductors | secondary=[ScapularGirdle;HipAbductors;AccessoryHipAdductors;AbdominalWall] | practice=Taiji Qigong Shibashi | motion=OverheadScoop | mode=Repetition | presentation=Motion | holdFrame=0 | side=Alternating | direction=None | blocks=[98:None:None:False:Full] | sessionMovement= | insect=Incompatible | hardFloor=Compatible","The complete packaged loop demonstrates Shibashi Side Shift with Overhead Scoop as named.","None.","Full-loop review found the name, demand, anatomy, structure, and packaged media coherent.","PASS","PASS","PASS","PASS","PASS","PASS","PASS or not applicable","PASS"
"99","PASS","Bent-Knee Front-to-Back Leg Swing","Bent-Knee Front-to-Back Leg Swing","name=Bent-Knee Front-to-Back Leg Swing | demand=1 | primary=HipFlexors | secondary=[GlutealExtensors;PosteriorThighAndKneeFlexors;HipAbductors;AbdominalWall;CalfDeepPosteriorLegAndPlantarFoot;Soleus] | practice=Dynamic leg mobility | motion=BentKneeFrontBackLegSwing | mode=Repetition | presentation=Motion | holdFrame=0 | side=ScreenLeftThenRight | direction=None | blocks=[99:ScreenLeft:None:False:Full;99:ScreenRight:None:True:Full] | sessionMovement= | insect=Compatible | hardFloor=Compatible","name=Bent-Knee Front-to-Back Leg Swing | demand=1 | primary=HipFlexors | secondary=[GlutealExtensors;PosteriorThighAndKneeFlexors;HipAbductors;AbdominalWall;CalfDeepPosteriorLegAndPlantarFoot;Soleus] | practice=Dynamic leg mobility | motion=BentKneeFrontBackLegSwing | mode=Repetition | presentation=Motion | holdFrame=0 | side=ScreenLeftThenRight | direction=None | blocks=[99:ScreenLeft:None:False:Full;99:ScreenRight:None:True:Full] | sessionMovement= | insect=Compatible | hardFloor=Compatible","The complete packaged loop demonstrates Bent-Knee Front-to-Back Leg Swing as named.","None.","Full-loop review found the name, demand, anatomy, structure, and packaged media coherent.","PASS","PASS","PASS","PASS","PASS","PASS","PASS or not applicable","PASS"
"100","PASS","Bent-Knee Leg Swing with Pause","Bent-Knee Leg Swing with Pause","name=Bent-Knee Leg Swing with Pause | demand=1 | primary=HipFlexors | secondary=[GlutealExtensors;PosteriorThighAndKneeFlexors;HipAbductors;AbdominalWall;CalfDeepPosteriorLegAndPlantarFoot;Soleus] | practice=Dynamic balance training | motion=PausedBentKneeFrontBackLegSwing | mode=Repetition | presentation=Motion | holdFrame=0 | side=ScreenLeftThenRight | direction=None | blocks=[100:ScreenLeft:None:False:Full;100:ScreenRight:None:True:Full] | sessionMovement= | insect=Compatible | hardFloor=Compatible","name=Bent-Knee Leg Swing with Pause | demand=1 | primary=HipFlexors | secondary=[GlutealExtensors;PosteriorThighAndKneeFlexors;HipAbductors;AbdominalWall;CalfDeepPosteriorLegAndPlantarFoot;Soleus] | practice=Dynamic balance training | motion=PausedBentKneeFrontBackLegSwing | mode=Repetition | presentation=Motion | holdFrame=0 | side=ScreenLeftThenRight | direction=None | blocks=[100:ScreenLeft:None:False:Full;100:ScreenRight:None:True:Full] | sessionMovement= | insect=Compatible | hardFloor=Compatible","The complete packaged loop demonstrates Bent-Knee Leg Swing with Pause as named.","None.","Full-loop review found the name, demand, anatomy, structure, and packaged media coherent.","PASS","PASS","PASS","PASS","PASS","PASS","PASS or not applicable","PASS"
"101","PASS","Bodyweight Squat","Bodyweight Squat","name=Bodyweight Squat | demand=2 | primary=MedialAndDeepKneeExtensors | secondary=[LateralKneeExtensors;GlutealExtensors] | practice=Bodyweight conditioning | motion=Squat | mode=Repetition | presentation=Motion | holdFrame=0 | side=Continuous | direction=None | blocks=[101:None:None:False:Full] | sessionMovement= | insect=Compatible | hardFloor=Compatible","name=Bodyweight Squat | demand=2 | primary=MedialAndDeepKneeExtensors | secondary=[LateralKneeExtensors;GlutealExtensors] | practice=Bodyweight conditioning | motion=Squat | mode=Repetition | presentation=Motion | holdFrame=0 | side=Continuous | direction=None | blocks=[101:None:None:False:Full] | sessionMovement= | insect=Compatible | hardFloor=Compatible","The complete packaged loop demonstrates Bodyweight Squat as named.","None.","Full-loop review found the name, demand, anatomy, structure, and packaged media coherent.","PASS","PASS","PASS","PASS","PASS","PASS","PASS or not applicable","PASS"
"102","PASS","Squat with Overhead Arm Sweep","Squat with Overhead Arm Sweep","name=Squat with Overhead Arm Sweep | demand=2 | primary=LateralKneeExtensors | secondary=[MedialAndDeepKneeExtensors;GlutealExtensors;HipAbductors;ShoulderAbductors;ScapularGirdle] | practice=Bodyweight conditioning | motion=Squat | mode=Repetition | presentation=Motion | holdFrame=0 | side=Continuous | direction=None | blocks=[102:None:None:False:Full] | sessionMovement= | insect=Compatible | hardFloor=Compatible","name=Squat with Overhead Arm Sweep | demand=2 | primary=LateralKneeExtensors | secondary=[MedialAndDeepKneeExtensors;GlutealExtensors;HipAbductors;ShoulderAbductors;ScapularGirdle] | practice=Bodyweight conditioning | motion=Squat | mode=Repetition | presentation=Motion | holdFrame=0 | side=Continuous | direction=None | blocks=[102:None:None:False:Full] | sessionMovement= | insect=Compatible | hardFloor=Compatible","The complete packaged loop demonstrates Squat with Overhead Arm Sweep as named.","None.","Full-loop review found the name, demand, anatomy, structure, and packaged media coherent.","PASS","PASS","PASS","PASS","PASS","PASS","PASS or not applicable","PASS"
"103","PASS","Wide Squat Pulse","Wide Squat Pulse","name=Wide Squat Pulse | demand=2 | primary=MajorHipAdductors | secondary=[MedialAndDeepKneeExtensors;LateralKneeExtensors;GlutealExtensors] | practice=Bodyweight conditioning | motion=Squat | mode=Repetition | presentation=Motion | holdFrame=0 | side=Continuous | direction=None | blocks=[103:None:None:False:Full] | sessionMovement= | insect=Incompatible | hardFloor=Compatible","name=Wide Squat Pulse | demand=2 | primary=MajorHipAdductors | secondary=[MedialAndDeepKneeExtensors;LateralKneeExtensors;GlutealExtensors] | practice=Bodyweight conditioning | motion=Squat | mode=Repetition | presentation=Motion | holdFrame=0 | side=Continuous | direction=None | blocks=[103:None:None:False:Full] | sessionMovement= | insect=Incompatible | hardFloor=Compatible","The complete packaged loop demonstrates Wide Squat Pulse as named.","None.","Full-loop review found the name, demand, anatomy, structure, and packaged media coherent.","PASS","PASS","PASS","PASS","PASS","PASS","PASS or not applicable","PASS"
"104","CORRECTED","Sumo Squat","Sumo Squat","name=Sumo Squat | demand=2 | primary=MajorHipAdductors | secondary=[MedialAndDeepKneeExtensors;LateralKneeExtensors;GlutealExtensors;PelvicFloorAndPerineum] | practice=Bodyweight conditioning | motion=Squat | mode=Repetition | presentation=Motion | holdFrame=0 | side=Continuous | direction=None | blocks=[104:None:None:False:Full;626:None:None:False:Full] | sessionMovement=104 | insect=Compatible | hardFloor=Compatible","name=Sumo Squat | demand=2 | primary=MajorHipAdductors | secondary=[MedialAndDeepKneeExtensors;LateralKneeExtensors;GlutealExtensors] | practice=Bodyweight conditioning | motion=Squat | mode=Repetition | presentation=Motion | holdFrame=0 | side=Continuous | direction=None | blocks=[104:None:None:False:Full;626:None:None:False:Full] | sessionMovement=104 | insect=Compatible | hardFloor=Compatible","The complete packaged loop demonstrates Sumo Squat as named.","secondaryCanonicalGroups: [""MedialAndDeepKneeExtensors"",""LateralKneeExtensors"",""GlutealExtensors"",""PelvicFloorAndPerineum""] => [""MedialAndDeepKneeExtensors"",""LateralKneeExtensors"",""GlutealExtensors""]","The full loop supports the named movement, but inherited or duplicative secondary associations were removed so only meaningful involvement remains.","PASS","PASS","PASS","PASS","PASS","PASS","PASS or not applicable","PASS"
"105","CORRECTED","Wide Turned-Out Squat","Wide Turned-Out Squat","name=Wide Turned-Out Squat | demand=2 | primary=AccessoryHipAdductors | secondary=[MajorHipAdductors;MedialAndDeepKneeExtensors;LateralKneeExtensors;GlutealExtensors;DeepHipRotators;PelvicFloorAndPerineum] | practice=Bodyweight conditioning | motion=Squat | mode=Repetition | presentation=Motion | holdFrame=0 | side=Continuous | direction=None | blocks=[105:None:None:False:Full] | sessionMovement= | insect=Compatible | hardFloor=Compatible","name=Wide Turned-Out Squat | demand=2 | primary=AccessoryHipAdductors | secondary=[MajorHipAdductors;MedialAndDeepKneeExtensors;LateralKneeExtensors;GlutealExtensors;DeepHipRotators] | practice=Bodyweight conditioning | motion=Squat | mode=Repetition | presentation=Motion | holdFrame=0 | side=Continuous | direction=None | blocks=[105:None:None:False:Full] | sessionMovement= | insect=Compatible | hardFloor=Compatible","The complete packaged loop demonstrates Wide Turned-Out Squat as named.","secondaryCanonicalGroups: [""MajorHipAdductors"",""MedialAndDeepKneeExtensors"",""LateralKneeExtensors"",""GlutealExtensors"",""DeepHipRotators"",""PelvicFloorAndPerineum""] => [""MajorHipAdductors"",""MedialAndDeepKneeExtensors"",""LateralKneeExtensors"",""GlutealExtensors"",""DeepHipRotators""]","The full loop supports the named movement, but inherited or duplicative secondary associations were removed so only meaningful involvement remains.","PASS","PASS","PASS","PASS","PASS","PASS","PASS or not applicable","PASS"
"107","CORRECTED","Wide Plie Squats","Wide Plie Squats","name=Wide Plie Squats | demand=2 | primary=MedialAndDeepKneeExtensors | secondary=[LateralKneeExtensors;GlutealExtensors;PelvicFloorAndPerineum] | practice=Ballet conditioning | motion=PlieSquat | mode=Repetition | presentation=Motion | holdFrame=0 | side=Continuous | direction=None | blocks=[107:None:None:False:Full] | sessionMovement= | insect=Compatible | hardFloor=Compatible","name=Wide Plie Squats | demand=2 | primary=MedialAndDeepKneeExtensors | secondary=[LateralKneeExtensors;GlutealExtensors] | practice=Ballet conditioning | motion=PlieSquat | mode=Repetition | presentation=Motion | holdFrame=0 | side=Continuous | direction=None | blocks=[107:None:None:False:Full] | sessionMovement= | insect=Compatible | hardFloor=Compatible","The complete packaged loop demonstrates Wide Plie Squats as named.","secondaryCanonicalGroups: [""LateralKneeExtensors"",""GlutealExtensors"",""PelvicFloorAndPerineum""] => [""LateralKneeExtensors"",""GlutealExtensors""]","The full loop supports the named movement, but inherited or duplicative secondary associations were removed so only meaningful involvement remains.","PASS","PASS","PASS","PASS","PASS","PASS","PASS or not applicable","PASS"
"108","CORRECTED","Second-Position Plié with Arm Sweep","Second-Position Plié with Arm Sweep","name=Second-Position Plié with Arm Sweep | demand=2 | primary=AccessoryHipAdductors | secondary=[MajorHipAdductors;MedialAndDeepKneeExtensors;LateralKneeExtensors;GlutealExtensors;ShoulderAbductors;ScapularGirdle;RotatorCuff;PelvicFloorAndPerineum] | practice=Ballet | motion=LegBalance | mode=Repetition | presentation=Motion | holdFrame=0 | side=Continuous | direction=None | blocks=[108:None:None:False:Full] | sessionMovement= | insect=Compatible | hardFloor=Compatible","name=Second-Position Plié with Arm Sweep | demand=2 | primary=AccessoryHipAdductors | secondary=[MajorHipAdductors;MedialAndDeepKneeExtensors;LateralKneeExtensors;GlutealExtensors;ShoulderAbductors;ScapularGirdle;RotatorCuff] | practice=Ballet | motion=LegBalance | mode=Repetition | presentation=Motion | holdFrame=0 | side=Continuous | direction=None | blocks=[108:None:None:False:Full] | sessionMovement= | insect=Compatible | hardFloor=Compatible","The complete packaged loop demonstrates Second-Position Plié with Arm Sweep as named.","secondaryCanonicalGroups: [""MajorHipAdductors"",""MedialAndDeepKneeExtensors"",""LateralKneeExtensors"",""GlutealExtensors"",""ShoulderAbductors"",""ScapularGirdle"",""RotatorCuff"",""PelvicFloorAndPerineum""] => [""MajorHipAdductors"",""MedialAndDeepKneeExtensors"",""LateralKneeExtensors"",""GlutealExtensors"",""ShoulderAbductors"",""ScapularGirdle"",""RotatorCuff""]","The full loop supports the named movement, but inherited or duplicative secondary associations were removed so only meaningful involvement remains.","PASS","PASS","PASS","PASS","PASS","PASS","PASS or not applicable","PASS"
"109","CORRECTED","One-and-a-Half Sumo Squat","One-and-a-Half Sumo Squat","name=One-and-a-Half Sumo Squat | demand=2 | primary=MajorHipAdductors | secondary=[MedialAndDeepKneeExtensors;LateralKneeExtensors;GlutealExtensors;PelvicFloorAndPerineum] | practice=Bodyweight conditioning | motion=Squat | mode=Repetition | presentation=Motion | holdFrame=0 | side=Continuous | direction=None | blocks=[109:None:None:False:Full] | sessionMovement= | insect=Compatible | hardFloor=Compatible","name=One-and-a-Half Sumo Squat | demand=2 | primary=MajorHipAdductors | secondary=[MedialAndDeepKneeExtensors;LateralKneeExtensors;GlutealExtensors] | practice=Bodyweight conditioning | motion=Squat | mode=Repetition | presentation=Motion | holdFrame=0 | side=Continuous | direction=None | blocks=[109:None:None:False:Full] | sessionMovement= | insect=Compatible | hardFloor=Compatible","The complete packaged loop demonstrates One-and-a-Half Sumo Squat as named.","secondaryCanonicalGroups: [""MedialAndDeepKneeExtensors"",""LateralKneeExtensors"",""GlutealExtensors"",""PelvicFloorAndPerineum""] => [""MedialAndDeepKneeExtensors"",""LateralKneeExtensors"",""GlutealExtensors""]","The full loop supports the named movement, but inherited or duplicative secondary associations were removed so only meaningful involvement remains.","PASS","PASS","PASS","PASS","PASS","PASS","PASS or not applicable","PASS"
"110","PASS","Squat Pulse","Squat Pulse","name=Squat Pulse | demand=2 | primary=LateralKneeExtensors | secondary=[MedialAndDeepKneeExtensors;GlutealExtensors] | practice=Bodyweight conditioning | motion=Squat | mode=Repetition | presentation=Motion | holdFrame=0 | side=Continuous | direction=None | blocks=[110:None:None:False:Full] | sessionMovement= | insect=Incompatible | hardFloor=Compatible","name=Squat Pulse | demand=2 | primary=LateralKneeExtensors | secondary=[MedialAndDeepKneeExtensors;GlutealExtensors] | practice=Bodyweight conditioning | motion=Squat | mode=Repetition | presentation=Motion | holdFrame=0 | side=Continuous | direction=None | blocks=[110:None:None:False:Full] | sessionMovement= | insect=Incompatible | hardFloor=Compatible","The complete packaged loop demonstrates Squat Pulse as named.","None.","Full-loop review found the name, demand, anatomy, structure, and packaged media coherent.","PASS","PASS","PASS","PASS","PASS","PASS","PASS or not applicable","PASS"
"111","PASS","Rainbow Squat Thruster","Rainbow Squat Thruster","name=Rainbow Squat Thruster | demand=2 | primary=MedialAndDeepKneeExtensors | secondary=[LateralKneeExtensors;GlutealExtensors;ShoulderAbductors] | practice=Bodyweight conditioning | motion=Squat | mode=Repetition | presentation=Motion | holdFrame=0 | side=Continuous | direction=None | blocks=[111:None:None:False:Full] | sessionMovement= | insect=Compatible | hardFloor=Compatible","name=Rainbow Squat Thruster | demand=2 | primary=MedialAndDeepKneeExtensors | secondary=[LateralKneeExtensors;GlutealExtensors;ShoulderAbductors] | practice=Bodyweight conditioning | motion=Squat | mode=Repetition | presentation=Motion | holdFrame=0 | side=Continuous | direction=None | blocks=[111:None:None:False:Full] | sessionMovement= | insect=Compatible | hardFloor=Compatible","The complete packaged loop demonstrates Rainbow Squat Thruster as named.","None.","Full-loop review found the name, demand, anatomy, structure, and packaged media coherent.","PASS","PASS","PASS","PASS","PASS","PASS","PASS or not applicable","PASS"
"112","PASS","Wide Squat with Overhead Reach","Wide Squat with Overhead Reach","name=Wide Squat with Overhead Reach | demand=2 | primary=MajorHipAdductors | secondary=[MedialAndDeepKneeExtensors;LateralKneeExtensors;GlutealExtensors;ShoulderAbductors;ScapularGirdle] | practice=Bodyweight conditioning | motion=Squat | mode=Repetition | presentation=Motion | holdFrame=0 | side=Continuous | direction=None | blocks=[112:None:None:False:Full] | sessionMovement= | insect=Compatible | hardFloor=Compatible","name=Wide Squat with Overhead Reach | demand=2 | primary=MajorHipAdductors | secondary=[MedialAndDeepKneeExtensors;LateralKneeExtensors;GlutealExtensors;ShoulderAbductors;ScapularGirdle] | practice=Bodyweight conditioning | motion=Squat | mode=Repetition | presentation=Motion | holdFrame=0 | side=Continuous | direction=None | blocks=[112:None:None:False:Full] | sessionMovement= | insect=Compatible | hardFloor=Compatible","The complete packaged loop demonstrates Wide Squat with Overhead Reach as named.","None.","Full-loop review found the name, demand, anatomy, structure, and packaged media coherent.","PASS","PASS","PASS","PASS","PASS","PASS","PASS or not applicable","PASS"
"113","PASS","Bodyweight Overhead Squat","Bodyweight Overhead Squat","name=Bodyweight Overhead Squat | demand=2 | primary=LateralKneeExtensors | secondary=[MedialAndDeepKneeExtensors;GlutealExtensors;AbdominalWall;DeepAndIntersegmentalBack;ShoulderAbductors] | practice=Bodyweight conditioning | motion=Squat | mode=Repetition | presentation=Motion | holdFrame=0 | side=Continuous | direction=None | blocks=[113:None:None:False:Full;135:None:None:False:Full] | sessionMovement=113 | insect=Compatible | hardFloor=Compatible","name=Bodyweight Overhead Squat | demand=2 | primary=LateralKneeExtensors | secondary=[MedialAndDeepKneeExtensors;GlutealExtensors;AbdominalWall;DeepAndIntersegmentalBack;ShoulderAbductors] | practice=Bodyweight conditioning | motion=Squat | mode=Repetition | presentation=Motion | holdFrame=0 | side=Continuous | direction=None | blocks=[113:None:None:False:Full;135:None:None:False:Full] | sessionMovement=113 | insect=Compatible | hardFloor=Compatible","The complete packaged loop demonstrates Bodyweight Overhead Squat as named.","None.","Full-loop review found the name, demand, anatomy, structure, and packaged media coherent.","PASS","PASS","PASS","PASS","PASS","PASS","PASS or not applicable","PASS"
"114","PASS","Hindu Squat","Hindu Squat","name=Hindu Squat | demand=2 | primary=MedialAndDeepKneeExtensors | secondary=[LateralKneeExtensors;GlutealExtensors;AbdominalWall] | practice=Bodyweight conditioning | motion=Squat | mode=Repetition | presentation=Motion | holdFrame=0 | side=Continuous | direction=None | blocks=[114:None:None:False:Full] | sessionMovement= | insect=Compatible | hardFloor=Compatible","name=Hindu Squat | demand=2 | primary=MedialAndDeepKneeExtensors | secondary=[LateralKneeExtensors;GlutealExtensors;AbdominalWall] | practice=Bodyweight conditioning | motion=Squat | mode=Repetition | presentation=Motion | holdFrame=0 | side=Continuous | direction=None | blocks=[114:None:None:False:Full] | sessionMovement= | insect=Compatible | hardFloor=Compatible","The complete packaged loop demonstrates Hindu Squat as named.","None.","Full-loop review found the name, demand, anatomy, structure, and packaged media coherent.","PASS","PASS","PASS","PASS","PASS","PASS","PASS or not applicable","PASS"
"115","PASS","Pistol Squat","Pistol Squat","name=Pistol Squat | demand=2 | primary=LateralKneeExtensors | secondary=[MedialAndDeepKneeExtensors;GlutealExtensors;HipFlexors;AbdominalWall;CalfDeepPosteriorLegAndPlantarFoot] | practice=Calisthenics | motion=SingleLegSquat | mode=Repetition | presentation=Motion | holdFrame=0 | side=ScreenLeftThenRight | direction=None | blocks=[115:ScreenLeft:None:False:Full;115:ScreenRight:None:True:Full;532:None:None:False:Full] | sessionMovement=115 | insect=Compatible | hardFloor=Compatible","name=Pistol Squat | demand=2 | primary=LateralKneeExtensors | secondary=[MedialAndDeepKneeExtensors;GlutealExtensors;HipFlexors;AbdominalWall;CalfDeepPosteriorLegAndPlantarFoot] | practice=Calisthenics | motion=SingleLegSquat | mode=Repetition | presentation=Motion | holdFrame=0 | side=ScreenLeftThenRight | direction=None | blocks=[115:ScreenLeft:None:False:Full;115:ScreenRight:None:True:Full;532:None:None:False:Full] | sessionMovement=115 | insect=Compatible | hardFloor=Compatible","The complete packaged loop demonstrates Pistol Squat as named.","None.","Full-loop review found the name, demand, anatomy, structure, and packaged media coherent.","PASS","PASS","PASS","PASS","PASS","PASS","PASS or not applicable","PASS"
"116","PASS","Alternating Cossack Squat","Alternating Cossack Squat","name=Alternating Cossack Squat | demand=2 | primary=MajorHipAdductors | secondary=[AccessoryHipAdductors;MedialAndDeepKneeExtensors;LateralKneeExtensors;GlutealExtensors;HipAbductors;DeepHipRotators] | practice=Bodyweight conditioning | motion=CossackSquat | mode=Repetition | presentation=Motion | holdFrame=0 | side=Alternating | direction=None | blocks=[116:None:None:False:Full] | sessionMovement= | insect=Compatible | hardFloor=Compatible","name=Alternating Cossack Squat | demand=2 | primary=MajorHipAdductors | secondary=[AccessoryHipAdductors;MedialAndDeepKneeExtensors;LateralKneeExtensors;GlutealExtensors;HipAbductors;DeepHipRotators] | practice=Bodyweight conditioning | motion=CossackSquat | mode=Repetition | presentation=Motion | holdFrame=0 | side=Alternating | direction=None | blocks=[116:None:None:False:Full] | sessionMovement= | insect=Compatible | hardFloor=Compatible","The complete packaged loop demonstrates Alternating Cossack Squat as named.","None.","Full-loop review found the name, demand, anatomy, structure, and packaged media coherent.","PASS","PASS","PASS","PASS","PASS","PASS","PASS or not applicable","PASS"
"117","PASS","Side-Lunge Hold","Side-Lunge Hold","name=Side-Lunge Hold | demand=2 | primary=LateralKneeExtensors | secondary=[MedialAndDeepKneeExtensors;GlutealExtensors;MajorHipAdductors;HipAbductors] | practice=Bodyweight isometrics | motion=SideLungeHold | mode=Hold | presentation=Still | holdFrame=5 | side=ScreenRightThenLeft | direction=None | blocks=[] | sessionMovement=117 | insect=Incompatible | hardFloor=Compatible","name=Side-Lunge Hold | demand=2 | primary=LateralKneeExtensors | secondary=[MedialAndDeepKneeExtensors;GlutealExtensors;MajorHipAdductors;HipAbductors] | practice=Bodyweight isometrics | motion=SideLungeHold | mode=Hold | presentation=Still | holdFrame=5 | side=ScreenRightThenLeft | direction=None | blocks=[] | sessionMovement=117 | insect=Incompatible | hardFloor=Compatible","The complete packaged loop demonstrates Side-Lunge Hold as named.","None.","Full-loop review found the name, demand, anatomy, structure, and packaged media coherent.","PASS","PASS","PASS","PASS","PASS","PASS","PASS or not applicable","PASS"
"118","PASS","Squat to Knee Drive","Squat to Knee Drive","name=Squat to Knee Drive | demand=2 | primary=MedialAndDeepKneeExtensors | secondary=[LateralKneeExtensors;GlutealExtensors;HipFlexors;AbdominalWall] | practice=Bodyweight conditioning | motion=Squat | mode=Repetition | presentation=Motion | holdFrame=0 | side=Alternating | direction=None | blocks=[118:None:None:False:Full] | sessionMovement= | insect=Compatible | hardFloor=Compatible","name=Squat to Knee Drive | demand=2 | primary=MedialAndDeepKneeExtensors | secondary=[LateralKneeExtensors;GlutealExtensors;HipFlexors;AbdominalWall] | practice=Bodyweight conditioning | motion=Squat | mode=Repetition | presentation=Motion | holdFrame=0 | side=Alternating | direction=None | blocks=[118:None:None:False:Full] | sessionMovement= | insect=Compatible | hardFloor=Compatible","The complete packaged loop demonstrates Squat to Knee Drive as named.","None.","Full-loop review found the name, demand, anatomy, structure, and packaged media coherent.","PASS","PASS","PASS","PASS","PASS","PASS","PASS or not applicable","PASS"
"119","CORRECTED","Tiptoe Walk","Tiptoe Walk","name=Tiptoe Walk | demand=1 | primary=CalfDeepPosteriorLegAndPlantarFoot | secondary=[Soleus;HipFlexors;AnteriorLateralLowerLegAndDorsalFoot;AbdominalWall] | practice=Standing mobility and movement practice | motion=LegBalance | mode=Repetition | presentation=Motion | holdFrame=0 | side=Alternating | direction=None | blocks=[119:None:None:False:Full] | sessionMovement= | insect=Compatible | hardFloor=Incompatible","name=Tiptoe Walk | demand=1 | primary=CalfDeepPosteriorLegAndPlantarFoot | secondary=[Soleus;HipFlexors;AnteriorLateralLowerLegAndDorsalFoot;AbdominalWall;PelvicFloorAndPerineum] | practice=Standing mobility and movement practice | motion=LegBalance | mode=Repetition | presentation=Motion | holdFrame=0 | side=Alternating | direction=None | blocks=[119:None:None:False:Full] | sessionMovement= | insect=Compatible | hardFloor=Incompatible","The complete packaged loop demonstrates Tiptoe Walk as named.","secondaryCanonicalGroups: [""Soleus"",""HipFlexors"",""AnteriorLateralLowerLegAndDorsalFoot"",""AbdominalWall""] => [""Soleus"",""HipFlexors"",""AnteriorLateralLowerLegAndDorsalFoot"",""AbdominalWall"",""PelvicFloorAndPerineum""]","Associations were trimmed to meaningful visible mechanics; pelvic-floor involvement is retained only as evidence-supported secondary work for gait, single-leg support, or impact.","PASS","PASS","PASS","PASS","PASS","PASS","PASS or not applicable","PASS"
"120","PASS","Split Squat Pulse","Split Squat Pulse","name=Split Squat Pulse | demand=2 | primary=MedialAndDeepKneeExtensors | secondary=[LateralKneeExtensors;GlutealExtensors;PosteriorThighAndKneeFlexors;CalfDeepPosteriorLegAndPlantarFoot;AbdominalWall] | practice=Bodyweight conditioning | motion=SplitSquatPulse | mode=Repetition | presentation=Motion | holdFrame=0 | side=ScreenRightThenLeft | direction=None | blocks=[120:ScreenRight:None:False:Full;120:ScreenLeft:None:True:Full;184:ScreenRight:None:False:Full;184:ScreenLeft:None:True:Full] | sessionMovement=120 | insect=Incompatible | hardFloor=Compatible","name=Split Squat Pulse | demand=2 | primary=MedialAndDeepKneeExtensors | secondary=[LateralKneeExtensors;GlutealExtensors;PosteriorThighAndKneeFlexors;CalfDeepPosteriorLegAndPlantarFoot;AbdominalWall] | practice=Bodyweight conditioning | motion=SplitSquatPulse | mode=Repetition | presentation=Motion | holdFrame=0 | side=ScreenRightThenLeft | direction=None | blocks=[120:ScreenRight:None:False:Full;120:ScreenLeft:None:True:Full;184:ScreenRight:None:False:Full;184:ScreenLeft:None:True:Full] | sessionMovement=120 | insect=Incompatible | hardFloor=Compatible","The complete packaged loop demonstrates Split Squat Pulse as named.","None.","Full-loop review found the name, demand, anatomy, structure, and packaged media coherent.","PASS","PASS","PASS","PASS","PASS","PASS","PASS or not applicable","PASS"
"121","PASS","Alternating Forward Lunge","Alternating Forward Lunge","name=Alternating Forward Lunge | demand=2 | primary=MedialAndDeepKneeExtensors | secondary=[LateralKneeExtensors;GlutealExtensors;HipFlexors] | practice=Bodyweight conditioning | motion=Lunge | mode=Repetition | presentation=Motion | holdFrame=0 | side=Alternating | direction=None | blocks=[121:None:None:False:Full] | sessionMovement= | insect=Compatible | hardFloor=Compatible","name=Alternating Forward Lunge | demand=2 | primary=MedialAndDeepKneeExtensors | secondary=[LateralKneeExtensors;GlutealExtensors;HipFlexors] | practice=Bodyweight conditioning | motion=Lunge | mode=Repetition | presentation=Motion | holdFrame=0 | side=Alternating | direction=None | blocks=[121:None:None:False:Full] | sessionMovement= | insect=Compatible | hardFloor=Compatible","The complete packaged loop demonstrates Alternating Forward Lunge as named.","None.","Full-loop review found the name, demand, anatomy, structure, and packaged media coherent.","PASS","PASS","PASS","PASS","PASS","PASS","PASS or not applicable","PASS"
"122","PASS","Alternating Reverse Lunge","Alternating Reverse Lunge","name=Alternating Reverse Lunge | demand=2 | primary=GlutealExtensors | secondary=[MedialAndDeepKneeExtensors;LateralKneeExtensors;HipFlexors] | practice=Bodyweight conditioning | motion=Lunge | mode=Repetition | presentation=Motion | holdFrame=0 | side=Alternating | direction=None | blocks=[122:None:None:False:Full] | sessionMovement= | insect=Compatible | hardFloor=Compatible","name=Alternating Reverse Lunge | demand=2 | primary=GlutealExtensors | secondary=[MedialAndDeepKneeExtensors;LateralKneeExtensors;HipFlexors] | practice=Bodyweight conditioning | motion=Lunge | mode=Repetition | presentation=Motion | holdFrame=0 | side=Alternating | direction=None | blocks=[122:None:None:False:Full] | sessionMovement= | insect=Compatible | hardFloor=Compatible","The complete packaged loop demonstrates Alternating Reverse Lunge as named.","None.","Full-loop review found the name, demand, anatomy, structure, and packaged media coherent.","PASS","PASS","PASS","PASS","PASS","PASS","PASS or not applicable","PASS"
"123","PASS","Lateral Lunge","Lateral Lunge","name=Lateral Lunge | demand=2 | primary=MajorHipAdductors | secondary=[MedialAndDeepKneeExtensors;LateralKneeExtensors;GlutealExtensors;HipAbductors] | practice=Bodyweight conditioning | motion=Lunge | mode=Repetition | presentation=Motion | holdFrame=0 | side=ScreenRightThenLeft | direction=None | blocks=[123:ScreenRight:None:False:Full;123:ScreenLeft:None:True:Full;117:ScreenRight:None:False:Full;117:ScreenLeft:None:True:Full;199:None:None:False:Full] | sessionMovement=117 | insect=Compatible | hardFloor=Compatible","name=Lateral Lunge | demand=2 | primary=MajorHipAdductors | secondary=[MedialAndDeepKneeExtensors;LateralKneeExtensors;GlutealExtensors;HipAbductors] | practice=Bodyweight conditioning | motion=Lunge | mode=Repetition | presentation=Motion | holdFrame=0 | side=ScreenRightThenLeft | direction=None | blocks=[123:ScreenRight:None:False:Full;123:ScreenLeft:None:True:Full;117:ScreenRight:None:False:Full;117:ScreenLeft:None:True:Full;199:None:None:False:Full] | sessionMovement=117 | insect=Compatible | hardFloor=Compatible","The complete packaged loop demonstrates Lateral Lunge as named.","None.","Full-loop review found the name, demand, anatomy, structure, and packaged media coherent.","PASS","PASS","PASS","PASS","PASS","PASS","PASS or not applicable","PASS"
"124","PASS","Alternating Curtsy Lunge with Side Crunch","Alternating Curtsy Lunge with Side Crunch","name=Alternating Curtsy Lunge with Side Crunch | demand=2 | primary=HipAbductors | secondary=[GlutealExtensors;MedialAndDeepKneeExtensors;LateralKneeExtensors;AccessoryHipAdductors;HipFlexors;AbdominalWall] | practice=Bodyweight conditioning | motion=Lunge | mode=Repetition | presentation=Motion | holdFrame=0 | side=Alternating | direction=None | blocks=[124:None:None:False:Full] | sessionMovement=124 | insect=Compatible | hardFloor=Compatible","name=Alternating Curtsy Lunge with Side Crunch | demand=2 | primary=HipAbductors | secondary=[GlutealExtensors;MedialAndDeepKneeExtensors;LateralKneeExtensors;AccessoryHipAdductors;HipFlexors;AbdominalWall] | practice=Bodyweight conditioning | motion=Lunge | mode=Repetition | presentation=Motion | holdFrame=0 | side=Alternating | direction=None | blocks=[124:None:None:False:Full] | sessionMovement=124 | insect=Compatible | hardFloor=Compatible","The complete packaged loop demonstrates Alternating Curtsy Lunge with Side Crunch as named.","None.","Full-loop review found the name, demand, anatomy, structure, and packaged media coherent.","PASS","PASS","PASS","PASS","PASS","PASS","PASS or not applicable","PASS"
"125","PASS","Alternating Reverse Lunge with Torso Twist","Alternating Reverse Lunge with Torso Twist","name=Alternating Reverse Lunge with Torso Twist | demand=2 | primary=DeepAndIntersegmentalBack | secondary=[AbdominalWall;GlutealExtensors;MedialAndDeepKneeExtensors;LateralKneeExtensors;HipFlexors] | practice=Bodyweight conditioning | motion=CoreRotation | mode=Repetition | presentation=Motion | holdFrame=0 | side=Alternating | direction=None | blocks=[125:None:None:False:Full] | sessionMovement=125 | insect=Compatible | hardFloor=Compatible","name=Alternating Reverse Lunge with Torso Twist | demand=2 | primary=DeepAndIntersegmentalBack | secondary=[AbdominalWall;GlutealExtensors;MedialAndDeepKneeExtensors;LateralKneeExtensors;HipFlexors] | practice=Bodyweight conditioning | motion=CoreRotation | mode=Repetition | presentation=Motion | holdFrame=0 | side=Alternating | direction=None | blocks=[125:None:None:False:Full] | sessionMovement=125 | insect=Compatible | hardFloor=Compatible","The complete packaged loop demonstrates Alternating Reverse Lunge with Torso Twist as named.","None.","Full-loop review found the name, demand, anatomy, structure, and packaged media coherent.","PASS","PASS","PASS","PASS","PASS","PASS","PASS or not applicable","PASS"
"126","PASS","Squat to Alternating Side Kick","Squat to Alternating Side Kick","name=Squat to Alternating Side Kick | demand=2 | primary=HipAbductors | secondary=[LateralKneeExtensors;MedialAndDeepKneeExtensors;GlutealExtensors;AbdominalWall] | practice=Bodyweight conditioning | motion=SquatSideKick | mode=Repetition | presentation=Motion | holdFrame=0 | side=Alternating | direction=None | blocks=[126:None:None:False:Full] | sessionMovement= | insect=Compatible | hardFloor=Compatible","name=Squat to Alternating Side Kick | demand=2 | primary=HipAbductors | secondary=[LateralKneeExtensors;MedialAndDeepKneeExtensors;GlutealExtensors;AbdominalWall] | practice=Bodyweight conditioning | motion=SquatSideKick | mode=Repetition | presentation=Motion | holdFrame=0 | side=Alternating | direction=None | blocks=[126:None:None:False:Full] | sessionMovement= | insect=Compatible | hardFloor=Compatible","The complete packaged loop demonstrates Squat to Alternating Side Kick as named.","None.","Full-loop review found the name, demand, anatomy, structure, and packaged media coherent.","PASS","PASS","PASS","PASS","PASS","PASS","PASS or not applicable","PASS"
"127","PASS","Alternating Lunge with Overhead Stretch","Alternating Lunge with Overhead Stretch","name=Alternating Lunge with Overhead Stretch | demand=2 | primary=HipFlexors | secondary=[GlutealExtensors;MedialAndDeepKneeExtensors;LateralKneeExtensors;ShoulderAbductors;ScapularGirdle] | practice=Stretching | motion=Lunge | mode=Repetition | presentation=Motion | holdFrame=0 | side=Alternating | direction=None | blocks=[127:None:None:False:Full] | sessionMovement= | insect=Compatible | hardFloor=Compatible","name=Alternating Lunge with Overhead Stretch | demand=2 | primary=HipFlexors | secondary=[GlutealExtensors;MedialAndDeepKneeExtensors;LateralKneeExtensors;ShoulderAbductors;ScapularGirdle] | practice=Stretching | motion=Lunge | mode=Repetition | presentation=Motion | holdFrame=0 | side=Alternating | direction=None | blocks=[127:None:None:False:Full] | sessionMovement= | insect=Compatible | hardFloor=Compatible","The complete packaged loop demonstrates Alternating Lunge with Overhead Stretch as named.","None.","Full-loop review found the name, demand, anatomy, structure, and packaged media coherent.","PASS","PASS","PASS","PASS","PASS","PASS","PASS or not applicable","PASS"
"128","PASS","Alternating Curtsy Squat with Arm Sweep","Alternating Curtsy Squat with Arm Sweep","name=Alternating Curtsy Squat with Arm Sweep | demand=2 | primary=HipAbductors | secondary=[GlutealExtensors;MedialAndDeepKneeExtensors;LateralKneeExtensors;AccessoryHipAdductors;ShoulderAbductors;ScapularGirdle;RotatorCuff] | practice=Bodyweight conditioning | motion=Squat | mode=Repetition | presentation=Motion | holdFrame=0 | side=Alternating | direction=None | blocks=[128:None:None:False:Full] | sessionMovement= | insect=Compatible | hardFloor=Compatible","name=Alternating Curtsy Squat with Arm Sweep | demand=2 | primary=HipAbductors | secondary=[GlutealExtensors;MedialAndDeepKneeExtensors;LateralKneeExtensors;AccessoryHipAdductors;ShoulderAbductors;ScapularGirdle;RotatorCuff] | practice=Bodyweight conditioning | motion=Squat | mode=Repetition | presentation=Motion | holdFrame=0 | side=Alternating | direction=None | blocks=[128:None:None:False:Full] | sessionMovement= | insect=Compatible | hardFloor=Compatible","The complete packaged loop demonstrates Alternating Curtsy Squat with Arm Sweep as named.","None.","Full-loop review found the name, demand, anatomy, structure, and packaged media coherent.","PASS","PASS","PASS","PASS","PASS","PASS","PASS or not applicable","PASS"
"129","PASS","Squat to Alternating Front Kick","Squat to Alternating Front Kick","name=Squat to Alternating Front Kick | demand=2 | primary=HipFlexors | secondary=[MedialAndDeepKneeExtensors;LateralKneeExtensors;GlutealExtensors;AbdominalWall] | practice=Bodyweight conditioning | motion=Squat | mode=Repetition | presentation=Motion | holdFrame=0 | side=Alternating | direction=None | blocks=[129:None:None:False:Full] | sessionMovement= | insect=Compatible | hardFloor=Compatible","name=Squat to Alternating Front Kick | demand=2 | primary=HipFlexors | secondary=[MedialAndDeepKneeExtensors;LateralKneeExtensors;GlutealExtensors;AbdominalWall] | practice=Bodyweight conditioning | motion=Squat | mode=Repetition | presentation=Motion | holdFrame=0 | side=Alternating | direction=None | blocks=[129:None:None:False:Full] | sessionMovement= | insect=Compatible | hardFloor=Compatible","The complete packaged loop demonstrates Squat to Alternating Front Kick as named.","None.","Full-loop review found the name, demand, anatomy, structure, and packaged media coherent.","PASS","PASS","PASS","PASS","PASS","PASS","PASS or not applicable","PASS"
"130","PASS","Squat to Alternating Side Leg Lift","Squat to Alternating Side Leg Lift","name=Squat to Alternating Side Leg Lift | demand=2 | primary=HipAbductors | secondary=[GlutealExtensors;MedialAndDeepKneeExtensors;LateralKneeExtensors] | practice=Bodyweight conditioning | motion=Squat | mode=Repetition | presentation=Motion | holdFrame=0 | side=Alternating | direction=None | blocks=[130:None:None:False:Full] | sessionMovement= | insect=Compatible | hardFloor=Compatible","name=Squat to Alternating Side Leg Lift | demand=2 | primary=HipAbductors | secondary=[GlutealExtensors;MedialAndDeepKneeExtensors;LateralKneeExtensors] | practice=Bodyweight conditioning | motion=Squat | mode=Repetition | presentation=Motion | holdFrame=0 | side=Alternating | direction=None | blocks=[130:None:None:False:Full] | sessionMovement= | insect=Compatible | hardFloor=Compatible","The complete packaged loop demonstrates Squat to Alternating Side Leg Lift as named.","None.","Full-loop review found the name, demand, anatomy, structure, and packaged media coherent.","PASS","PASS","PASS","PASS","PASS","PASS","PASS or not applicable","PASS"
"131","PASS","Squat to Alternating Back Leg Lift","Squat to Alternating Back Leg Lift","name=Squat to Alternating Back Leg Lift | demand=2 | primary=GlutealExtensors | secondary=[PosteriorThighAndKneeFlexors;MedialAndDeepKneeExtensors;LateralKneeExtensors] | practice=Bodyweight conditioning | motion=Squat | mode=Repetition | presentation=Motion | holdFrame=0 | side=Alternating | direction=None | blocks=[131:None:None:False:Full] | sessionMovement= | insect=Compatible | hardFloor=Compatible","name=Squat to Alternating Back Leg Lift | demand=2 | primary=GlutealExtensors | secondary=[PosteriorThighAndKneeFlexors;MedialAndDeepKneeExtensors;LateralKneeExtensors] | practice=Bodyweight conditioning | motion=Squat | mode=Repetition | presentation=Motion | holdFrame=0 | side=Alternating | direction=None | blocks=[131:None:None:False:Full] | sessionMovement= | insect=Compatible | hardFloor=Compatible","The complete packaged loop demonstrates Squat to Alternating Back Leg Lift as named.","None.","Full-loop review found the name, demand, anatomy, structure, and packaged media coherent.","PASS","PASS","PASS","PASS","PASS","PASS","PASS or not applicable","PASS"
"132","PASS","Squat to Alternating Oblique Crunch","Squat to Alternating Oblique Crunch","name=Squat to Alternating Oblique Crunch | demand=2 | primary=AbdominalWall | secondary=[MedialAndDeepKneeExtensors;LateralKneeExtensors;GlutealExtensors;HipFlexors] | practice=Bodyweight conditioning | motion=Squat | mode=Repetition | presentation=Motion | holdFrame=0 | side=Alternating | direction=None | blocks=[132:None:None:False:Full] | sessionMovement= | insect=Compatible | hardFloor=Compatible","name=Squat to Alternating Oblique Crunch | demand=2 | primary=AbdominalWall | secondary=[MedialAndDeepKneeExtensors;LateralKneeExtensors;GlutealExtensors;HipFlexors] | practice=Bodyweight conditioning | motion=Squat | mode=Repetition | presentation=Motion | holdFrame=0 | side=Alternating | direction=None | blocks=[132:None:None:False:Full] | sessionMovement= | insect=Compatible | hardFloor=Compatible","The complete packaged loop demonstrates Squat to Alternating Oblique Crunch as named.","None.","Full-loop review found the name, demand, anatomy, structure, and packaged media coherent.","PASS","PASS","PASS","PASS","PASS","PASS","PASS or not applicable","PASS"
"133","PASS","Alternating Lateral Lunge with Overhead Reach","Alternating Lateral Lunge with Overhead Reach","name=Alternating Lateral Lunge with Overhead Reach | demand=2 | primary=AccessoryHipAdductors | secondary=[MajorHipAdductors;MedialAndDeepKneeExtensors;LateralKneeExtensors;GlutealExtensors;HipAbductors;ShoulderAbductors;ScapularGirdle;AbdominalWall] | practice=Bodyweight conditioning | motion=LateralLungeReach | mode=Repetition | presentation=Motion | holdFrame=0 | side=Alternating | direction=None | blocks=[133:None:None:False:Full] | sessionMovement= | insect=Compatible | hardFloor=Compatible","name=Alternating Lateral Lunge with Overhead Reach | demand=2 | primary=AccessoryHipAdductors | secondary=[MajorHipAdductors;MedialAndDeepKneeExtensors;LateralKneeExtensors;GlutealExtensors;HipAbductors;ShoulderAbductors;ScapularGirdle;AbdominalWall] | practice=Bodyweight conditioning | motion=LateralLungeReach | mode=Repetition | presentation=Motion | holdFrame=0 | side=Alternating | direction=None | blocks=[133:None:None:False:Full] | sessionMovement= | insect=Compatible | hardFloor=Compatible","The complete packaged loop demonstrates Alternating Lateral Lunge with Overhead Reach as named.","None.","Full-loop review found the name, demand, anatomy, structure, and packaged media coherent.","PASS","PASS","PASS","PASS","PASS","PASS","PASS or not applicable","PASS"
"135","PASS","Overhead Squat Hold","Overhead Squat Hold","name=Overhead Squat Hold | demand=2 | primary=ShoulderAbductors | secondary=[ScapularGirdle;RotatorCuff;LateralKneeExtensors;MedialAndDeepKneeExtensors;GlutealExtensors;AbdominalWall] | practice=Bodyweight isometrics | motion=OverheadSquatHold | mode=Hold | presentation=Still | holdFrame=38 | side=Continuous | direction=None | blocks=[] | sessionMovement=113 | insect=Incompatible | hardFloor=Compatible","name=Overhead Squat Hold | demand=2 | primary=ShoulderAbductors | secondary=[ScapularGirdle;RotatorCuff;LateralKneeExtensors;MedialAndDeepKneeExtensors;GlutealExtensors;AbdominalWall] | practice=Bodyweight isometrics | motion=OverheadSquatHold | mode=Hold | presentation=Still | holdFrame=38 | side=Continuous | direction=None | blocks=[] | sessionMovement=113 | insect=Incompatible | hardFloor=Compatible","The complete packaged loop demonstrates Overhead Squat Hold as named.","None.","Full-loop review found the name, demand, anatomy, structure, and packaged media coherent.","PASS","PASS","PASS","PASS","PASS","PASS","PASS or not applicable","PASS"
"136","PASS","Wide Turned-Out Squat Hold","Wide Turned-Out Squat Hold","name=Wide Turned-Out Squat Hold | demand=2 | primary=MajorHipAdductors | secondary=[AccessoryHipAdductors;MedialAndDeepKneeExtensors;LateralKneeExtensors;GlutealExtensors] | practice=Bodyweight conditioning | motion=Squat | mode=Hold | presentation=Still | holdFrame=84 | side=Continuous | direction=None | blocks=[136:None:None:False:Full] | sessionMovement=104 | insect=Incompatible | hardFloor=Compatible","name=Wide Turned-Out Squat Hold | demand=2 | primary=MajorHipAdductors | secondary=[AccessoryHipAdductors;MedialAndDeepKneeExtensors;LateralKneeExtensors;GlutealExtensors] | practice=Bodyweight conditioning | motion=Squat | mode=Hold | presentation=Still | holdFrame=84 | side=Continuous | direction=None | blocks=[136:None:None:False:Full] | sessionMovement=104 | insect=Incompatible | hardFloor=Compatible","The complete packaged loop demonstrates Wide Turned-Out Squat Hold as named.","None.","Full-loop review found the name, demand, anatomy, structure, and packaged media coherent.","PASS","PASS","PASS","PASS","PASS","PASS","PASS or not applicable","PASS"
"138","PASS","Narrow-Squat Heel Raise","Narrow-Squat Heel Raise","name=Narrow-Squat Heel Raise | demand=2 | primary=Soleus | secondary=[CalfDeepPosteriorLegAndPlantarFoot;MedialAndDeepKneeExtensors;LateralKneeExtensors;GlutealExtensors] | practice=Bodyweight conditioning | motion=Squat | mode=Repetition | presentation=Motion | holdFrame=0 | side=Continuous | direction=None | blocks=[138:None:None:False:Full] | sessionMovement= | insect=Compatible | hardFloor=Incompatible","name=Narrow-Squat Heel Raise | demand=2 | primary=Soleus | secondary=[CalfDeepPosteriorLegAndPlantarFoot;MedialAndDeepKneeExtensors;LateralKneeExtensors;GlutealExtensors] | practice=Bodyweight conditioning | motion=Squat | mode=Repetition | presentation=Motion | holdFrame=0 | side=Continuous | direction=None | blocks=[138:None:None:False:Full] | sessionMovement= | insect=Compatible | hardFloor=Incompatible","The complete packaged loop demonstrates Narrow-Squat Heel Raise as named.","None.","Full-loop review found the name, demand, anatomy, structure, and packaged media coherent.","PASS","PASS","PASS","PASS","PASS","PASS","PASS or not applicable","PASS"
"139","PASS","Wide-Squat Alternating Heel Raises","Wide-Squat Alternating Heel Raises","name=Wide-Squat Alternating Heel Raises | demand=2 | primary=Soleus | secondary=[CalfDeepPosteriorLegAndPlantarFoot;MedialAndDeepKneeExtensors;LateralKneeExtensors;GlutealExtensors;MajorHipAdductors] | practice=Bodyweight conditioning | motion=Squat | mode=Repetition | presentation=Motion | holdFrame=0 | side=Alternating | direction=None | blocks=[139:None:None:False:Full] | sessionMovement= | insect=Incompatible | hardFloor=Incompatible","name=Wide-Squat Alternating Heel Raises | demand=2 | primary=Soleus | secondary=[CalfDeepPosteriorLegAndPlantarFoot;MedialAndDeepKneeExtensors;LateralKneeExtensors;GlutealExtensors;MajorHipAdductors] | practice=Bodyweight conditioning | motion=Squat | mode=Repetition | presentation=Motion | holdFrame=0 | side=Alternating | direction=None | blocks=[139:None:None:False:Full] | sessionMovement= | insect=Incompatible | hardFloor=Incompatible","The complete packaged loop demonstrates Wide-Squat Alternating Heel Raises as named.","None.","Full-loop review found the name, demand, anatomy, structure, and packaged media coherent.","PASS","PASS","PASS","PASS","PASS","PASS","PASS or not applicable","PASS"
"140","PASS","Sumo-Squat Calf Raise","Sumo-Squat Calf Raise","name=Sumo-Squat Calf Raise | demand=2 | primary=CalfDeepPosteriorLegAndPlantarFoot | secondary=[Soleus;MedialAndDeepKneeExtensors;LateralKneeExtensors;GlutealExtensors;MajorHipAdductors] | practice=Bodyweight conditioning | motion=Squat | mode=Repetition | presentation=Motion | holdFrame=0 | side=Continuous | direction=None | blocks=[140:None:None:False:Full] | sessionMovement= | insect=Compatible | hardFloor=Incompatible","name=Sumo-Squat Calf Raise | demand=2 | primary=CalfDeepPosteriorLegAndPlantarFoot | secondary=[Soleus;MedialAndDeepKneeExtensors;LateralKneeExtensors;GlutealExtensors;MajorHipAdductors] | practice=Bodyweight conditioning | motion=Squat | mode=Repetition | presentation=Motion | holdFrame=0 | side=Continuous | direction=None | blocks=[140:None:None:False:Full] | sessionMovement= | insect=Compatible | hardFloor=Incompatible","The complete packaged loop demonstrates Sumo-Squat Calf Raise as named.","None.","Full-loop review found the name, demand, anatomy, structure, and packaged media coherent.","PASS","PASS","PASS","PASS","PASS","PASS","PASS or not applicable","PASS"
"141","PASS","Squat with Alternating Heel Lift","Squat with Alternating Heel Lift","name=Squat with Alternating Heel Lift | demand=2 | primary=Soleus | secondary=[CalfDeepPosteriorLegAndPlantarFoot;MedialAndDeepKneeExtensors;LateralKneeExtensors;GlutealExtensors] | practice=Bodyweight conditioning | motion=Squat | mode=Repetition | presentation=Motion | holdFrame=0 | side=Alternating | direction=None | blocks=[141:None:None:False:Full] | sessionMovement= | insect=Incompatible | hardFloor=Incompatible","name=Squat with Alternating Heel Lift | demand=2 | primary=Soleus | secondary=[CalfDeepPosteriorLegAndPlantarFoot;MedialAndDeepKneeExtensors;LateralKneeExtensors;GlutealExtensors] | practice=Bodyweight conditioning | motion=Squat | mode=Repetition | presentation=Motion | holdFrame=0 | side=Alternating | direction=None | blocks=[141:None:None:False:Full] | sessionMovement= | insect=Incompatible | hardFloor=Incompatible","The complete packaged loop demonstrates Squat with Alternating Heel Lift as named.","None.","Full-loop review found the name, demand, anatomy, structure, and packaged media coherent.","PASS","PASS","PASS","PASS","PASS","PASS","PASS or not applicable","PASS"
"142","PASS","Lateral Squat Walk","Lateral Squat Walk","name=Lateral Squat Walk | demand=2 | primary=HipAbductors | secondary=[MedialAndDeepKneeExtensors;LateralKneeExtensors;GlutealExtensors;MajorHipAdductors] | practice=Bodyweight conditioning | motion=Squat | mode=Repetition | presentation=Motion | holdFrame=0 | side=Alternating | direction=None | blocks=[142:None:None:False:Full] | sessionMovement= | insect=Compatible | hardFloor=Compatible","name=Lateral Squat Walk | demand=2 | primary=HipAbductors | secondary=[MedialAndDeepKneeExtensors;LateralKneeExtensors;GlutealExtensors;MajorHipAdductors] | practice=Bodyweight conditioning | motion=Squat | mode=Repetition | presentation=Motion | holdFrame=0 | side=Alternating | direction=None | blocks=[142:None:None:False:Full] | sessionMovement= | insect=Compatible | hardFloor=Compatible","The complete packaged loop demonstrates Lateral Squat Walk as named.","None.","Full-loop review found the name, demand, anatomy, structure, and packaged media coherent.","PASS","PASS","PASS","PASS","PASS","PASS","PASS or not applicable","PASS"
"143","PASS","Reverse Lunge to Front Kick","Reverse Lunge to Front Kick","name=Reverse Lunge to Front Kick | demand=2 | primary=HipFlexors | secondary=[GlutealExtensors;MedialAndDeepKneeExtensors;LateralKneeExtensors;AbdominalWall] | practice=Bodyweight conditioning | motion=Lunge | mode=Repetition | presentation=Motion | holdFrame=0 | side=ScreenRightThenLeft | direction=None | blocks=[143:ScreenRight:None:False:Full;143:ScreenLeft:None:True:Full;538:None:None:False:Full] | sessionMovement= | insect=Compatible | hardFloor=Compatible","name=Reverse Lunge to Front Kick | demand=2 | primary=HipFlexors | secondary=[GlutealExtensors;MedialAndDeepKneeExtensors;LateralKneeExtensors;AbdominalWall] | practice=Bodyweight conditioning | motion=Lunge | mode=Repetition | presentation=Motion | holdFrame=0 | side=ScreenRightThenLeft | direction=None | blocks=[143:ScreenRight:None:False:Full;143:ScreenLeft:None:True:Full;538:None:None:False:Full] | sessionMovement= | insect=Compatible | hardFloor=Compatible","The complete packaged loop demonstrates Reverse Lunge to Front Kick as named.","None.","Full-loop review found the name, demand, anatomy, structure, and packaged media coherent.","PASS","PASS","PASS","PASS","PASS","PASS","PASS or not applicable","PASS"
"144","PASS","Alternating Standing Knee Lift","Alternating Standing Knee Lift","name=Alternating Standing Knee Lift | demand=1 | primary=HipFlexors | secondary=[AbdominalWall] | practice=Bodyweight conditioning | motion=KneeLift | mode=Repetition | presentation=Motion | holdFrame=0 | side=Alternating | direction=None | blocks=[144:None:None:False:Full] | sessionMovement= | insect=Incompatible | hardFloor=Compatible","name=Alternating Standing Knee Lift | demand=1 | primary=HipFlexors | secondary=[AbdominalWall] | practice=Bodyweight conditioning | motion=KneeLift | mode=Repetition | presentation=Motion | holdFrame=0 | side=Alternating | direction=None | blocks=[144:None:None:False:Full] | sessionMovement= | insect=Incompatible | hardFloor=Compatible","The complete packaged loop demonstrates Alternating Standing Knee Lift as named.","None.","Full-loop review found the name, demand, anatomy, structure, and packaged media coherent.","PASS","PASS","PASS","PASS","PASS","PASS","PASS or not applicable","PASS"
"145","PASS","Standing Knee-Extension Hold","Standing Knee-Extension Hold","name=Standing Knee-Extension Hold | demand=1 | primary=MedialAndDeepKneeExtensors | secondary=[LateralKneeExtensors;AnteriorLateralLowerLegAndDorsalFoot] | practice=Standing mobility and movement practice | motion=KneeLift | mode=Hold | presentation=Still | holdFrame=90 | side=ScreenRightThenLeft | direction=None | blocks=[145:ScreenRight:None:False:Full;145:ScreenLeft:None:True:Full] | sessionMovement= | insect=Incompatible | hardFloor=Compatible","name=Standing Knee-Extension Hold | demand=1 | primary=MedialAndDeepKneeExtensors | secondary=[LateralKneeExtensors;AnteriorLateralLowerLegAndDorsalFoot] | practice=Standing mobility and movement practice | motion=KneeLift | mode=Hold | presentation=Still | holdFrame=90 | side=ScreenRightThenLeft | direction=None | blocks=[145:ScreenRight:None:False:Full;145:ScreenLeft:None:True:Full] | sessionMovement= | insect=Incompatible | hardFloor=Compatible","The complete packaged loop demonstrates Standing Knee-Extension Hold as named.","None.","Full-loop review found the name, demand, anatomy, structure, and packaged media coherent.","PASS","PASS","PASS","PASS","PASS","PASS","PASS or not applicable","PASS"
"146","PASS","Bodyweight Good Morning","Bodyweight Good Morning","name=Bodyweight Good Morning | demand=1 | primary=PosteriorThighAndKneeFlexors | secondary=[GlutealExtensors;SpinalExtensors;DeepAndIntersegmentalBack;AbdominalWall] | practice=Bodyweight conditioning | motion=HipHinge | mode=Repetition | presentation=Motion | holdFrame=0 | side=Continuous | direction=None | blocks=[146:None:None:False:Full] | sessionMovement= | insect=Compatible | hardFloor=Compatible","name=Bodyweight Good Morning | demand=1 | primary=PosteriorThighAndKneeFlexors | secondary=[GlutealExtensors;SpinalExtensors;DeepAndIntersegmentalBack;AbdominalWall] | practice=Bodyweight conditioning | motion=HipHinge | mode=Repetition | presentation=Motion | holdFrame=0 | side=Continuous | direction=None | blocks=[146:None:None:False:Full] | sessionMovement= | insect=Compatible | hardFloor=Compatible","The complete packaged loop demonstrates Bodyweight Good Morning as named.","None.","Full-loop review found the name, demand, anatomy, structure, and packaged media coherent.","PASS","PASS","PASS","PASS","PASS","PASS","PASS or not applicable","PASS"
"147","PASS","Squat to Alternating Star Reach","Squat to Alternating Star Reach","name=Squat to Alternating Star Reach | demand=2 | primary=LateralKneeExtensors | secondary=[MedialAndDeepKneeExtensors;GlutealExtensors;ShoulderAbductors;ScapularGirdle;BreathingMuscles] | practice=Bodyweight conditioning | motion=Squat | mode=Repetition | presentation=Motion | holdFrame=0 | side=Alternating | direction=None | blocks=[147:None:None:False:Full] | sessionMovement= | insect=Compatible | hardFloor=Compatible","name=Squat to Alternating Star Reach | demand=2 | primary=LateralKneeExtensors | secondary=[MedialAndDeepKneeExtensors;GlutealExtensors;ShoulderAbductors;ScapularGirdle;BreathingMuscles] | practice=Bodyweight conditioning | motion=Squat | mode=Repetition | presentation=Motion | holdFrame=0 | side=Alternating | direction=None | blocks=[147:None:None:False:Full] | sessionMovement= | insect=Compatible | hardFloor=Compatible","The complete packaged loop demonstrates Squat to Alternating Star Reach as named.","None.","Full-loop review found the name, demand, anatomy, structure, and packaged media coherent.","PASS","PASS","PASS","PASS","PASS","PASS","PASS or not applicable","PASS"
"148","PASS","Straight-Leg Hip-Extension Lift","Straight-Leg Hip-Extension Lift","name=Straight-Leg Hip-Extension Lift | demand=1 | primary=GlutealExtensors | secondary=[PosteriorThighAndKneeFlexors;SpinalExtensors] | practice=Standing mobility and movement practice | motion=LegBack | mode=Repetition | presentation=Motion | holdFrame=0 | side=ScreenRightThenLeft | direction=None | blocks=[148:ScreenRight:None:False:Full;148:ScreenLeft:None:True:Full] | sessionMovement= | insect=Incompatible | hardFloor=Compatible","name=Straight-Leg Hip-Extension Lift | demand=1 | primary=GlutealExtensors | secondary=[PosteriorThighAndKneeFlexors;SpinalExtensors] | practice=Standing mobility and movement practice | motion=LegBack | mode=Repetition | presentation=Motion | holdFrame=0 | side=ScreenRightThenLeft | direction=None | blocks=[148:ScreenRight:None:False:Full;148:ScreenLeft:None:True:Full] | sessionMovement= | insect=Incompatible | hardFloor=Compatible","The complete packaged loop demonstrates Straight-Leg Hip-Extension Lift as named.","None.","Full-loop review found the name, demand, anatomy, structure, and packaged media coherent.","PASS","PASS","PASS","PASS","PASS","PASS","PASS or not applicable","PASS"
"150","PASS","Wide-Squat Side-to-Side Shifts","Wide-Squat Side-to-Side Shifts","name=Wide-Squat Side-to-Side Shifts | demand=2 | primary=AccessoryHipAdductors | secondary=[MajorHipAdductors;HipFlexors] | practice=Standing strength and mobility | motion=WideSquatShift | mode=Repetition | presentation=Motion | holdFrame=0 | side=Alternating | direction=None | blocks=[150:None:None:False:Full] | sessionMovement= | insect=Compatible | hardFloor=Compatible","name=Wide-Squat Side-to-Side Shifts | demand=2 | primary=AccessoryHipAdductors | secondary=[MajorHipAdductors;HipFlexors] | practice=Standing strength and mobility | motion=WideSquatShift | mode=Repetition | presentation=Motion | holdFrame=0 | side=Alternating | direction=None | blocks=[150:None:None:False:Full] | sessionMovement= | insect=Compatible | hardFloor=Compatible","The complete packaged loop demonstrates Wide-Squat Side-to-Side Shifts as named.","None.","Full-loop review found the name, demand, anatomy, structure, and packaged media coherent.","PASS","PASS","PASS","PASS","PASS","PASS","PASS or not applicable","PASS"
"151","PASS","Alternating Straight-Leg Front Raise","Alternating Straight-Leg Front Raise","name=Alternating Straight-Leg Front Raise | demand=1 | primary=HipFlexors | secondary=[AbdominalWall] | practice=Standing mobility and movement practice | motion=LegFront | mode=Repetition | presentation=Motion | holdFrame=0 | side=Alternating | direction=None | blocks=[151:None:None:False:Full] | sessionMovement= | insect=Incompatible | hardFloor=Compatible","name=Alternating Straight-Leg Front Raise | demand=1 | primary=HipFlexors | secondary=[AbdominalWall] | practice=Standing mobility and movement practice | motion=LegFront | mode=Repetition | presentation=Motion | holdFrame=0 | side=Alternating | direction=None | blocks=[151:None:None:False:Full] | sessionMovement= | insect=Incompatible | hardFloor=Compatible","The complete packaged loop demonstrates Alternating Straight-Leg Front Raise as named.","None.","Full-loop review found the name, demand, anatomy, structure, and packaged media coherent.","PASS","PASS","PASS","PASS","PASS","PASS","PASS or not applicable","PASS"
"152","PASS","Side-Leg Raise Pulse","Side-Leg Raise Pulse","name=Side-Leg Raise Pulse | demand=1 | primary=HipAbductors | secondary=[GlutealExtensors] | practice=Bodyweight conditioning | motion=LegSide | mode=Repetition | presentation=Motion | holdFrame=0 | side=ScreenRightThenLeft | direction=None | blocks=[152:ScreenRight:None:False:Full;152:ScreenLeft:None:True:Full] | sessionMovement= | insect=Incompatible | hardFloor=Compatible","name=Side-Leg Raise Pulse | demand=1 | primary=HipAbductors | secondary=[GlutealExtensors] | practice=Bodyweight conditioning | motion=LegSide | mode=Repetition | presentation=Motion | holdFrame=0 | side=ScreenRightThenLeft | direction=None | blocks=[152:ScreenRight:None:False:Full;152:ScreenLeft:None:True:Full] | sessionMovement= | insect=Incompatible | hardFloor=Compatible","The complete packaged loop demonstrates Side-Leg Raise Pulse as named.","None.","Full-loop review found the name, demand, anatomy, structure, and packaged media coherent.","PASS","PASS","PASS","PASS","PASS","PASS","PASS or not applicable","PASS"
"154","PASS","Diagonal Leg Raise","Diagonal Leg Raise","name=Diagonal Leg Raise | demand=1 | primary=HipFlexors | secondary=[HipAbductors;AbdominalWall;DeepHipRotators] | practice=Bodyweight conditioning | motion=LegBalance | mode=Repetition | presentation=Motion | holdFrame=0 | side=ScreenRightThenLeft | direction=None | blocks=[154:ScreenRight:None:False:Full;154:ScreenLeft:None:True:Full] | sessionMovement= | insect=Incompatible | hardFloor=Compatible","name=Diagonal Leg Raise | demand=1 | primary=HipFlexors | secondary=[HipAbductors;AbdominalWall;DeepHipRotators] | practice=Bodyweight conditioning | motion=LegBalance | mode=Repetition | presentation=Motion | holdFrame=0 | side=ScreenRightThenLeft | direction=None | blocks=[154:ScreenRight:None:False:Full;154:ScreenLeft:None:True:Full] | sessionMovement= | insect=Incompatible | hardFloor=Compatible","The complete packaged loop demonstrates Diagonal Leg Raise as named.","None.","Full-loop review found the name, demand, anatomy, structure, and packaged media coherent.","PASS","PASS","PASS","PASS","PASS","PASS","PASS or not applicable","PASS"
"156","PASS","Alternating Curtsy-Lunge-to-Squat","Alternating Curtsy-Lunge-to-Squat","name=Alternating Curtsy-Lunge-to-Squat | demand=2 | primary=AccessoryHipAdductors | secondary=[HipAbductors;GlutealExtensors;MedialAndDeepKneeExtensors;LateralKneeExtensors;MajorHipAdductors] | practice=Bodyweight conditioning | motion=Squat | mode=Repetition | presentation=Motion | holdFrame=0 | side=Alternating | direction=None | blocks=[156:None:None:False:Full] | sessionMovement= | insect=Compatible | hardFloor=Compatible","name=Alternating Curtsy-Lunge-to-Squat | demand=2 | primary=AccessoryHipAdductors | secondary=[HipAbductors;GlutealExtensors;MedialAndDeepKneeExtensors;LateralKneeExtensors;MajorHipAdductors] | practice=Bodyweight conditioning | motion=Squat | mode=Repetition | presentation=Motion | holdFrame=0 | side=Alternating | direction=None | blocks=[156:None:None:False:Full] | sessionMovement= | insect=Compatible | hardFloor=Compatible","The complete packaged loop demonstrates Alternating Curtsy-Lunge-to-Squat as named.","None.","Full-loop review found the name, demand, anatomy, structure, and packaged media coherent.","PASS","PASS","PASS","PASS","PASS","PASS","PASS or not applicable","PASS"
"159","PASS","Standing Hamstring Curl to Diagonal Extension","Standing Hamstring Curl to Diagonal Extension","name=Standing Hamstring Curl to Diagonal Extension | demand=1 | primary=PosteriorThighAndKneeFlexors | secondary=[GlutealExtensors;HipAbductors;DeepHipRotators;AbdominalWall] | practice=Standing strength and balance | motion=LegCurlExtension | mode=Repetition | presentation=Motion | holdFrame=0 | side=ScreenRightThenLeft | direction=None | blocks=[159:ScreenRight:None:False:Full;159:ScreenLeft:None:True:Full] | sessionMovement=159 | insect=Incompatible | hardFloor=Compatible","name=Standing Hamstring Curl to Diagonal Extension | demand=1 | primary=PosteriorThighAndKneeFlexors | secondary=[GlutealExtensors;HipAbductors;DeepHipRotators;AbdominalWall] | practice=Standing strength and balance | motion=LegCurlExtension | mode=Repetition | presentation=Motion | holdFrame=0 | side=ScreenRightThenLeft | direction=None | blocks=[159:ScreenRight:None:False:Full;159:ScreenLeft:None:True:Full] | sessionMovement=159 | insect=Incompatible | hardFloor=Compatible","The complete packaged loop demonstrates Standing Hamstring Curl to Diagonal Extension as named.","None.","Full-loop review found the name, demand, anatomy, structure, and packaged media coherent.","PASS","PASS","PASS","PASS","PASS","PASS","PASS or not applicable","PASS"
"160","PASS","Standing Donkey Kick","Standing Donkey Kick","name=Standing Donkey Kick | demand=1 | primary=GlutealExtensors | secondary=[PosteriorThighAndKneeFlexors] | practice=Standing mobility and movement practice | motion=LegFront | mode=Repetition | presentation=Motion | holdFrame=0 | side=ScreenRightThenLeft | direction=None | blocks=[160:ScreenRight:None:False:Full;160:ScreenLeft:None:True:Full;533:None:None:False:Full] | sessionMovement= | insect=Incompatible | hardFloor=Compatible","name=Standing Donkey Kick | demand=1 | primary=GlutealExtensors | secondary=[PosteriorThighAndKneeFlexors] | practice=Standing mobility and movement practice | motion=LegFront | mode=Repetition | presentation=Motion | holdFrame=0 | side=ScreenRightThenLeft | direction=None | blocks=[160:ScreenRight:None:False:Full;160:ScreenLeft:None:True:Full;533:None:None:False:Full] | sessionMovement= | insect=Incompatible | hardFloor=Compatible","The complete packaged loop demonstrates Standing Donkey Kick as named.","None.","Full-loop review found the name, demand, anatomy, structure, and packaged media coherent.","PASS","PASS","PASS","PASS","PASS","PASS","PASS or not applicable","PASS"
"161","PASS","Alternating Standing Gate Opener","Alternating Standing Gate Opener","name=Alternating Standing Gate Opener | demand=0 | primary=DeepHipRotators | secondary=[HipFlexors;HipAbductors] | practice=Standing mobility and movement practice | motion=LegBalance | mode=Repetition | presentation=Motion | holdFrame=0 | side=Alternating | direction=None | blocks=[161:None:None:False:Full] | sessionMovement= | insect=Incompatible | hardFloor=Compatible","name=Alternating Standing Gate Opener | demand=0 | primary=DeepHipRotators | secondary=[HipFlexors;HipAbductors] | practice=Standing mobility and movement practice | motion=LegBalance | mode=Repetition | presentation=Motion | holdFrame=0 | side=Alternating | direction=None | blocks=[161:None:None:False:Full] | sessionMovement= | insect=Incompatible | hardFloor=Compatible","The complete packaged loop demonstrates Alternating Standing Gate Opener as named.","None.","Full-loop review found the name, demand, anatomy, structure, and packaged media coherent.","PASS","PASS","PASS","PASS","PASS","PASS","PASS or not applicable","PASS"
"167","CORRECTED","High-Knee March","High-Knee March","name=High-Knee March | demand=1 | primary=HipFlexors | secondary=[AbdominalWall;MedialAndDeepKneeExtensors;LateralKneeExtensors;CalfDeepPosteriorLegAndPlantarFoot;AnteriorLateralLowerLegAndDorsalFoot;ShoulderAbductors] | practice=Running drills | motion=KneeLift | mode=Repetition | presentation=Motion | holdFrame=0 | side=Alternating | direction=None | blocks=[167:None:None:False:Full] | sessionMovement= | insect=Compatible | hardFloor=Compatible","name=High-Knee March | demand=1 | primary=HipFlexors | secondary=[AbdominalWall;MedialAndDeepKneeExtensors;LateralKneeExtensors;CalfDeepPosteriorLegAndPlantarFoot;AnteriorLateralLowerLegAndDorsalFoot;ShoulderAbductors;PelvicFloorAndPerineum] | practice=Running drills | motion=KneeLift | mode=Repetition | presentation=Motion | holdFrame=0 | side=Alternating | direction=None | blocks=[167:None:None:False:Full] | sessionMovement= | insect=Compatible | hardFloor=Compatible","The complete packaged loop demonstrates High-Knee March as named.","secondaryCanonicalGroups: [""AbdominalWall"",""MedialAndDeepKneeExtensors"",""LateralKneeExtensors"",""CalfDeepPosteriorLegAndPlantarFoot"",""AnteriorLateralLowerLegAndDorsalFoot"",""ShoulderAbductors""] => [""AbdominalWall"",""MedialAndDeepKneeExtensors"",""LateralKneeExtensors"",""CalfDeepPosteriorLegAndPlantarFoot"",""AnteriorLateralLowerLegAndDorsalFoot"",""ShoulderAbductors"",""PelvicFloorAndPerineum""]","Associations were trimmed to meaningful visible mechanics; pelvic-floor involvement is retained only as evidence-supported secondary work for gait, single-leg support, or impact.","PASS","PASS","PASS","PASS","PASS","PASS","PASS or not applicable","PASS"
"168","CORRECTED","Toy Soldier March","Toy Soldier March","name=Toy Soldier March | demand=0 | primary=PosteriorThighAndKneeFlexors | secondary=[HipFlexors;AnteriorLateralLowerLegAndDorsalFoot;AbdominalWall] | practice=Standing mobility and movement practice | motion=KneeLift | mode=Repetition | presentation=Motion | holdFrame=0 | side=Alternating | direction=None | blocks=[168:None:None:False:Full] | sessionMovement= | insect=Compatible | hardFloor=Compatible","name=Toy Soldier March | demand=0 | primary=PosteriorThighAndKneeFlexors | secondary=[HipFlexors;AnteriorLateralLowerLegAndDorsalFoot;AbdominalWall;PelvicFloorAndPerineum] | practice=Standing mobility and movement practice | motion=KneeLift | mode=Repetition | presentation=Motion | holdFrame=0 | side=Alternating | direction=None | blocks=[168:None:None:False:Full] | sessionMovement= | insect=Compatible | hardFloor=Compatible","The complete packaged loop demonstrates Toy Soldier March as named.","secondaryCanonicalGroups: [""HipFlexors"",""AnteriorLateralLowerLegAndDorsalFoot"",""AbdominalWall""] => [""HipFlexors"",""AnteriorLateralLowerLegAndDorsalFoot"",""AbdominalWall"",""PelvicFloorAndPerineum""]","Associations were trimmed to meaningful visible mechanics; pelvic-floor involvement is retained only as evidence-supported secondary work for gait, single-leg support, or impact.","PASS","PASS","PASS","PASS","PASS","PASS","PASS or not applicable","PASS"
"169","CORRECTED","High-Knee Pulldown March","High-Knee Pulldown March","name=High-Knee Pulldown March | demand=1 | primary=HipFlexors | secondary=[ShoulderAdductorsAndExtensors;ShoulderAbductors;ScapularGirdle;ElbowFlexors;AbdominalWall] | practice=Low-impact conditioning | motion=HighKneePulldown | mode=Repetition | presentation=Motion | holdFrame=0 | side=Alternating | direction=None | blocks=[169:None:None:False:Full] | sessionMovement= | insect=Compatible | hardFloor=Compatible","name=High-Knee Pulldown March | demand=1 | primary=HipFlexors | secondary=[ShoulderAdductorsAndExtensors;ShoulderAbductors;ScapularGirdle;ElbowFlexors;AbdominalWall;PelvicFloorAndPerineum] | practice=Low-impact conditioning | motion=HighKneePulldown | mode=Repetition | presentation=Motion | holdFrame=0 | side=Alternating | direction=None | blocks=[169:None:None:False:Full] | sessionMovement= | insect=Compatible | hardFloor=Compatible","The complete packaged loop demonstrates High-Knee Pulldown March as named.","secondaryCanonicalGroups: [""ShoulderAdductorsAndExtensors"",""ShoulderAbductors"",""ScapularGirdle"",""ElbowFlexors"",""AbdominalWall""] => [""ShoulderAdductorsAndExtensors"",""ShoulderAbductors"",""ScapularGirdle"",""ElbowFlexors"",""AbdominalWall"",""PelvicFloorAndPerineum""]","Associations were trimmed to meaningful visible mechanics; pelvic-floor involvement is retained only as evidence-supported secondary work for gait, single-leg support, or impact.","PASS","PASS","PASS","PASS","PASS","PASS","PASS or not applicable","PASS"
"170","PASS","Alternating Cross-Body Knee Drive","Alternating Cross-Body Knee Drive","name=Alternating Cross-Body Knee Drive | demand=1 | primary=AbdominalWall | secondary=[HipFlexors;DeepAndIntersegmentalBack] | practice=Standing mobility and movement practice | motion=KneeLift | mode=Repetition | presentation=Motion | holdFrame=0 | side=Alternating | direction=None | blocks=[170:None:None:False:Full] | sessionMovement= | insect=Compatible | hardFloor=Compatible","name=Alternating Cross-Body Knee Drive | demand=1 | primary=AbdominalWall | secondary=[HipFlexors;DeepAndIntersegmentalBack] | practice=Standing mobility and movement practice | motion=KneeLift | mode=Repetition | presentation=Motion | holdFrame=0 | side=Alternating | direction=None | blocks=[170:None:None:False:Full] | sessionMovement= | insect=Compatible | hardFloor=Compatible","The complete packaged loop demonstrates Alternating Cross-Body Knee Drive as named.","None.","Full-loop review found the name, demand, anatomy, structure, and packaged media coherent.","PASS","PASS","PASS","PASS","PASS","PASS","PASS or not applicable","PASS"
"171","PASS","Alternating Hamstring Sweep","Alternating Hamstring Sweep","name=Alternating Hamstring Sweep | demand=0 | primary=PosteriorThighAndKneeFlexors | secondary=[AnteriorLateralLowerLegAndDorsalFoot;HipFlexors] | practice=Standing mobility and movement practice | motion=LegBalance | mode=Repetition | presentation=Motion | holdFrame=0 | side=Alternating | direction=None | blocks=[171:None:None:False:Full] | sessionMovement= | insect=Compatible | hardFloor=Compatible","name=Alternating Hamstring Sweep | demand=0 | primary=PosteriorThighAndKneeFlexors | secondary=[AnteriorLateralLowerLegAndDorsalFoot;HipFlexors] | practice=Standing mobility and movement practice | motion=LegBalance | mode=Repetition | presentation=Motion | holdFrame=0 | side=Alternating | direction=None | blocks=[171:None:None:False:Full] | sessionMovement= | insect=Compatible | hardFloor=Compatible","The complete packaged loop demonstrates Alternating Hamstring Sweep as named.","None.","Full-loop review found the name, demand, anatomy, structure, and packaged media coherent.","PASS","PASS","PASS","PASS","PASS","PASS","PASS or not applicable","PASS"
"173","PASS","Alternating Side Knee Lift","Alternating Side Knee Lift","name=Alternating Side Knee Lift | demand=1 | primary=HipFlexors | secondary=[HipAbductors;AbdominalWall] | practice=Bodyweight conditioning | motion=KneeLift | mode=Repetition | presentation=Motion | holdFrame=0 | side=Alternating | direction=None | blocks=[173:None:None:False:Full] | sessionMovement= | insect=Incompatible | hardFloor=Compatible","name=Alternating Side Knee Lift | demand=1 | primary=HipFlexors | secondary=[HipAbductors;AbdominalWall] | practice=Bodyweight conditioning | motion=KneeLift | mode=Repetition | presentation=Motion | holdFrame=0 | side=Alternating | direction=None | blocks=[173:None:None:False:Full] | sessionMovement= | insect=Incompatible | hardFloor=Compatible","The complete packaged loop demonstrates Alternating Side Knee Lift as named.","None.","Full-loop review found the name, demand, anatomy, structure, and packaged media coherent.","PASS","PASS","PASS","PASS","PASS","PASS","PASS or not applicable","PASS"
"174","PASS","Alternating Front Kick Toe Touch","Alternating Front Kick Toe Touch","name=Alternating Front Kick Toe Touch | demand=1 | primary=AnteriorLateralLowerLegAndDorsalFoot | secondary=[HipFlexors;MedialAndDeepKneeExtensors;LateralKneeExtensors;AbdominalWall] | practice=Standing mobility and movement practice | motion=LegFront | mode=Repetition | presentation=Motion | holdFrame=0 | side=Alternating | direction=None | blocks=[174:None:None:False:Full] | sessionMovement= | insect=Compatible | hardFloor=Compatible","name=Alternating Front Kick Toe Touch | demand=1 | primary=AnteriorLateralLowerLegAndDorsalFoot | secondary=[HipFlexors;MedialAndDeepKneeExtensors;LateralKneeExtensors;AbdominalWall] | practice=Standing mobility and movement practice | motion=LegFront | mode=Repetition | presentation=Motion | holdFrame=0 | side=Alternating | direction=None | blocks=[174:None:None:False:Full] | sessionMovement= | insect=Compatible | hardFloor=Compatible","The complete packaged loop demonstrates Alternating Front Kick Toe Touch as named.","None.","Full-loop review found the name, demand, anatomy, structure, and packaged media coherent.","PASS","PASS","PASS","PASS","PASS","PASS","PASS or not applicable","PASS"
"176","PASS","Shibashi Squat with Diagonal Torso Turn","Shibashi Squat with Diagonal Torso Turn","name=Shibashi Squat with Diagonal Torso Turn | demand=1 | primary=DeepHipRotators | secondary=[DeepAndIntersegmentalBack;RotatorCuff;ScapularGirdle;AbdominalWall] | practice=Taiji Qigong Shibashi | motion=TorsoRotation | mode=Repetition | presentation=Motion | holdFrame=0 | side=Alternating | direction=None | blocks=[176:None:None:False:Full] | sessionMovement= | insect=Incompatible | hardFloor=Compatible","name=Shibashi Squat with Diagonal Torso Turn | demand=1 | primary=DeepHipRotators | secondary=[DeepAndIntersegmentalBack;RotatorCuff;ScapularGirdle;AbdominalWall] | practice=Taiji Qigong Shibashi | motion=TorsoRotation | mode=Repetition | presentation=Motion | holdFrame=0 | side=Alternating | direction=None | blocks=[176:None:None:False:Full] | sessionMovement= | insect=Incompatible | hardFloor=Compatible","The complete packaged loop demonstrates Shibashi Squat with Diagonal Torso Turn as named.","None.","Full-loop review found the name, demand, anatomy, structure, and packaged media coherent.","PASS","PASS","PASS","PASS","PASS","PASS","PASS or not applicable","PASS"
"177","PASS","Standing Hip Airplane","Standing Hip Airplane","name=Standing Hip Airplane | demand=2 | primary=DeepHipRotators | secondary=[HipAbductors;GlutealExtensors;PosteriorThighAndKneeFlexors;SpinalExtensors;DeepAndIntersegmentalBack;AbdominalWall;CalfDeepPosteriorLegAndPlantarFoot] | practice=Hip stability training | motion=HipAirplane | mode=Repetition | presentation=Motion | holdFrame=0 | side=ScreenRightThenLeft | direction=None | blocks=[177:ScreenRight:None:False:Full;177:ScreenLeft:None:True:Full;186:ScreenRight:None:False:Full;186:ScreenLeft:None:True:Full] | sessionMovement=177 | insect=Incompatible | hardFloor=Compatible","name=Standing Hip Airplane | demand=2 | primary=DeepHipRotators | secondary=[HipAbductors;GlutealExtensors;PosteriorThighAndKneeFlexors;SpinalExtensors;DeepAndIntersegmentalBack;AbdominalWall;CalfDeepPosteriorLegAndPlantarFoot] | practice=Hip stability training | motion=HipAirplane | mode=Repetition | presentation=Motion | holdFrame=0 | side=ScreenRightThenLeft | direction=None | blocks=[177:ScreenRight:None:False:Full;177:ScreenLeft:None:True:Full;186:ScreenRight:None:False:Full;186:ScreenLeft:None:True:Full] | sessionMovement=177 | insect=Incompatible | hardFloor=Compatible","The complete packaged loop demonstrates Standing Hip Airplane as named.","None.","Full-loop review found the name, demand, anatomy, structure, and packaged media coherent.","PASS","PASS","PASS","PASS","PASS","PASS","PASS or not applicable","PASS"
"178","PASS","Crescent Kick","Crescent Kick","name=Crescent Kick | demand=1 | primary=DeepHipRotators | secondary=[HipFlexors;HipAbductors;MedialAndDeepKneeExtensors;LateralKneeExtensors] | practice=Standing mobility and movement practice | motion=LegFront | mode=Repetition | presentation=Motion | holdFrame=0 | side=ScreenRightThenLeft | direction=None | blocks=[178:ScreenRight:None:False:Full;178:ScreenLeft:None:True:Full;535:None:None:False:Full] | sessionMovement= | insect=Compatible | hardFloor=Compatible","name=Crescent Kick | demand=1 | primary=DeepHipRotators | secondary=[HipFlexors;HipAbductors;MedialAndDeepKneeExtensors;LateralKneeExtensors] | practice=Standing mobility and movement practice | motion=LegFront | mode=Repetition | presentation=Motion | holdFrame=0 | side=ScreenRightThenLeft | direction=None | blocks=[178:ScreenRight:None:False:Full;178:ScreenLeft:None:True:Full;535:None:None:False:Full] | sessionMovement= | insect=Compatible | hardFloor=Compatible","The complete packaged loop demonstrates Crescent Kick as named.","None.","Full-loop review found the name, demand, anatomy, structure, and packaged media coherent.","PASS","PASS","PASS","PASS","PASS","PASS","PASS or not applicable","PASS"
"179","PASS","Hip-Hinge Rear-Leg Raises","Hip-Hinge Rear-Leg Raises","name=Hip-Hinge Rear-Leg Raises | demand=1 | primary=PosteriorThighAndKneeFlexors | secondary=[HipFlexors;MedialAndDeepKneeExtensors;LateralKneeExtensors] | practice=Standing posterior-chain conditioning | motion=HipHingeRearLegRaise | mode=Repetition | presentation=Motion | holdFrame=0 | side=ScreenLeftThenRight | direction=None | blocks=[179:ScreenLeft:None:False:Full;179:ScreenRight:None:True:Full;539:None:None:False:Full] | sessionMovement= | insect=Compatible | hardFloor=Compatible","name=Hip-Hinge Rear-Leg Raises | demand=1 | primary=PosteriorThighAndKneeFlexors | secondary=[HipFlexors;MedialAndDeepKneeExtensors;LateralKneeExtensors] | practice=Standing posterior-chain conditioning | motion=HipHingeRearLegRaise | mode=Repetition | presentation=Motion | holdFrame=0 | side=ScreenLeftThenRight | direction=None | blocks=[179:ScreenLeft:None:False:Full;179:ScreenRight:None:True:Full;539:None:None:False:Full] | sessionMovement= | insect=Compatible | hardFloor=Compatible","The complete packaged loop demonstrates Hip-Hinge Rear-Leg Raises as named.","None.","Full-loop review found the name, demand, anatomy, structure, and packaged media coherent.","PASS","PASS","PASS","PASS","PASS","PASS","PASS or not applicable","PASS"
"180","PASS","Standing Front Snap Kicks","Standing Front Snap Kicks","name=Standing Front Snap Kicks | demand=1 | primary=LateralKneeExtensors | secondary=[MedialAndDeepKneeExtensors;HipFlexors] | practice=Karate | motion=FrontSnapKick | mode=Repetition | presentation=Motion | holdFrame=0 | side=ScreenRightThenLeft | direction=None | blocks=[180:ScreenRight:None:False:Full;180:ScreenLeft:None:True:Full;534:None:None:False:Full] | sessionMovement= | insect=Compatible | hardFloor=Compatible","name=Standing Front Snap Kicks | demand=1 | primary=LateralKneeExtensors | secondary=[MedialAndDeepKneeExtensors;HipFlexors] | practice=Karate | motion=FrontSnapKick | mode=Repetition | presentation=Motion | holdFrame=0 | side=ScreenRightThenLeft | direction=None | blocks=[180:ScreenRight:None:False:Full;180:ScreenLeft:None:True:Full;534:None:None:False:Full] | sessionMovement= | insect=Compatible | hardFloor=Compatible","The complete packaged loop demonstrates Standing Front Snap Kicks as named.","None.","Full-loop review found the name, demand, anatomy, structure, and packaged media coherent.","PASS","PASS","PASS","PASS","PASS","PASS","PASS or not applicable","PASS"
"181","PASS","Karate Side Thrust Kick","Karate Side Thrust Kick","name=Karate Side Thrust Kick | demand=1 | primary=HipAbductors | secondary=[MedialAndDeepKneeExtensors;LateralKneeExtensors;GlutealExtensors;DeepHipRotators] | practice=Karate | motion=LegSide | mode=Repetition | presentation=Motion | holdFrame=0 | side=ScreenLeftThenRight | direction=None | blocks=[181:ScreenLeft:None:False:Full;181:ScreenRight:None:True:Full;536:None:None:False:Full] | sessionMovement= | insect=Compatible | hardFloor=Compatible","name=Karate Side Thrust Kick | demand=1 | primary=HipAbductors | secondary=[MedialAndDeepKneeExtensors;LateralKneeExtensors;GlutealExtensors;DeepHipRotators] | practice=Karate | motion=LegSide | mode=Repetition | presentation=Motion | holdFrame=0 | side=ScreenLeftThenRight | direction=None | blocks=[181:ScreenLeft:None:False:Full;181:ScreenRight:None:True:Full;536:None:None:False:Full] | sessionMovement= | insect=Compatible | hardFloor=Compatible","The complete packaged loop demonstrates Karate Side Thrust Kick as named.","None.","Full-loop review found the name, demand, anatomy, structure, and packaged media coherent.","PASS","PASS","PASS","PASS","PASS","PASS","PASS or not applicable","PASS"
"182","PASS","Capoeira Armada de Frente","Capoeira Armada de Frente","name=Capoeira Armada de Frente | demand=1 | primary=HipFlexors | secondary=[DeepHipRotators;AbdominalWall;HipAbductors;MajorHipAdductors] | practice=Capoeira | motion=MartialKick | mode=Repetition | presentation=Motion | holdFrame=0 | side=ScreenRightThenLeft | direction=None | blocks=[182:ScreenRight:None:False:Full;182:ScreenLeft:None:True:Full] | sessionMovement= | insect=Compatible | hardFloor=Compatible","name=Capoeira Armada de Frente | demand=1 | primary=HipFlexors | secondary=[DeepHipRotators;AbdominalWall;HipAbductors;MajorHipAdductors] | practice=Capoeira | motion=MartialKick | mode=Repetition | presentation=Motion | holdFrame=0 | side=ScreenRightThenLeft | direction=None | blocks=[182:ScreenRight:None:False:Full;182:ScreenLeft:None:True:Full] | sessionMovement= | insect=Compatible | hardFloor=Compatible","The complete packaged loop demonstrates Capoeira Armada de Frente as named.","None.","Full-loop review found the name, demand, anatomy, structure, and packaged media coherent.","PASS","PASS","PASS","PASS","PASS","PASS","PASS or not applicable","PASS"
"183","PASS","Capoeira Queixada","Capoeira Queixada","name=Capoeira Queixada | demand=1 | primary=HipAbductors | secondary=[HipFlexors;DeepHipRotators;MajorHipAdductors;AbdominalWall;GlutealExtensors] | practice=Capoeira | motion=MartialKick | mode=Repetition | presentation=Motion | holdFrame=0 | side=ScreenRightThenLeft | direction=None | blocks=[183:ScreenRight:None:False:Full;183:ScreenLeft:None:True:Full] | sessionMovement= | insect=Compatible | hardFloor=Compatible","name=Capoeira Queixada | demand=1 | primary=HipAbductors | secondary=[HipFlexors;DeepHipRotators;MajorHipAdductors;AbdominalWall;GlutealExtensors] | practice=Capoeira | motion=MartialKick | mode=Repetition | presentation=Motion | holdFrame=0 | side=ScreenRightThenLeft | direction=None | blocks=[183:ScreenRight:None:False:Full;183:ScreenLeft:None:True:Full] | sessionMovement= | insect=Compatible | hardFloor=Compatible","The complete packaged loop demonstrates Capoeira Queixada as named.","None.","Full-loop review found the name, demand, anatomy, structure, and packaged media coherent.","PASS","PASS","PASS","PASS","PASS","PASS","PASS or not applicable","PASS"
"184","PASS","Split-Squat Hold","Split-Squat Hold","name=Split-Squat Hold | demand=2 | primary=MedialAndDeepKneeExtensors | secondary=[LateralKneeExtensors;GlutealExtensors;PosteriorThighAndKneeFlexors;CalfDeepPosteriorLegAndPlantarFoot;AbdominalWall] | practice=Bodyweight isometrics | motion=SplitSquatHold | mode=Hold | presentation=Still | holdFrame=50 | side=ScreenRightThenLeft | direction=None | blocks=[] | sessionMovement=120 | insect=Incompatible | hardFloor=Compatible","name=Split-Squat Hold | demand=2 | primary=MedialAndDeepKneeExtensors | secondary=[LateralKneeExtensors;GlutealExtensors;PosteriorThighAndKneeFlexors;CalfDeepPosteriorLegAndPlantarFoot;AbdominalWall] | practice=Bodyweight isometrics | motion=SplitSquatHold | mode=Hold | presentation=Still | holdFrame=50 | side=ScreenRightThenLeft | direction=None | blocks=[] | sessionMovement=120 | insect=Incompatible | hardFloor=Compatible","The complete packaged loop demonstrates Split-Squat Hold as named.","None.","Full-loop review found the name, demand, anatomy, structure, and packaged media coherent.","PASS","PASS","PASS","PASS","PASS","PASS","PASS or not applicable","PASS"
"185","PASS","Shibashi Side-to-Side Cloud Hands","Shibashi Side-to-Side Cloud Hands","name=Shibashi Side-to-Side Cloud Hands | demand=0 | primary=DeepHipRotators | secondary=[DeepAndIntersegmentalBack;HipAbductors;AccessoryHipAdductors;ScapularGirdle;RotatorCuff] | practice=Taiji Qigong Shibashi | motion=CloudHands | mode=Repetition | presentation=Motion | holdFrame=0 | side=Alternating | direction=None | blocks=[185:None:None:False:Full] | sessionMovement= | insect=Incompatible | hardFloor=Compatible","name=Shibashi Side-to-Side Cloud Hands | demand=0 | primary=DeepHipRotators | secondary=[DeepAndIntersegmentalBack;HipAbductors;AccessoryHipAdductors;ScapularGirdle;RotatorCuff] | practice=Taiji Qigong Shibashi | motion=CloudHands | mode=Repetition | presentation=Motion | holdFrame=0 | side=Alternating | direction=None | blocks=[185:None:None:False:Full] | sessionMovement= | insect=Incompatible | hardFloor=Compatible","The complete packaged loop demonstrates Shibashi Side-to-Side Cloud Hands as named.","None.","Full-loop review found the name, demand, anatomy, structure, and packaged media coherent.","PASS","PASS","PASS","PASS","PASS","PASS","PASS or not applicable","PASS"
"186","PASS","Hip-Airplane Hold","Hip-Airplane Hold","name=Hip-Airplane Hold | demand=2 | primary=DeepHipRotators | secondary=[HipFlexors;HipAbductors;GlutealExtensors;PosteriorThighAndKneeFlexors;SpinalExtensors;DeepAndIntersegmentalBack;AbdominalWall;CalfDeepPosteriorLegAndPlantarFoot] | practice=Hip stability training | motion=HipAirplaneHold | mode=Hold | presentation=Still | holdFrame=50 | side=ScreenRightThenLeft | direction=None | blocks=[] | sessionMovement=177 | insect=Incompatible | hardFloor=Compatible","name=Hip-Airplane Hold | demand=2 | primary=DeepHipRotators | secondary=[HipFlexors;HipAbductors;GlutealExtensors;PosteriorThighAndKneeFlexors;SpinalExtensors;DeepAndIntersegmentalBack;AbdominalWall;CalfDeepPosteriorLegAndPlantarFoot] | practice=Hip stability training | motion=HipAirplaneHold | mode=Hold | presentation=Still | holdFrame=50 | side=ScreenRightThenLeft | direction=None | blocks=[] | sessionMovement=177 | insect=Incompatible | hardFloor=Compatible","The complete packaged loop demonstrates Hip-Airplane Hold as named.","None.","Full-loop review found the name, demand, anatomy, structure, and packaged media coherent.","PASS","PASS","PASS","PASS","PASS","PASS","PASS or not applicable","PASS"
"187","PASS","Standing Heel-and-Toe Raises","Standing Heel-and-Toe Raises","name=Standing Heel-and-Toe Raises | demand=1 | primary=CalfDeepPosteriorLegAndPlantarFoot | secondary=[Soleus;AnteriorLateralLowerLegAndDorsalFoot] | practice=Calf and ankle strengthening | motion=HeelToeRaise | mode=Repetition | presentation=Motion | holdFrame=0 | side=Continuous | direction=None | blocks=[187:None:None:False:Full] | sessionMovement= | insect=Incompatible | hardFloor=Incompatible","name=Standing Heel-and-Toe Raises | demand=1 | primary=CalfDeepPosteriorLegAndPlantarFoot | secondary=[Soleus;AnteriorLateralLowerLegAndDorsalFoot] | practice=Calf and ankle strengthening | motion=HeelToeRaise | mode=Repetition | presentation=Motion | holdFrame=0 | side=Continuous | direction=None | blocks=[187:None:None:False:Full] | sessionMovement= | insect=Incompatible | hardFloor=Incompatible","The complete packaged loop demonstrates Standing Heel-and-Toe Raises as named.","None.","Full-loop review found the name, demand, anatomy, structure, and packaged media coherent.","PASS","PASS","PASS","PASS","PASS","PASS","PASS or not applicable","PASS"
"188","PASS","Narrow Turned-Out Shallow Squat","Narrow Turned-Out Shallow Squat","name=Narrow Turned-Out Shallow Squat | demand=1 | primary=MedialAndDeepKneeExtensors | secondary=[LateralKneeExtensors;GlutealExtensors] | practice=Ballet | motion=Squat | mode=Repetition | presentation=Motion | holdFrame=0 | side=Continuous | direction=None | blocks=[188:None:None:False:Full] | sessionMovement= | insect=Incompatible | hardFloor=Compatible","name=Narrow Turned-Out Shallow Squat | demand=1 | primary=MedialAndDeepKneeExtensors | secondary=[LateralKneeExtensors;GlutealExtensors] | practice=Ballet | motion=Squat | mode=Repetition | presentation=Motion | holdFrame=0 | side=Continuous | direction=None | blocks=[188:None:None:False:Full] | sessionMovement= | insect=Incompatible | hardFloor=Compatible","The complete packaged loop demonstrates Narrow Turned-Out Shallow Squat as named.","None.","Full-loop review found the name, demand, anatomy, structure, and packaged media coherent.","PASS","PASS","PASS","PASS","PASS","PASS","PASS or not applicable","PASS"
"190","CORRECTED","Ballet Grand Plie","Ballet Grand Plie","name=Ballet Grand Plie | demand=2 | primary=MajorHipAdductors | secondary=[AccessoryHipAdductors;MedialAndDeepKneeExtensors;LateralKneeExtensors;GlutealExtensors;DeepHipRotators;PelvicFloorAndPerineum] | practice=Ballet | motion=Squat | mode=Repetition | presentation=Motion | holdFrame=0 | side=Continuous | direction=None | blocks=[190:None:None:False:Full] | sessionMovement= | insect=Compatible | hardFloor=Compatible","name=Ballet Grand Plie | demand=2 | primary=MajorHipAdductors | secondary=[AccessoryHipAdductors;MedialAndDeepKneeExtensors;LateralKneeExtensors;GlutealExtensors;DeepHipRotators] | practice=Ballet | motion=Squat | mode=Repetition | presentation=Motion | holdFrame=0 | side=Continuous | direction=None | blocks=[190:None:None:False:Full] | sessionMovement= | insect=Compatible | hardFloor=Compatible","The complete packaged loop demonstrates Ballet Grand Plie as named.","secondaryCanonicalGroups: [""AccessoryHipAdductors"",""MedialAndDeepKneeExtensors"",""LateralKneeExtensors"",""GlutealExtensors"",""DeepHipRotators"",""PelvicFloorAndPerineum""] => [""AccessoryHipAdductors"",""MedialAndDeepKneeExtensors"",""LateralKneeExtensors"",""GlutealExtensors"",""DeepHipRotators""]","The full loop supports the named movement, but inherited or duplicative secondary associations were removed so only meaningful involvement remains.","PASS","PASS","PASS","PASS","PASS","PASS","PASS or not applicable","PASS"
"191","PASS","Unsupported Standing Toe Raises","Unsupported Standing Toe Raises","name=Unsupported Standing Toe Raises | demand=1 | primary=AnteriorLateralLowerLegAndDorsalFoot | secondary=[] | practice=Foot and ankle strengthening | motion=ToeRaise | mode=Repetition | presentation=Motion | holdFrame=0 | side=Continuous | direction=None | blocks=[191:None:None:False:Full] | sessionMovement= | insect=Incompatible | hardFloor=Incompatible","name=Unsupported Standing Toe Raises | demand=1 | primary=AnteriorLateralLowerLegAndDorsalFoot | secondary=[] | practice=Foot and ankle strengthening | motion=ToeRaise | mode=Repetition | presentation=Motion | holdFrame=0 | side=Continuous | direction=None | blocks=[191:None:None:False:Full] | sessionMovement= | insect=Incompatible | hardFloor=Incompatible","The complete packaged loop demonstrates Unsupported Standing Toe Raises as named.","None.","Full-loop review found the name, demand, anatomy, structure, and packaged media coherent.","PASS","PASS","PASS","PASS","PASS","PASS","PASS or not applicable","PASS"
"192","PASS","Alternating Lateral Lunge with Knee Drive","Alternating Lateral Lunge with Knee Drive","name=Alternating Lateral Lunge with Knee Drive | demand=2 | primary=AccessoryHipAdductors | secondary=[MajorHipAdductors;MedialAndDeepKneeExtensors;LateralKneeExtensors;GlutealExtensors;HipAbductors;HipFlexors;AbdominalWall;CalfDeepPosteriorLegAndPlantarFoot] | practice=Bodyweight conditioning | motion=LateralLungeKneeDrive | mode=Repetition | presentation=Motion | holdFrame=0 | side=Alternating | direction=None | blocks=[192:None:None:False:Full] | sessionMovement= | insect=Compatible | hardFloor=Compatible","name=Alternating Lateral Lunge with Knee Drive | demand=2 | primary=AccessoryHipAdductors | secondary=[MajorHipAdductors;MedialAndDeepKneeExtensors;LateralKneeExtensors;GlutealExtensors;HipAbductors;HipFlexors;AbdominalWall;CalfDeepPosteriorLegAndPlantarFoot] | practice=Bodyweight conditioning | motion=LateralLungeKneeDrive | mode=Repetition | presentation=Motion | holdFrame=0 | side=Alternating | direction=None | blocks=[192:None:None:False:Full] | sessionMovement= | insect=Compatible | hardFloor=Compatible","The complete packaged loop demonstrates Alternating Lateral Lunge with Knee Drive as named.","None.","Full-loop review found the name, demand, anatomy, structure, and packaged media coherent.","PASS","PASS","PASS","PASS","PASS","PASS","PASS or not applicable","PASS"
"193","CORRECTED","Wide-Squat Floor-to-Overhead Reach","Wide-Stance Floor-to-Overhead Reach","name=Wide-Squat Floor-to-Overhead Reach | demand=2 | primary=SpinalExtensors | secondary=[PosteriorThighAndKneeFlexors;GlutealExtensors;AbdominalWall;ShoulderAbductors] | practice=Standing mobility | motion=SquatOverheadReach | mode=Repetition | presentation=Motion | holdFrame=0 | side=Continuous | direction=None | blocks=[193:None:None:False:Full] | sessionMovement= | insect=Compatible | hardFloor=Compatible","name=Wide-Stance Floor-to-Overhead Reach | demand=1 | primary=PosteriorThighAndKneeFlexors | secondary=[GlutealExtensors;SpinalExtensors;DeepAndIntersegmentalBack;ShoulderAbductors;ScapularGirdle] | practice=Standing mobility | motion=HipHingeOverheadReach | mode=Repetition | presentation=Motion | holdFrame=0 | side=Continuous | direction=None | blocks=[193:None:None:False:Full] | sessionMovement= | insect=Compatible | hardFloor=Compatible","A wide planted stance, hip hinge toward the floor, then a rise into a two-arm overhead reach; no repeated squat is performed.","motionProfile: SquatOverheadReach => HipHingeOverheadReach | muscularDemand: 2 => 1 | name: Wide-Squat Floor-to-Overhead Reach => Wide-Stance Floor-to-Overhead Reach | primaryCanonicalGroup: SpinalExtensors => PosteriorThighAndKneeFlexors | secondaryCanonicalGroups: [""PosteriorThighAndKneeFlexors"",""GlutealExtensors"",""AbdominalWall"",""ShoulderAbductors""] => [""GlutealExtensors"",""SpinalExtensors"",""DeepAndIntersegmentalBack"",""ShoulderAbductors"",""ScapularGirdle""]","The seed mismatch was confirmed: the loop hinges but does not squat, so the name, motion, anatomy, and demand now follow the hinge/reach.","PASS","PASS","PASS","PASS","PASS","PASS","PASS or not applicable","PASS"
"194","PASS","Heel Walks","Heel Walks","name=Heel Walks | demand=1 | primary=AnteriorLateralLowerLegAndDorsalFoot | secondary=[DeepAndIntersegmentalBack] | practice=Gait retraining | motion=HeelWalk | mode=Repetition | presentation=Motion | holdFrame=0 | side=Alternating | direction=None | blocks=[194:None:None:False:Full] | sessionMovement= | insect=Compatible | hardFloor=Incompatible","name=Heel Walks | demand=1 | primary=AnteriorLateralLowerLegAndDorsalFoot | secondary=[DeepAndIntersegmentalBack] | practice=Gait retraining | motion=HeelWalk | mode=Repetition | presentation=Motion | holdFrame=0 | side=Alternating | direction=None | blocks=[194:None:None:False:Full] | sessionMovement= | insect=Compatible | hardFloor=Incompatible","The complete packaged loop demonstrates Heel Walks as named.","None.","Full-loop review found the name, demand, anatomy, structure, and packaged media coherent.","PASS","PASS","PASS","PASS","PASS","PASS","PASS or not applicable","PASS"
"195","CORRECTED","Side Lunge to Knee-Up Balance","Side Lunge to Knee-Up Balance","name=Side Lunge to Knee-Up Balance | demand=2 | primary=HipAbductors | secondary=[MajorHipAdductors;AccessoryHipAdductors;MedialAndDeepKneeExtensors;LateralKneeExtensors;GlutealExtensors;DeepHipRotators;HipFlexors;CalfDeepPosteriorLegAndPlantarFoot;AnteriorLateralLowerLegAndDorsalFoot;AbdominalWall] | practice=Balance training | motion=LateralLungeKneeUpBalance | mode=Repetition | presentation=Motion | holdFrame=0 | side=Alternating | direction=None | blocks=[195:None:None:False:Full] | sessionMovement= | insect=Compatible | hardFloor=Compatible","name=Side Lunge to Knee-Up Balance | demand=2 | primary=HipAbductors | secondary=[GlutealExtensors;MedialAndDeepKneeExtensors;LateralKneeExtensors;HipFlexors;CalfDeepPosteriorLegAndPlantarFoot;AbdominalWall] | practice=Balance training | motion=LateralLungeKneeUpBalance | mode=Repetition | presentation=Motion | holdFrame=0 | side=Alternating | direction=None | blocks=[195:None:None:False:Full] | sessionMovement= | insect=Compatible | hardFloor=Compatible","The complete packaged loop demonstrates Side Lunge to Knee-Up Balance as named.","secondaryCanonicalGroups: [""MajorHipAdductors"",""AccessoryHipAdductors"",""MedialAndDeepKneeExtensors"",""LateralKneeExtensors"",""GlutealExtensors"",""DeepHipRotators"",""HipFlexors"",""CalfDeepPosteriorLegAndPlantarFoot"",""AnteriorLateralLowerLegAndDorsalFoot"",""AbdominalWall""] => [""GlutealExtensors"",""MedialAndDeepKneeExtensors"",""LateralKneeExtensors"",""HipFlexors"",""CalfDeepPosteriorLegAndPlantarFoot"",""AbdominalWall""]","The full loop supports the named movement, but inherited or duplicative secondary associations were removed so only meaningful involvement remains.","PASS","PASS","PASS","PASS","PASS","PASS","PASS or not applicable","PASS"
"196","PASS","B-Stance Squat","B-Stance Squat","name=B-Stance Squat | demand=2 | primary=GlutealExtensors | secondary=[MedialAndDeepKneeExtensors;LateralKneeExtensors;HipAbductors;DeepHipRotators;AbdominalWall] | practice=Bodyweight conditioning | motion=BStanceSquat | mode=Repetition | presentation=Motion | holdFrame=0 | side=ScreenRightThenLeft | direction=None | blocks=[196:ScreenRight:None:False:Full;196:ScreenLeft:None:True:Full] | sessionMovement= | insect=Compatible | hardFloor=Compatible","name=B-Stance Squat | demand=2 | primary=GlutealExtensors | secondary=[MedialAndDeepKneeExtensors;LateralKneeExtensors;HipAbductors;DeepHipRotators;AbdominalWall] | practice=Bodyweight conditioning | motion=BStanceSquat | mode=Repetition | presentation=Motion | holdFrame=0 | side=ScreenRightThenLeft | direction=None | blocks=[196:ScreenRight:None:False:Full;196:ScreenLeft:None:True:Full] | sessionMovement= | insect=Compatible | hardFloor=Compatible","The complete packaged loop demonstrates B-Stance Squat as named.","None.","Full-loop review found the name, demand, anatomy, structure, and packaged media coherent.","PASS","PASS","PASS","PASS","PASS","PASS","PASS or not applicable","PASS"
"197","PASS","Parallel Squat-to-Calf Raise","Parallel Squat-to-Calf Raise","name=Parallel Squat-to-Calf Raise | demand=2 | primary=Soleus | secondary=[CalfDeepPosteriorLegAndPlantarFoot;AccessoryHipAdductors;MedialAndDeepKneeExtensors;LateralKneeExtensors;GlutealExtensors] | practice=Ballet | motion=Squat | mode=Repetition | presentation=Motion | holdFrame=0 | side=Continuous | direction=None | blocks=[197:None:None:False:Full] | sessionMovement= | insect=Compatible | hardFloor=Incompatible","name=Parallel Squat-to-Calf Raise | demand=2 | primary=Soleus | secondary=[CalfDeepPosteriorLegAndPlantarFoot;AccessoryHipAdductors;MedialAndDeepKneeExtensors;LateralKneeExtensors;GlutealExtensors] | practice=Ballet | motion=Squat | mode=Repetition | presentation=Motion | holdFrame=0 | side=Continuous | direction=None | blocks=[197:None:None:False:Full] | sessionMovement= | insect=Compatible | hardFloor=Incompatible","The complete packaged loop demonstrates Parallel Squat-to-Calf Raise as named.","None.","Full-loop review found the name, demand, anatomy, structure, and packaged media coherent.","PASS","PASS","PASS","PASS","PASS","PASS","PASS or not applicable","PASS"
"198","PASS","Wide Squat to Feet-Together Calf Raise","Wide Squat to Feet-Together Calf Raise","name=Wide Squat to Feet-Together Calf Raise | demand=2 | primary=Soleus | secondary=[CalfDeepPosteriorLegAndPlantarFoot;MajorHipAdductors;MedialAndDeepKneeExtensors;LateralKneeExtensors;GlutealExtensors] | practice=Ballet | motion=Squat | mode=Repetition | presentation=Motion | holdFrame=0 | side=Alternating | direction=None | blocks=[198:None:None:False:Full] | sessionMovement= | insect=Compatible | hardFloor=Incompatible","name=Wide Squat to Feet-Together Calf Raise | demand=2 | primary=Soleus | secondary=[CalfDeepPosteriorLegAndPlantarFoot;MajorHipAdductors;MedialAndDeepKneeExtensors;LateralKneeExtensors;GlutealExtensors] | practice=Ballet | motion=Squat | mode=Repetition | presentation=Motion | holdFrame=0 | side=Alternating | direction=None | blocks=[198:None:None:False:Full] | sessionMovement= | insect=Compatible | hardFloor=Incompatible","The complete packaged loop demonstrates Wide Squat to Feet-Together Calf Raise as named.","None.","Full-loop review found the name, demand, anatomy, structure, and packaged media coherent.","PASS","PASS","PASS","PASS","PASS","PASS","PASS or not applicable","PASS"
"199","PASS","Wide-Stance Side-to-Side Squat","Wide-Stance Side-to-Side Squat","name=Wide-Stance Side-to-Side Squat | demand=2 | primary=AccessoryHipAdductors | secondary=[MajorHipAdductors;MedialAndDeepKneeExtensors;LateralKneeExtensors;GlutealExtensors;HipAbductors] | practice=Bodyweight strength | motion=SideLunge | mode=Repetition | presentation=Motion | holdFrame=0 | side=Alternating | direction=None | blocks=[] | sessionMovement= | insect=Compatible | hardFloor=Compatible","name=Wide-Stance Side-to-Side Squat | demand=2 | primary=AccessoryHipAdductors | secondary=[MajorHipAdductors;MedialAndDeepKneeExtensors;LateralKneeExtensors;GlutealExtensors;HipAbductors] | practice=Bodyweight strength | motion=SideLunge | mode=Repetition | presentation=Motion | holdFrame=0 | side=Alternating | direction=None | blocks=[] | sessionMovement= | insect=Compatible | hardFloor=Compatible","The complete packaged loop demonstrates Wide-Stance Side-to-Side Squat as named.","None.","Full-loop review found the name, demand, anatomy, structure, and packaged media coherent.","PASS","PASS","PASS","PASS","PASS","PASS","PASS or not applicable","PASS"
"200","PASS","Good Morning to Squat","Good Morning to Squat","name=Good Morning to Squat | demand=2 | primary=SpinalExtensors | secondary=[DeepAndIntersegmentalBack;PosteriorThighAndKneeFlexors;GlutealExtensors;MedialAndDeepKneeExtensors;LateralKneeExtensors] | practice=Bodyweight conditioning | motion=BackHinge | mode=Repetition | presentation=Motion | holdFrame=0 | side=Continuous | direction=None | blocks=[200:None:None:False:Full] | sessionMovement= | insect=Compatible | hardFloor=Compatible","name=Good Morning to Squat | demand=2 | primary=SpinalExtensors | secondary=[DeepAndIntersegmentalBack;PosteriorThighAndKneeFlexors;GlutealExtensors;MedialAndDeepKneeExtensors;LateralKneeExtensors] | practice=Bodyweight conditioning | motion=BackHinge | mode=Repetition | presentation=Motion | holdFrame=0 | side=Continuous | direction=None | blocks=[200:None:None:False:Full] | sessionMovement= | insect=Compatible | hardFloor=Compatible","The complete packaged loop demonstrates Good Morning to Squat as named.","None.","Full-loop review found the name, demand, anatomy, structure, and packaged media coherent.","PASS","PASS","PASS","PASS","PASS","PASS","PASS or not applicable","PASS"
"201","PASS","Wide-Stance Tiptoe Hold","Wide-Stance Tiptoe Hold","name=Wide-Stance Tiptoe Hold | demand=2 | primary=CalfDeepPosteriorLegAndPlantarFoot | secondary=[Soleus;MajorHipAdductors;AccessoryHipAdductors;MedialAndDeepKneeExtensors;LateralKneeExtensors;GlutealExtensors;AbdominalWall] | practice=Calf isometrics | motion=WideStanceTiptoeHold | mode=Hold | presentation=Still | holdFrame=5 | side=Continuous | direction=None | blocks=[201:None:None:False:Full] | sessionMovement= | insect=Incompatible | hardFloor=Incompatible","name=Wide-Stance Tiptoe Hold | demand=2 | primary=CalfDeepPosteriorLegAndPlantarFoot | secondary=[Soleus;MajorHipAdductors;AccessoryHipAdductors;MedialAndDeepKneeExtensors;LateralKneeExtensors;GlutealExtensors;AbdominalWall] | practice=Calf isometrics | motion=WideStanceTiptoeHold | mode=Hold | presentation=Still | holdFrame=5 | side=Continuous | direction=None | blocks=[201:None:None:False:Full] | sessionMovement= | insect=Incompatible | hardFloor=Incompatible","The complete packaged loop demonstrates Wide-Stance Tiptoe Hold as named.","None.","Full-loop review found the name, demand, anatomy, structure, and packaged media coherent.","PASS","PASS","PASS","PASS","PASS","PASS","PASS or not applicable","PASS"
"203","PASS","Shibashi Split-Stance Wing Open","Shibashi Split-Stance Wing Open","name=Shibashi Split-Stance Wing Open | demand=1 | primary=ShoulderAdductorsAndExtensors | secondary=[ScapularGirdle;ShoulderAbductors;Chest;GlutealExtensors;MedialAndDeepKneeExtensors;LateralKneeExtensors] | practice=Taiji Qigong Shibashi | motion=ChestOpen | mode=Repetition | presentation=Motion | holdFrame=0 | side=ScreenLeftThenRight | direction=None | blocks=[203:ScreenLeft:None:False:Full;203:ScreenRight:None:True:Full] | sessionMovement= | insect=Incompatible | hardFloor=Compatible","name=Shibashi Split-Stance Wing Open | demand=1 | primary=ShoulderAdductorsAndExtensors | secondary=[ScapularGirdle;ShoulderAbductors;Chest;GlutealExtensors;MedialAndDeepKneeExtensors;LateralKneeExtensors] | practice=Taiji Qigong Shibashi | motion=ChestOpen | mode=Repetition | presentation=Motion | holdFrame=0 | side=ScreenLeftThenRight | direction=None | blocks=[203:ScreenLeft:None:False:Full;203:ScreenRight:None:True:Full] | sessionMovement= | insect=Incompatible | hardFloor=Compatible","The complete packaged loop demonstrates Shibashi Split-Stance Wing Open as named.","None.","Full-loop review found the name, demand, anatomy, structure, and packaged media coherent.","PASS","PASS","PASS","PASS","PASS","PASS","PASS or not applicable","PASS"
"211","PASS","Bent-Elbow Wrist-Flexion Stretch","Bent-Elbow Wrist-Flexion Stretch","name=Bent-Elbow Wrist-Flexion Stretch | demand=0 | primary=ForearmExtensorsAndSupinators | secondary=[IntrinsicHand] | practice=Wrist stretching | motion=WristFlexionStretch | mode=Hold | presentation=Still | holdFrame=50 | side=ScreenLeftThenRight | direction=None | blocks=[211:ScreenLeft:None:False:Full;211:ScreenRight:None:True:Full;213:ScreenLeft:None:False:Full;213:ScreenRight:None:True:Full] | sessionMovement= | insect=Incompatible | hardFloor=Compatible","name=Bent-Elbow Wrist-Flexion Stretch | demand=0 | primary=ForearmExtensorsAndSupinators | secondary=[IntrinsicHand] | practice=Wrist stretching | motion=WristFlexionStretch | mode=Hold | presentation=Still | holdFrame=50 | side=ScreenLeftThenRight | direction=None | blocks=[211:ScreenLeft:None:False:Full;211:ScreenRight:None:True:Full;213:ScreenLeft:None:False:Full;213:ScreenRight:None:True:Full] | sessionMovement= | insect=Incompatible | hardFloor=Compatible","The complete packaged loop demonstrates Bent-Elbow Wrist-Flexion Stretch as named.","None.","Full-loop review found the name, demand, anatomy, structure, and packaged media coherent.","PASS","PASS","PASS","PASS","PASS","PASS","PASS or not applicable","PASS"
"212","PASS","Unsupported Sissy Squat","Unsupported Sissy Squat","name=Unsupported Sissy Squat | demand=2 | primary=LateralKneeExtensors | secondary=[MedialAndDeepKneeExtensors;Soleus;AbdominalWall] | practice=Bodyweight strength | motion=SissySquat | mode=Repetition | presentation=Motion | holdFrame=0 | side=Continuous | direction=None | blocks=[212:None:None:False:Full] | sessionMovement= | insect=Compatible | hardFloor=Compatible","name=Unsupported Sissy Squat | demand=2 | primary=LateralKneeExtensors | secondary=[MedialAndDeepKneeExtensors;Soleus;AbdominalWall] | practice=Bodyweight strength | motion=SissySquat | mode=Repetition | presentation=Motion | holdFrame=0 | side=Continuous | direction=None | blocks=[212:None:None:False:Full] | sessionMovement= | insect=Compatible | hardFloor=Compatible","The complete packaged loop demonstrates Unsupported Sissy Squat as named.","None.","Full-loop review found the name, demand, anatomy, structure, and packaged media coherent.","PASS","PASS","PASS","PASS","PASS","PASS","PASS or not applicable","PASS"
"213","PASS","Bent-Elbow Wrist-Extension Stretch","Bent-Elbow Wrist-Extension Stretch","name=Bent-Elbow Wrist-Extension Stretch | demand=0 | primary=ForearmFlexorsAndPronators | secondary=[IntrinsicHand] | practice=Wrist stretching | motion=WristExtensionStretch | mode=Hold | presentation=Still | holdFrame=50 | side=ScreenLeftThenRight | direction=None | blocks=[] | sessionMovement= | insect=Incompatible | hardFloor=Compatible","name=Bent-Elbow Wrist-Extension Stretch | demand=0 | primary=ForearmFlexorsAndPronators | secondary=[IntrinsicHand] | practice=Wrist stretching | motion=WristExtensionStretch | mode=Hold | presentation=Still | holdFrame=50 | side=ScreenLeftThenRight | direction=None | blocks=[] | sessionMovement= | insect=Incompatible | hardFloor=Compatible","The complete packaged loop demonstrates Bent-Elbow Wrist-Extension Stretch as named.","None.","Full-loop review found the name, demand, anatomy, structure, and packaged media coherent.","PASS","PASS","PASS","PASS","PASS","PASS","PASS or not applicable","PASS"
"214","PASS","Inward Wrist Circles","Inward Wrist Circles","name=Inward Wrist Circles | demand=0 | primary=ForearmFlexorsAndPronators | secondary=[ForearmExtensorsAndSupinators] | practice=Hand mobility | motion=WristCircle | mode=Repetition | presentation=Motion | holdFrame=0 | side=ScreenRightThenLeft | direction=None | blocks=[214:ScreenRight:None:False:Full;214:ScreenLeft:None:True:Full;755:ScreenRight:None:False:Full;755:ScreenLeft:None:True:Full] | sessionMovement=214 | insect=Incompatible | hardFloor=Compatible","name=Inward Wrist Circles | demand=0 | primary=ForearmFlexorsAndPronators | secondary=[ForearmExtensorsAndSupinators] | practice=Hand mobility | motion=WristCircle | mode=Repetition | presentation=Motion | holdFrame=0 | side=ScreenRightThenLeft | direction=None | blocks=[214:ScreenRight:None:False:Full;214:ScreenLeft:None:True:Full;755:ScreenRight:None:False:Full;755:ScreenLeft:None:True:Full] | sessionMovement=214 | insect=Incompatible | hardFloor=Compatible","The complete packaged loop demonstrates Inward Wrist Circles as named.","None.","Full-loop review found the name, demand, anatomy, structure, and packaged media coherent.","PASS","PASS","PASS","PASS","PASS","PASS","PASS or not applicable","PASS"
"215","PASS","Forearm Pronation-Supination Flow","Forearm Pronation-Supination Flow","name=Forearm Pronation-Supination Flow | demand=0 | primary=ForearmFlexorsAndPronators | secondary=[ForearmExtensorsAndSupinators] | practice=Forearm mobility | motion=ForearmRotation | mode=Repetition | presentation=Motion | holdFrame=0 | side=ScreenRightThenLeft | direction=None | blocks=[215:ScreenRight:None:False:Full;215:ScreenLeft:None:True:Full] | sessionMovement= | insect=Incompatible | hardFloor=Compatible","name=Forearm Pronation-Supination Flow | demand=0 | primary=ForearmFlexorsAndPronators | secondary=[ForearmExtensorsAndSupinators] | practice=Forearm mobility | motion=ForearmRotation | mode=Repetition | presentation=Motion | holdFrame=0 | side=ScreenRightThenLeft | direction=None | blocks=[215:ScreenRight:None:False:Full;215:ScreenLeft:None:True:Full] | sessionMovement= | insect=Incompatible | hardFloor=Compatible","The complete packaged loop demonstrates Forearm Pronation-Supination Flow as named.","None.","Full-loop review found the name, demand, anatomy, structure, and packaged media coherent.","PASS","PASS","PASS","PASS","PASS","PASS","PASS or not applicable","PASS"
"216","PASS","Interlaced-Finger Palm-Out Stretch","Interlaced-Finger Palm-Out Stretch","name=Interlaced-Finger Palm-Out Stretch | demand=0 | primary=ForearmFlexorsAndPronators | secondary=[IntrinsicHand] | practice=Standing hand and wrist stretching | motion=WristAndFingerFlexorStretch | mode=Hold | presentation=Still | holdFrame=78 | side=Continuous | direction=None | blocks=[216:None:None:False:Full] | sessionMovement= | insect=Incompatible | hardFloor=Compatible","name=Interlaced-Finger Palm-Out Stretch | demand=0 | primary=ForearmFlexorsAndPronators | secondary=[IntrinsicHand] | practice=Standing hand and wrist stretching | motion=WristAndFingerFlexorStretch | mode=Hold | presentation=Still | holdFrame=78 | side=Continuous | direction=None | blocks=[216:None:None:False:Full] | sessionMovement= | insect=Incompatible | hardFloor=Compatible","The complete packaged loop demonstrates Interlaced-Finger Palm-Out Stretch as named.","None.","Full-loop review found the name, demand, anatomy, structure, and packaged media coherent.","PASS","PASS","PASS","PASS","PASS","PASS","PASS or not applicable","PASS"
"217","PASS","Tree Pose Hold","Tree Pose Hold","name=Tree Pose Hold | demand=1 | primary=HipAbductors | secondary=[DeepHipRotators;GlutealExtensors;CalfDeepPosteriorLegAndPlantarFoot;AnteriorLateralLowerLegAndDorsalFoot;AbdominalWall] | practice=Yoga | motion=BalanceHold | mode=Hold | presentation=Still | holdFrame=50 | side=ScreenLeftThenRight | direction=None | blocks=[217:ScreenLeft:None:False:Full;217:ScreenRight:None:True:Full] | sessionMovement= | insect=Incompatible | hardFloor=Compatible","name=Tree Pose Hold | demand=1 | primary=HipAbductors | secondary=[DeepHipRotators;GlutealExtensors;CalfDeepPosteriorLegAndPlantarFoot;AnteriorLateralLowerLegAndDorsalFoot;AbdominalWall] | practice=Yoga | motion=BalanceHold | mode=Hold | presentation=Still | holdFrame=50 | side=ScreenLeftThenRight | direction=None | blocks=[217:ScreenLeft:None:False:Full;217:ScreenRight:None:True:Full] | sessionMovement= | insect=Incompatible | hardFloor=Compatible","The complete packaged loop demonstrates Tree Pose Hold as named.","None.","Full-loop review found the name, demand, anatomy, structure, and packaged media coherent.","PASS","PASS","PASS","PASS","PASS","PASS","PASS or not applicable","PASS"
"218","PASS","Sequential Finger Waves","Sequential Finger Waves","name=Sequential Finger Waves | demand=0 | primary=IntrinsicHand | secondary=[ForearmFlexorsAndPronators;ForearmExtensorsAndSupinators] | practice=Hand coordination | motion=SequentialFingerWave | mode=Repetition | presentation=Motion | holdFrame=0 | side=Continuous | direction=None | blocks=[218:None:None:False:Full] | sessionMovement= | insect=Incompatible | hardFloor=Compatible","name=Sequential Finger Waves | demand=0 | primary=IntrinsicHand | secondary=[ForearmFlexorsAndPronators;ForearmExtensorsAndSupinators] | practice=Hand coordination | motion=SequentialFingerWave | mode=Repetition | presentation=Motion | holdFrame=0 | side=Continuous | direction=None | blocks=[218:None:None:False:Full] | sessionMovement= | insect=Incompatible | hardFloor=Compatible","The complete packaged loop demonstrates Sequential Finger Waves as named.","None.","Full-loop review found the name, demand, anatomy, structure, and packaged media coherent.","PASS","PASS","PASS","PASS","PASS","PASS","PASS or not applicable","PASS"
"219","PASS","Alternating High-Knee Cross-Body Pull","Alternating High-Knee Cross-Body Pull","name=Alternating High-Knee Cross-Body Pull | demand=1 | primary=ShoulderAdductorsAndExtensors | secondary=[ShoulderAbductors;ScapularGirdle;ElbowFlexors;HipFlexors;AbdominalWall;MedialAndDeepKneeExtensors;LateralKneeExtensors] | practice=Low-impact conditioning | motion=HighKneeCrossBodyPull | mode=Repetition | presentation=Motion | holdFrame=0 | side=Alternating | direction=None | blocks=[219:None:None:False:Full] | sessionMovement= | insect=Compatible | hardFloor=Compatible","name=Alternating High-Knee Cross-Body Pull | demand=1 | primary=ShoulderAdductorsAndExtensors | secondary=[ShoulderAbductors;ScapularGirdle;ElbowFlexors;HipFlexors;AbdominalWall;MedialAndDeepKneeExtensors;LateralKneeExtensors] | practice=Low-impact conditioning | motion=HighKneeCrossBodyPull | mode=Repetition | presentation=Motion | holdFrame=0 | side=Alternating | direction=None | blocks=[219:None:None:False:Full] | sessionMovement= | insect=Compatible | hardFloor=Compatible","The complete packaged loop demonstrates Alternating High-Knee Cross-Body Pull as named.","None.","Full-loop review found the name, demand, anatomy, structure, and packaged media coherent.","PASS","PASS","PASS","PASS","PASS","PASS","PASS or not applicable","PASS"
"220","PASS","Karate Rising Block","Karate Rising Block","name=Karate Rising Block | demand=1 | primary=ElbowFlexors | secondary=[ForearmFlexorsAndPronators;IntrinsicHand;ShoulderAdductorsAndExtensors;ScapularGirdle;RotatorCuff] | practice=Karate | motion=RisingBlock | mode=Repetition | presentation=Motion | holdFrame=0 | side=ScreenRightThenLeft | direction=None | blocks=[220:ScreenRight:None:False:Full;220:ScreenLeft:None:True:Full;543:None:None:False:Full] | sessionMovement= | insect=Incompatible | hardFloor=Compatible","name=Karate Rising Block | demand=1 | primary=ElbowFlexors | secondary=[ForearmFlexorsAndPronators;IntrinsicHand;ShoulderAdductorsAndExtensors;ScapularGirdle;RotatorCuff] | practice=Karate | motion=RisingBlock | mode=Repetition | presentation=Motion | holdFrame=0 | side=ScreenRightThenLeft | direction=None | blocks=[220:ScreenRight:None:False:Full;220:ScreenLeft:None:True:Full;543:None:None:False:Full] | sessionMovement= | insect=Incompatible | hardFloor=Compatible","The complete packaged loop demonstrates Karate Rising Block as named.","None.","Full-loop review found the name, demand, anatomy, structure, and packaged media coherent.","PASS","PASS","PASS","PASS","PASS","PASS","PASS or not applicable","PASS"
"223","PASS","Inward Controlled Wrist Circles","Inward Controlled Wrist Circles","name=Inward Controlled Wrist Circles | demand=0 | primary=ForearmExtensorsAndSupinators | secondary=[ForearmFlexorsAndPronators;ElbowFlexors] | practice=Wrist mobility | motion=WristCAR | mode=Repetition | presentation=Motion | holdFrame=0 | side=ScreenLeftThenRight | direction=None | blocks=[223:ScreenLeft:None:False:Full;223:ScreenRight:None:True:Full;756:ScreenLeft:None:False:Full;756:ScreenRight:None:True:Full] | sessionMovement=214 | insect=Incompatible | hardFloor=Compatible","name=Inward Controlled Wrist Circles | demand=0 | primary=ForearmExtensorsAndSupinators | secondary=[ForearmFlexorsAndPronators;ElbowFlexors] | practice=Wrist mobility | motion=WristCAR | mode=Repetition | presentation=Motion | holdFrame=0 | side=ScreenLeftThenRight | direction=None | blocks=[223:ScreenLeft:None:False:Full;223:ScreenRight:None:True:Full;756:ScreenLeft:None:False:Full;756:ScreenRight:None:True:Full] | sessionMovement=214 | insect=Incompatible | hardFloor=Compatible","The complete packaged loop demonstrates Inward Controlled Wrist Circles as named.","None.","Full-loop review found the name, demand, anatomy, structure, and packaged media coherent.","PASS","PASS","PASS","PASS","PASS","PASS","PASS or not applicable","PASS"
"224","PASS","Qigong Interlaced Wrist Rolls","Qigong Interlaced Wrist Rolls","name=Qigong Interlaced Wrist Rolls | demand=0 | primary=ForearmExtensorsAndSupinators | secondary=[ForearmFlexorsAndPronators] | practice=Qigong | motion=InterlacedWristRoll | mode=Repetition | presentation=Motion | holdFrame=0 | side=Continuous | direction=None | blocks=[224:None:None:False:Full] | sessionMovement= | insect=Incompatible | hardFloor=Compatible","name=Qigong Interlaced Wrist Rolls | demand=0 | primary=ForearmExtensorsAndSupinators | secondary=[ForearmFlexorsAndPronators] | practice=Qigong | motion=InterlacedWristRoll | mode=Repetition | presentation=Motion | holdFrame=0 | side=Continuous | direction=None | blocks=[224:None:None:False:Full] | sessionMovement= | insect=Incompatible | hardFloor=Compatible","The complete packaged loop demonstrates Qigong Interlaced Wrist Rolls as named.","None.","Full-loop review found the name, demand, anatomy, structure, and packaged media coherent.","PASS","PASS","PASS","PASS","PASS","PASS","PASS or not applicable","PASS"
"225","PASS","Opposite-Hand Fist-Down Wrist Stretch","Opposite-Hand Fist-Down Wrist Stretch","name=Opposite-Hand Fist-Down Wrist Stretch | demand=0 | primary=ForearmExtensorsAndSupinators | secondary=[IntrinsicHand] | practice=Wrist mobility | motion=WristFlexionStretch | mode=Hold | presentation=Still | holdFrame=58 | side=ScreenLeftThenRight | direction=None | blocks=[225:ScreenLeft:None:False:Full;225:ScreenRight:None:True:Full] | sessionMovement= | insect=Incompatible | hardFloor=Compatible","name=Opposite-Hand Fist-Down Wrist Stretch | demand=0 | primary=ForearmExtensorsAndSupinators | secondary=[IntrinsicHand] | practice=Wrist mobility | motion=WristFlexionStretch | mode=Hold | presentation=Still | holdFrame=58 | side=ScreenLeftThenRight | direction=None | blocks=[225:ScreenLeft:None:False:Full;225:ScreenRight:None:True:Full] | sessionMovement= | insect=Incompatible | hardFloor=Compatible","The complete packaged loop demonstrates Opposite-Hand Fist-Down Wrist Stretch as named.","None.","Full-loop review found the name, demand, anatomy, structure, and packaged media coherent.","PASS","PASS","PASS","PASS","PASS","PASS","PASS or not applicable","PASS"
"227","PASS","Rotating Relaxed Arm Swings","Rotating Relaxed Arm Swings","name=Rotating Relaxed Arm Swings | demand=0 | primary=DeepAndIntersegmentalBack | secondary=[RotatorCuff;ScapularGirdle;AbdominalWall] | practice=Qigong shoulder mobility | motion=TorsoRotation | mode=Repetition | presentation=Motion | holdFrame=0 | side=Continuous | direction=None | blocks=[227:None:None:False:Full] | sessionMovement= | insect=Incompatible | hardFloor=Compatible","name=Rotating Relaxed Arm Swings | demand=0 | primary=DeepAndIntersegmentalBack | secondary=[RotatorCuff;ScapularGirdle;AbdominalWall] | practice=Qigong shoulder mobility | motion=TorsoRotation | mode=Repetition | presentation=Motion | holdFrame=0 | side=Continuous | direction=None | blocks=[227:None:None:False:Full] | sessionMovement= | insect=Incompatible | hardFloor=Compatible","The complete packaged loop demonstrates Rotating Relaxed Arm Swings as named.","None.","Full-loop review found the name, demand, anatomy, structure, and packaged media coherent.","PASS","PASS","PASS","PASS","PASS","PASS","PASS or not applicable","PASS"
"228","PASS","Bent-Elbow External Rotation","Bent-Elbow External Rotation","name=Bent-Elbow External Rotation | demand=1 | primary=RotatorCuff | secondary=[ScapularGirdle] | practice=Shoulder rehabilitation | motion=ShoulderRotation | mode=Repetition | presentation=Motion | holdFrame=0 | side=Continuous | direction=None | blocks=[228:None:None:False:Full] | sessionMovement= | insect=Incompatible | hardFloor=Compatible","name=Bent-Elbow External Rotation | demand=1 | primary=RotatorCuff | secondary=[ScapularGirdle] | practice=Shoulder rehabilitation | motion=ShoulderRotation | mode=Repetition | presentation=Motion | holdFrame=0 | side=Continuous | direction=None | blocks=[228:None:None:False:Full] | sessionMovement= | insect=Incompatible | hardFloor=Compatible","The complete packaged loop demonstrates Bent-Elbow External Rotation as named.","None.","Full-loop review found the name, demand, anatomy, structure, and packaged media coherent.","PASS","PASS","PASS","PASS","PASS","PASS","PASS or not applicable","PASS"
"230","PASS","Prayer Press Raise","Prayer Press Raise","name=Prayer Press Raise | demand=1 | primary=Chest | secondary=[ElbowExtensors;ShoulderAdductorsAndExtensors;AbdominalWall] | practice=Standing upper-body conditioning | motion=PrayerPressRaise | mode=Repetition | presentation=Motion | holdFrame=0 | side=Continuous | direction=None | blocks=[230:None:None:False:Full] | sessionMovement= | insect=Incompatible | hardFloor=Compatible","name=Prayer Press Raise | demand=1 | primary=Chest | secondary=[ElbowExtensors;ShoulderAdductorsAndExtensors;AbdominalWall] | practice=Standing upper-body conditioning | motion=PrayerPressRaise | mode=Repetition | presentation=Motion | holdFrame=0 | side=Continuous | direction=None | blocks=[230:None:None:False:Full] | sessionMovement= | insect=Incompatible | hardFloor=Compatible","The complete packaged loop demonstrates Prayer Press Raise as named.","None.","Full-loop review found the name, demand, anatomy, structure, and packaged media coherent.","PASS","PASS","PASS","PASS","PASS","PASS","PASS or not applicable","PASS"
"231","PASS","Karate Reverse Punch","Karate Reverse Punch","name=Karate Reverse Punch | demand=1 | primary=ElbowExtensors | secondary=[Chest;ForearmFlexorsAndPronators;ShoulderAbductors;ScapularGirdle;RotatorCuff;IntrinsicHand;AbdominalWall] | practice=Karate conditioning | motion=ReversePunch | mode=Repetition | presentation=Motion | holdFrame=0 | side=ScreenRightThenLeft | direction=None | blocks=[231:ScreenRight:None:False:Full;231:ScreenLeft:None:True:Full] | sessionMovement=231 | insect=Compatible | hardFloor=Compatible","name=Karate Reverse Punch | demand=1 | primary=ElbowExtensors | secondary=[Chest;ForearmFlexorsAndPronators;ShoulderAbductors;ScapularGirdle;RotatorCuff;IntrinsicHand;AbdominalWall] | practice=Karate conditioning | motion=ReversePunch | mode=Repetition | presentation=Motion | holdFrame=0 | side=ScreenRightThenLeft | direction=None | blocks=[231:ScreenRight:None:False:Full;231:ScreenLeft:None:True:Full] | sessionMovement=231 | insect=Compatible | hardFloor=Compatible","The complete packaged loop demonstrates Karate Reverse Punch as named.","None.","Full-loop review found the name, demand, anatomy, structure, and packaged media coherent.","PASS","PASS","PASS","PASS","PASS","PASS","PASS or not applicable","PASS"
"232","PASS","Extended Side Angle Hold","Extended Side Angle Hold","name=Extended Side Angle Hold | demand=2 | primary=LateralKneeExtensors | secondary=[MedialAndDeepKneeExtensors;MajorHipAdductors;GlutealExtensors;HipAbductors;AbdominalWall] | practice=Yoga | motion=SideAngleHold | mode=Hold | presentation=Still | holdFrame=80 | side=ScreenLeftThenRight | direction=None | blocks=[] | sessionMovement= | insect=Incompatible | hardFloor=Compatible","name=Extended Side Angle Hold | demand=2 | primary=LateralKneeExtensors | secondary=[MedialAndDeepKneeExtensors;MajorHipAdductors;GlutealExtensors;HipAbductors;AbdominalWall] | practice=Yoga | motion=SideAngleHold | mode=Hold | presentation=Still | holdFrame=80 | side=ScreenLeftThenRight | direction=None | blocks=[] | sessionMovement= | insect=Incompatible | hardFloor=Compatible","The complete packaged loop demonstrates Extended Side Angle Hold as named.","None.","Full-loop review found the name, demand, anatomy, structure, and packaged media coherent.","PASS","PASS","PASS","PASS","PASS","PASS","PASS or not applicable","PASS"
"233","PASS","Standing Wrist Flexion Stretch","Standing Wrist Flexion Stretch","name=Standing Wrist Flexion Stretch | demand=0 | primary=ForearmExtensorsAndSupinators | secondary=[IntrinsicHand] | practice=Standing hand and wrist stretching | motion=WristFlexionStretch | mode=Hold | presentation=Still | holdFrame=65 | side=ScreenLeftThenRight | direction=None | blocks=[233:ScreenLeft:None:False:Full;233:ScreenRight:None:True:Full] | sessionMovement= | insect=Incompatible | hardFloor=Compatible","name=Standing Wrist Flexion Stretch | demand=0 | primary=ForearmExtensorsAndSupinators | secondary=[IntrinsicHand] | practice=Standing hand and wrist stretching | motion=WristFlexionStretch | mode=Hold | presentation=Still | holdFrame=65 | side=ScreenLeftThenRight | direction=None | blocks=[233:ScreenLeft:None:False:Full;233:ScreenRight:None:True:Full] | sessionMovement= | insect=Incompatible | hardFloor=Compatible","The complete packaged loop demonstrates Standing Wrist Flexion Stretch as named.","None.","Full-loop review found the name, demand, anatomy, structure, and packaged media coherent.","PASS","PASS","PASS","PASS","PASS","PASS","PASS or not applicable","PASS"
"234","PASS","Straight Fingers to Knuckle Bend","Straight Fingers to Knuckle Bend","name=Straight Fingers to Knuckle Bend | demand=0 | primary=ForearmFlexorsAndPronators | secondary=[IntrinsicHand;ForearmExtensorsAndSupinators] | practice=Hand and forearm mobility | motion=KnuckleBend | mode=Repetition | presentation=Motion | holdFrame=0 | side=ScreenLeftThenRight | direction=None | blocks=[234:ScreenLeft:None:False:Full;234:ScreenRight:None:True:Full] | sessionMovement= | insect=Incompatible | hardFloor=Compatible","name=Straight Fingers to Knuckle Bend | demand=0 | primary=ForearmFlexorsAndPronators | secondary=[IntrinsicHand;ForearmExtensorsAndSupinators] | practice=Hand and forearm mobility | motion=KnuckleBend | mode=Repetition | presentation=Motion | holdFrame=0 | side=ScreenLeftThenRight | direction=None | blocks=[234:ScreenLeft:None:False:Full;234:ScreenRight:None:True:Full] | sessionMovement= | insect=Incompatible | hardFloor=Compatible","The complete packaged loop demonstrates Straight Fingers to Knuckle Bend as named.","None.","Full-loop review found the name, demand, anatomy, structure, and packaged media coherent.","PASS","PASS","PASS","PASS","PASS","PASS","PASS or not applicable","PASS"
"236","PASS","Bilateral Wrist Figure Eights","Bilateral Wrist Figure Eights","name=Bilateral Wrist Figure Eights | demand=0 | primary=ForearmExtensorsAndSupinators | secondary=[IntrinsicHand;ForearmFlexorsAndPronators] | practice=Wrist mobility | motion=WristFigureEight | mode=Repetition | presentation=Motion | holdFrame=0 | side=Continuous | direction=None | blocks=[236:None:None:False:Full] | sessionMovement= | insect=Incompatible | hardFloor=Compatible","name=Bilateral Wrist Figure Eights | demand=0 | primary=ForearmExtensorsAndSupinators | secondary=[IntrinsicHand;ForearmFlexorsAndPronators] | practice=Wrist mobility | motion=WristFigureEight | mode=Repetition | presentation=Motion | holdFrame=0 | side=Continuous | direction=None | blocks=[236:None:None:False:Full] | sessionMovement= | insect=Incompatible | hardFloor=Compatible","The complete packaged loop demonstrates Bilateral Wrist Figure Eights as named.","None.","Full-loop review found the name, demand, anatomy, structure, and packaged media coherent.","PASS","PASS","PASS","PASS","PASS","PASS","PASS or not applicable","PASS"
"237","PASS","Sequential Finger Curl Waves","Sequential Finger Curl Waves","name=Sequential Finger Curl Waves | demand=0 | primary=ForearmExtensorsAndSupinators | secondary=[IntrinsicHand;ForearmFlexorsAndPronators] | practice=Hand coordination | motion=FingerWaveRotation | mode=Repetition | presentation=Motion | holdFrame=0 | side=Continuous | direction=None | blocks=[237:None:None:False:Full] | sessionMovement= | insect=Incompatible | hardFloor=Compatible","name=Sequential Finger Curl Waves | demand=0 | primary=ForearmExtensorsAndSupinators | secondary=[IntrinsicHand;ForearmFlexorsAndPronators] | practice=Hand coordination | motion=FingerWaveRotation | mode=Repetition | presentation=Motion | holdFrame=0 | side=Continuous | direction=None | blocks=[237:None:None:False:Full] | sessionMovement= | insect=Incompatible | hardFloor=Compatible","The complete packaged loop demonstrates Sequential Finger Curl Waves as named.","None.","Full-loop review found the name, demand, anatomy, structure, and packaged media coherent.","PASS","PASS","PASS","PASS","PASS","PASS","PASS or not applicable","PASS"
"238","PASS","Prayer-Hand Stretch","Prayer-Hand Stretch","name=Prayer-Hand Stretch | demand=0 | primary=ForearmFlexorsAndPronators | secondary=[ForearmExtensorsAndSupinators] | practice=Stretching | motion=HandIsometric | mode=Hold | presentation=Still | holdFrame=51 | side=Continuous | direction=None | blocks=[238:None:None:False:Full] | sessionMovement= | insect=Incompatible | hardFloor=Compatible","name=Prayer-Hand Stretch | demand=0 | primary=ForearmFlexorsAndPronators | secondary=[ForearmExtensorsAndSupinators] | practice=Stretching | motion=HandIsometric | mode=Hold | presentation=Still | holdFrame=51 | side=Continuous | direction=None | blocks=[238:None:None:False:Full] | sessionMovement= | insect=Incompatible | hardFloor=Compatible","The complete packaged loop demonstrates Prayer-Hand Stretch as named.","None.","Full-loop review found the name, demand, anatomy, structure, and packaged media coherent.","PASS","PASS","PASS","PASS","PASS","PASS","PASS or not applicable","PASS"
"239","PASS","Tabletop Tendon Glide","Tabletop Tendon Glide","name=Tabletop Tendon Glide | demand=0 | primary=IntrinsicHand | secondary=[ForearmFlexorsAndPronators;ForearmExtensorsAndSupinators] | practice=Hand therapy | motion=TabletopTendonGlide | mode=Repetition | presentation=Motion | holdFrame=0 | side=ScreenRightThenLeft | direction=None | blocks=[239:ScreenRight:None:False:Full;239:ScreenLeft:None:True:Full] | sessionMovement= | insect=Incompatible | hardFloor=Compatible","name=Tabletop Tendon Glide | demand=0 | primary=IntrinsicHand | secondary=[ForearmFlexorsAndPronators;ForearmExtensorsAndSupinators] | practice=Hand therapy | motion=TabletopTendonGlide | mode=Repetition | presentation=Motion | holdFrame=0 | side=ScreenRightThenLeft | direction=None | blocks=[239:ScreenRight:None:False:Full;239:ScreenLeft:None:True:Full] | sessionMovement= | insect=Incompatible | hardFloor=Compatible","The complete packaged loop demonstrates Tabletop Tendon Glide as named.","None.","Full-loop review found the name, demand, anatomy, structure, and packaged media coherent.","PASS","PASS","PASS","PASS","PASS","PASS","PASS or not applicable","PASS"
"240","PASS","Hook Fingers to Full Fist","Hook Fingers to Full Fist","name=Hook Fingers to Full Fist | demand=0 | primary=ForearmFlexorsAndPronators | secondary=[IntrinsicHand;ForearmExtensorsAndSupinators] | practice=Hand therapy tendon gliding | motion=FingerMotion | mode=Repetition | presentation=Motion | holdFrame=0 | side=Continuous | direction=None | blocks=[240:None:None:False:Full] | sessionMovement= | insect=Incompatible | hardFloor=Compatible","name=Hook Fingers to Full Fist | demand=0 | primary=ForearmFlexorsAndPronators | secondary=[IntrinsicHand;ForearmExtensorsAndSupinators] | practice=Hand therapy tendon gliding | motion=FingerMotion | mode=Repetition | presentation=Motion | holdFrame=0 | side=Continuous | direction=None | blocks=[240:None:None:False:Full] | sessionMovement= | insect=Incompatible | hardFloor=Compatible","The complete packaged loop demonstrates Hook Fingers to Full Fist as named.","None.","Full-loop review found the name, demand, anatomy, structure, and packaged media coherent.","PASS","PASS","PASS","PASS","PASS","PASS","PASS or not applicable","PASS"
"241","PASS","Open Hand to Hook Fist","Open Hand to Hook Fist","name=Open Hand to Hook Fist | demand=0 | primary=IntrinsicHand | secondary=[ForearmFlexorsAndPronators;ForearmExtensorsAndSupinators] | practice=Hand therapy | motion=HookFistTendonGlide | mode=Repetition | presentation=Motion | holdFrame=0 | side=ScreenRightThenLeft | direction=None | blocks=[241:ScreenRight:None:False:Full;241:ScreenLeft:None:True:Full] | sessionMovement= | insect=Incompatible | hardFloor=Compatible","name=Open Hand to Hook Fist | demand=0 | primary=IntrinsicHand | secondary=[ForearmFlexorsAndPronators;ForearmExtensorsAndSupinators] | practice=Hand therapy | motion=HookFistTendonGlide | mode=Repetition | presentation=Motion | holdFrame=0 | side=ScreenRightThenLeft | direction=None | blocks=[241:ScreenRight:None:False:Full;241:ScreenLeft:None:True:Full] | sessionMovement= | insect=Incompatible | hardFloor=Compatible","The complete packaged loop demonstrates Open Hand to Hook Fist as named.","None.","Full-loop review found the name, demand, anatomy, structure, and packaged media coherent.","PASS","PASS","PASS","PASS","PASS","PASS","PASS or not applicable","PASS"
"242","PASS","Open Hand to Full Fist","Open Hand to Full Fist","name=Open Hand to Full Fist | demand=0 | primary=IntrinsicHand | secondary=[ForearmFlexorsAndPronators;Chest] | practice=Hand therapy | motion=FullFistTendonGlide | mode=Repetition | presentation=Motion | holdFrame=0 | side=ScreenRightThenLeft | direction=None | blocks=[242:ScreenRight:None:False:Full;242:ScreenLeft:None:True:Full] | sessionMovement= | insect=Incompatible | hardFloor=Compatible","name=Open Hand to Full Fist | demand=0 | primary=IntrinsicHand | secondary=[ForearmFlexorsAndPronators;Chest] | practice=Hand therapy | motion=FullFistTendonGlide | mode=Repetition | presentation=Motion | holdFrame=0 | side=ScreenRightThenLeft | direction=None | blocks=[242:ScreenRight:None:False:Full;242:ScreenLeft:None:True:Full] | sessionMovement= | insect=Incompatible | hardFloor=Compatible","The complete packaged loop demonstrates Open Hand to Full Fist as named.","None.","Full-loop review found the name, demand, anatomy, structure, and packaged media coherent.","PASS","PASS","PASS","PASS","PASS","PASS","PASS or not applicable","PASS"
"245","PASS","Straight-Punch to Shovel-Hook Combo","Straight-Punch to Shovel-Hook Combo","name=Straight-Punch to Shovel-Hook Combo | demand=1 | primary=Chest | secondary=[ForearmFlexorsAndPronators;ForearmExtensorsAndSupinators;IntrinsicHand;ElbowFlexors;AbdominalWall;ElbowExtensors;ScapularGirdle] | practice=Boxing | motion=ShovelHookCombo | mode=Repetition | presentation=Motion | holdFrame=0 | side=ScreenRightThenLeft | direction=None | blocks=[245:ScreenRight:None:False:Full;245:ScreenLeft:None:True:Full] | sessionMovement= | insect=Compatible | hardFloor=Compatible","name=Straight-Punch to Shovel-Hook Combo | demand=1 | primary=Chest | secondary=[ForearmFlexorsAndPronators;ForearmExtensorsAndSupinators;IntrinsicHand;ElbowFlexors;AbdominalWall;ElbowExtensors;ScapularGirdle] | practice=Boxing | motion=ShovelHookCombo | mode=Repetition | presentation=Motion | holdFrame=0 | side=ScreenRightThenLeft | direction=None | blocks=[245:ScreenRight:None:False:Full;245:ScreenLeft:None:True:Full] | sessionMovement= | insect=Compatible | hardFloor=Compatible","The complete packaged loop demonstrates Straight-Punch to Shovel-Hook Combo as named.","None.","Full-loop review found the name, demand, anatomy, structure, and packaged media coherent.","PASS","PASS","PASS","PASS","PASS","PASS","PASS or not applicable","PASS"
"246","PASS","Bodyweight Cuban Rotation","Bodyweight Cuban Rotation","name=Bodyweight Cuban Rotation | demand=1 | primary=RotatorCuff | secondary=[ShoulderAbductors;ScapularGirdle] | practice=Shoulder mobility and conditioning | motion=CubanRotation | mode=Repetition | presentation=Motion | holdFrame=0 | side=Continuous | direction=None | blocks=[246:None:None:False:Full] | sessionMovement= | insect=Incompatible | hardFloor=Compatible","name=Bodyweight Cuban Rotation | demand=1 | primary=RotatorCuff | secondary=[ShoulderAbductors;ScapularGirdle] | practice=Shoulder mobility and conditioning | motion=CubanRotation | mode=Repetition | presentation=Motion | holdFrame=0 | side=Continuous | direction=None | blocks=[246:None:None:False:Full] | sessionMovement= | insect=Incompatible | hardFloor=Compatible","The complete packaged loop demonstrates Bodyweight Cuban Rotation as named.","None.","Full-loop review found the name, demand, anatomy, structure, and packaged media coherent.","PASS","PASS","PASS","PASS","PASS","PASS","PASS or not applicable","PASS"
"248","PASS","Alternating Side-Tap Palm Pushes","Alternating Side-Tap Palm Pushes","name=Alternating Side-Tap Palm Pushes | demand=1 | primary=Chest | secondary=[ElbowExtensors;ForearmFlexorsAndPronators;IntrinsicHand;ShoulderAbductors] | practice=Low-impact conditioning | motion=SideTapPalmPush | mode=Repetition | presentation=Motion | holdFrame=0 | side=Alternating | direction=None | blocks=[248:None:None:False:Full] | sessionMovement= | insect=Compatible | hardFloor=Compatible","name=Alternating Side-Tap Palm Pushes | demand=1 | primary=Chest | secondary=[ElbowExtensors;ForearmFlexorsAndPronators;IntrinsicHand;ShoulderAbductors] | practice=Low-impact conditioning | motion=SideTapPalmPush | mode=Repetition | presentation=Motion | holdFrame=0 | side=Alternating | direction=None | blocks=[248:None:None:False:Full] | sessionMovement= | insect=Compatible | hardFloor=Compatible","The complete packaged loop demonstrates Alternating Side-Tap Palm Pushes as named.","None.","Full-loop review found the name, demand, anatomy, structure, and packaged media coherent.","PASS","PASS","PASS","PASS","PASS","PASS","PASS or not applicable","PASS"
"251","PASS","Forward Fold to Overhead Reach","Forward Fold to Overhead Reach","name=Forward Fold to Overhead Reach | demand=0 | primary=SpinalExtensors | secondary=[DeepAndIntersegmentalBack;PosteriorThighAndKneeFlexors;GlutealExtensors;AbdominalWall;ShoulderAbductors;ScapularGirdle] | practice=Standing mobility | motion=ForwardFoldOverheadReach | mode=Repetition | presentation=Motion | holdFrame=0 | side=Continuous | direction=None | blocks=[251:None:None:False:Full] | sessionMovement= | insect=Compatible | hardFloor=Compatible","name=Forward Fold to Overhead Reach | demand=0 | primary=SpinalExtensors | secondary=[DeepAndIntersegmentalBack;PosteriorThighAndKneeFlexors;GlutealExtensors;AbdominalWall;ShoulderAbductors;ScapularGirdle] | practice=Standing mobility | motion=ForwardFoldOverheadReach | mode=Repetition | presentation=Motion | holdFrame=0 | side=Continuous | direction=None | blocks=[251:None:None:False:Full] | sessionMovement= | insect=Compatible | hardFloor=Compatible","The complete packaged loop demonstrates Forward Fold to Overhead Reach as named.","None.","Full-loop review found the name, demand, anatomy, structure, and packaged media coherent.","PASS","PASS","PASS","PASS","PASS","PASS","PASS or not applicable","PASS"
"252","CORRECTED","Internally Rotated Double Calf Raise","Internally Rotated Double Calf Raise","name=Internally Rotated Double Calf Raise | demand=1 | primary=CalfDeepPosteriorLegAndPlantarFoot | secondary=[Soleus;AnteriorLateralLowerLegAndDorsalFoot] | practice=Standing mobility and movement practice | motion=FingerMotion | mode=Repetition | presentation=Motion | holdFrame=0 | side=Continuous | direction=None | blocks=[252:None:None:False:Full;253:None:None:False:Full;254:None:None:False:Full;267:None:None:False:Full] | sessionMovement= | insect=Incompatible | hardFloor=Incompatible","name=Internally Rotated Double Calf Raise | demand=1 | primary=CalfDeepPosteriorLegAndPlantarFoot | secondary=[Soleus;AnteriorLateralLowerLegAndDorsalFoot] | practice=Standing mobility and movement practice | motion=FingerMotion | mode=Repetition | presentation=Motion | holdFrame=0 | side=Continuous | direction=None | blocks=[252:None:None:False:Full;253:None:None:False:Full;254:None:None:False:Full] | sessionMovement= | insect=Incompatible | hardFloor=Incompatible","The complete packaged loop demonstrates Internally Rotated Double Calf Raise as named.","sequenceBlocks: [{""exerciseId"":252,""sideCue"":""None"",""directionCue"":""None"",""mirrorMedia"":false,""mediaSegment"":""Full""},{""exerciseId"":253,""sideCue"":""None"",""directionCue"":""None"",""mirrorMedia"":false,""mediaSegment"":""Full""},{""exerciseId"":254,""sideCue"":""None"",""directionCue"":""None"",""mirrorMedia"":false,""mediaSegment"":""Full""},{""exerciseId"":267,""sideCue"":""None"",""directionCue"":""None"",""mirrorMedia"":false,""mediaSegment"":""Full""}] => [{""exerciseId"":252,""sideCue"":""None"",""directionCue"":""None"",""mirrorMedia"":false,""mediaSegment"":""Full""},{""exerciseId"":253,""sideCue"":""None"",""directionCue"":""None"",""mirrorMedia"":false,""mediaSegment"":""Full""},{""exerciseId"":254,""sideCue"":""None"",""directionCue"":""None"",""mirrorMedia"":false,""mediaSegment"":""Full""}]","The retired false calf hold was removed from the mandatory calf-raise sequence.","PASS","PASS","PASS","PASS","PASS","PASS","PASS or not applicable","PASS"
"253","CORRECTED","Parallel Double Calf Raise","Parallel Double Calf Raise","name=Parallel Double Calf Raise | demand=1 | primary=CalfDeepPosteriorLegAndPlantarFoot | secondary=[Soleus;AnteriorLateralLowerLegAndDorsalFoot] | practice=Standing mobility and movement practice | motion=FingerMotion | mode=Repetition | presentation=Motion | holdFrame=0 | side=Continuous | direction=None | blocks=[] | sessionMovement=253 | insect=Incompatible | hardFloor=Incompatible","name=Parallel Double Calf Raise | demand=1 | primary=CalfDeepPosteriorLegAndPlantarFoot | secondary=[Soleus;AnteriorLateralLowerLegAndDorsalFoot] | practice=Standing mobility and movement practice | motion=FingerMotion | mode=Repetition | presentation=Motion | holdFrame=0 | side=Continuous | direction=None | blocks=[] | sessionMovement= | insect=Incompatible | hardFloor=Incompatible","The complete packaged loop demonstrates Parallel Double Calf Raise as named.","sessionMovementId: 253 => <none>","The obsolete session-movement link to the retired false calf hold was removed.","PASS","PASS","PASS","PASS","PASS","PASS","PASS or not applicable","PASS"
"254","PASS","Turned-Out Double Calf Raise","Turned-Out Double Calf Raise","name=Turned-Out Double Calf Raise | demand=1 | primary=CalfDeepPosteriorLegAndPlantarFoot | secondary=[Soleus;AnteriorLateralLowerLegAndDorsalFoot;AccessoryHipAdductors] | practice=Standing mobility and movement practice | motion=FingerMotion | mode=Repetition | presentation=Motion | holdFrame=0 | side=Continuous | direction=None | blocks=[] | sessionMovement= | insect=Incompatible | hardFloor=Incompatible","name=Turned-Out Double Calf Raise | demand=1 | primary=CalfDeepPosteriorLegAndPlantarFoot | secondary=[Soleus;AnteriorLateralLowerLegAndDorsalFoot;AccessoryHipAdductors] | practice=Standing mobility and movement practice | motion=FingerMotion | mode=Repetition | presentation=Motion | holdFrame=0 | side=Continuous | direction=None | blocks=[] | sessionMovement= | insect=Incompatible | hardFloor=Incompatible","The complete packaged loop demonstrates Turned-Out Double Calf Raise as named.","None.","Full-loop review found the name, demand, anatomy, structure, and packaged media coherent.","PASS","PASS","PASS","PASS","PASS","PASS","PASS or not applicable","PASS"
"255","PASS","Deep-Squat Calf Raise","Deep-Squat Calf Raise","name=Deep-Squat Calf Raise | demand=2 | primary=Soleus | secondary=[CalfDeepPosteriorLegAndPlantarFoot;MedialAndDeepKneeExtensors;LateralKneeExtensors] | practice=Bodyweight conditioning | motion=FingerMotion | mode=Repetition | presentation=Motion | holdFrame=0 | side=Continuous | direction=None | blocks=[255:None:None:False:Full] | sessionMovement= | insect=Incompatible | hardFloor=Incompatible","name=Deep-Squat Calf Raise | demand=2 | primary=Soleus | secondary=[CalfDeepPosteriorLegAndPlantarFoot;MedialAndDeepKneeExtensors;LateralKneeExtensors] | practice=Bodyweight conditioning | motion=FingerMotion | mode=Repetition | presentation=Motion | holdFrame=0 | side=Continuous | direction=None | blocks=[255:None:None:False:Full] | sessionMovement= | insect=Incompatible | hardFloor=Incompatible","The complete packaged loop demonstrates Deep-Squat Calf Raise as named.","None.","Full-loop review found the name, demand, anatomy, structure, and packaged media coherent.","PASS","PASS","PASS","PASS","PASS","PASS","PASS or not applicable","PASS"
"256","PASS","Overhead Side-Stretch Hold","Overhead Side-Stretch Hold","name=Overhead Side-Stretch Hold | demand=0 | primary=ShoulderAdductorsAndExtensors | secondary=[ScapularGirdle;ShoulderAbductors;AbdominalWall;DeepAndIntersegmentalBack] | practice=Standing stretching | motion=OverheadSideStretch | mode=Hold | presentation=Still | holdFrame=50 | side=ScreenRightThenLeft | direction=None | blocks=[] | sessionMovement=256 | insect=Incompatible | hardFloor=Compatible","name=Overhead Side-Stretch Hold | demand=0 | primary=ShoulderAdductorsAndExtensors | secondary=[ScapularGirdle;ShoulderAbductors;AbdominalWall;DeepAndIntersegmentalBack] | practice=Standing stretching | motion=OverheadSideStretch | mode=Hold | presentation=Still | holdFrame=50 | side=ScreenRightThenLeft | direction=None | blocks=[] | sessionMovement=256 | insect=Incompatible | hardFloor=Compatible","The complete packaged loop demonstrates Overhead Side-Stretch Hold as named.","None.","Full-loop review found the name, demand, anatomy, structure, and packaged media coherent.","PASS","PASS","PASS","PASS","PASS","PASS","PASS or not applicable","PASS"
"257","PASS","Finger Spread to Interlace Stretch","Finger Spread to Interlace Stretch","name=Finger Spread to Interlace Stretch | demand=0 | primary=IntrinsicHand | secondary=[ForearmFlexorsAndPronators;ForearmExtensorsAndSupinators] | practice=Hand mobility | motion=FingerSpreadInterlace | mode=Repetition | presentation=Motion | holdFrame=0 | side=Continuous | direction=None | blocks=[257:None:None:False:Full] | sessionMovement= | insect=Incompatible | hardFloor=Compatible","name=Finger Spread to Interlace Stretch | demand=0 | primary=IntrinsicHand | secondary=[ForearmFlexorsAndPronators;ForearmExtensorsAndSupinators] | practice=Hand mobility | motion=FingerSpreadInterlace | mode=Repetition | presentation=Motion | holdFrame=0 | side=Continuous | direction=None | blocks=[257:None:None:False:Full] | sessionMovement= | insect=Incompatible | hardFloor=Compatible","The complete packaged loop demonstrates Finger Spread to Interlace Stretch as named.","None.","Full-loop review found the name, demand, anatomy, structure, and packaged media coherent.","PASS","PASS","PASS","PASS","PASS","PASS","PASS or not applicable","PASS"
"258","PASS","Karate Downward Block","Karate Downward Block","name=Karate Downward Block | demand=1 | primary=ShoulderAdductorsAndExtensors | secondary=[ScapularGirdle;ElbowExtensors;ForearmFlexorsAndPronators;IntrinsicHand;ElbowFlexors] | practice=Karate | motion=DownwardBlock | mode=Repetition | presentation=Motion | holdFrame=0 | side=ScreenRightThenLeft | direction=None | blocks=[258:ScreenRight:None:False:Full;258:ScreenLeft:None:True:Full] | sessionMovement= | insect=Compatible | hardFloor=Compatible","name=Karate Downward Block | demand=1 | primary=ShoulderAdductorsAndExtensors | secondary=[ScapularGirdle;ElbowExtensors;ForearmFlexorsAndPronators;IntrinsicHand;ElbowFlexors] | practice=Karate | motion=DownwardBlock | mode=Repetition | presentation=Motion | holdFrame=0 | side=ScreenRightThenLeft | direction=None | blocks=[258:ScreenRight:None:False:Full;258:ScreenLeft:None:True:Full] | sessionMovement= | insect=Compatible | hardFloor=Compatible","The complete packaged loop demonstrates Karate Downward Block as named.","None.","Full-loop review found the name, demand, anatomy, structure, and packaged media coherent.","PASS","PASS","PASS","PASS","PASS","PASS","PASS or not applicable","PASS"
"260","PASS","Dancer Pose Hold","Dancer Pose Hold","name=Dancer Pose Hold | demand=1 | primary=HipFlexors | secondary=[LateralKneeExtensors;MedialAndDeepKneeExtensors;GlutealExtensors;SpinalExtensors;DeepAndIntersegmentalBack;HipAbductors;AbdominalWall;CalfDeepPosteriorLegAndPlantarFoot] | practice=Yoga | motion=DancerPose | mode=Hold | presentation=Still | holdFrame=50 | side=ScreenRightThenLeft | direction=None | blocks=[260:ScreenRight:None:False:Full;260:ScreenLeft:None:True:Full] | sessionMovement= | insect=Incompatible | hardFloor=Compatible","name=Dancer Pose Hold | demand=1 | primary=HipFlexors | secondary=[LateralKneeExtensors;MedialAndDeepKneeExtensors;GlutealExtensors;SpinalExtensors;DeepAndIntersegmentalBack;HipAbductors;AbdominalWall;CalfDeepPosteriorLegAndPlantarFoot] | practice=Yoga | motion=DancerPose | mode=Hold | presentation=Still | holdFrame=50 | side=ScreenRightThenLeft | direction=None | blocks=[260:ScreenRight:None:False:Full;260:ScreenLeft:None:True:Full] | sessionMovement= | insect=Incompatible | hardFloor=Compatible","The complete packaged loop demonstrates Dancer Pose Hold as named.","None.","Full-loop review found the name, demand, anatomy, structure, and packaged media coherent.","PASS","PASS","PASS","PASS","PASS","PASS","PASS or not applicable","PASS"
"261","PASS","Standing Bent-Elbow Reverse Fly","Standing Bent-Elbow Reverse Fly","name=Standing Bent-Elbow Reverse Fly | demand=1 | primary=ScapularGirdle | secondary=[ShoulderAdductorsAndExtensors;ShoulderAbductors;RotatorCuff] | practice=Standing mobility and movement practice | motion=FingerMotion | mode=Repetition | presentation=Motion | holdFrame=0 | side=Continuous | direction=None | blocks=[261:None:None:False:Full;677:None:None:False:Full] | sessionMovement=261 | insect=Compatible | hardFloor=Compatible","name=Standing Bent-Elbow Reverse Fly | demand=1 | primary=ScapularGirdle | secondary=[ShoulderAdductorsAndExtensors;ShoulderAbductors;RotatorCuff] | practice=Standing mobility and movement practice | motion=FingerMotion | mode=Repetition | presentation=Motion | holdFrame=0 | side=Continuous | direction=None | blocks=[261:None:None:False:Full;677:None:None:False:Full] | sessionMovement=261 | insect=Compatible | hardFloor=Compatible","The complete packaged loop demonstrates Standing Bent-Elbow Reverse Fly as named.","None.","Full-loop review found the name, demand, anatomy, structure, and packaged media coherent.","PASS","PASS","PASS","PASS","PASS","PASS","PASS or not applicable","PASS"
"262","PASS","Standing Bicycle Crunches","Standing Bicycle Crunches","name=Standing Bicycle Crunches | demand=1 | primary=AbdominalWall | secondary=[HipFlexors;ElbowExtensors;SpinalExtensors] | practice=Standing core conditioning | motion=StandingBicycleCrunch | mode=Repetition | presentation=Motion | holdFrame=0 | side=Alternating | direction=None | blocks=[262:None:None:False:Full] | sessionMovement= | insect=Compatible | hardFloor=Compatible","name=Standing Bicycle Crunches | demand=1 | primary=AbdominalWall | secondary=[HipFlexors;ElbowExtensors;SpinalExtensors] | practice=Standing core conditioning | motion=StandingBicycleCrunch | mode=Repetition | presentation=Motion | holdFrame=0 | side=Alternating | direction=None | blocks=[262:None:None:False:Full] | sessionMovement= | insect=Compatible | hardFloor=Compatible","The complete packaged loop demonstrates Standing Bicycle Crunches as named.","None.","Full-loop review found the name, demand, anatomy, structure, and packaged media coherent.","PASS","PASS","PASS","PASS","PASS","PASS","PASS or not applicable","PASS"
"263","PASS","Bent-Over Straight-Arm Pressback Hold","Bent-Over Straight-Arm Pressback Hold","name=Bent-Over Straight-Arm Pressback Hold | demand=2 | primary=ShoulderAdductorsAndExtensors | secondary=[ScapularGirdle;ElbowExtensors;SpinalExtensors;AbdominalWall] | practice=Standing isometrics | motion=StraightArmPressbackHold | mode=Hold | presentation=Still | holdFrame=50 | side=Continuous | direction=None | blocks=[263:None:None:False:Full] | sessionMovement= | insect=Incompatible | hardFloor=Compatible","name=Bent-Over Straight-Arm Pressback Hold | demand=2 | primary=ShoulderAdductorsAndExtensors | secondary=[ScapularGirdle;ElbowExtensors;SpinalExtensors;AbdominalWall] | practice=Standing isometrics | motion=StraightArmPressbackHold | mode=Hold | presentation=Still | holdFrame=50 | side=Continuous | direction=None | blocks=[263:None:None:False:Full] | sessionMovement= | insect=Incompatible | hardFloor=Compatible","The complete packaged loop demonstrates Bent-Over Straight-Arm Pressback Hold as named.","None.","Full-loop review found the name, demand, anatomy, structure, and packaged media coherent.","PASS","PASS","PASS","PASS","PASS","PASS","PASS or not applicable","PASS"
"264","PASS","Standing Arm Circles","Standing Arm Circles","name=Standing Arm Circles | demand=1 | primary=ShoulderAbductors | secondary=[ScapularGirdle;RotatorCuff] | practice=Standing mobility and movement practice | motion=ArmCircle | mode=Repetition | presentation=Motion | holdFrame=0 | side=Continuous | direction=BackwardThenForward | blocks=[264:None:Backward:False:FirstDirection;264:None:Forward:False:SecondDirection;406:None:Clockwise:False:FirstDirection;406:None:Counterclockwise:False:SecondDirection] | sessionMovement= | insect=Incompatible | hardFloor=Compatible","name=Standing Arm Circles | demand=1 | primary=ShoulderAbductors | secondary=[ScapularGirdle;RotatorCuff] | practice=Standing mobility and movement practice | motion=ArmCircle | mode=Repetition | presentation=Motion | holdFrame=0 | side=Continuous | direction=BackwardThenForward | blocks=[264:None:Backward:False:FirstDirection;264:None:Forward:False:SecondDirection;406:None:Clockwise:False:FirstDirection;406:None:Counterclockwise:False:SecondDirection] | sessionMovement= | insect=Incompatible | hardFloor=Compatible","The complete packaged loop demonstrates Standing Arm Circles as named.","None.","Full-loop review found the name, demand, anatomy, structure, and packaged media coherent.","PASS","PASS","PASS","PASS","PASS","PASS","PASS or not applicable","PASS"
"265","PASS","Standing Speed-Bag Punches","Standing Speed-Bag Punches","name=Standing Speed-Bag Punches | demand=1 | primary=ShoulderAbductors | secondary=[ScapularGirdle;ElbowExtensors;ForearmFlexorsAndPronators;ForearmExtensorsAndSupinators;RotatorCuff;AbdominalWall] | practice=Boxing conditioning | motion=SpeedBagPunch | mode=Repetition | presentation=Motion | holdFrame=0 | side=ScreenLeftLeadThenRightLead | direction=None | blocks=[265:ShownLeadStance:None:False:Full;265:OppositeLeadStance:None:True:Full] | sessionMovement= | insect=Incompatible | hardFloor=Compatible","name=Standing Speed-Bag Punches | demand=1 | primary=ShoulderAbductors | secondary=[ScapularGirdle;ElbowExtensors;ForearmFlexorsAndPronators;ForearmExtensorsAndSupinators;RotatorCuff;AbdominalWall] | practice=Boxing conditioning | motion=SpeedBagPunch | mode=Repetition | presentation=Motion | holdFrame=0 | side=ScreenLeftLeadThenRightLead | direction=None | blocks=[265:ShownLeadStance:None:False:Full;265:OppositeLeadStance:None:True:Full] | sessionMovement= | insect=Incompatible | hardFloor=Compatible","The complete packaged loop demonstrates Standing Speed-Bag Punches as named.","None.","Full-loop review found the name, demand, anatomy, structure, and packaged media coherent.","PASS","PASS","PASS","PASS","PASS","PASS","PASS or not applicable","PASS"
"266","PASS","T-Arm Shoulder Hold","T-Arm Shoulder Hold","name=T-Arm Shoulder Hold | demand=2 | primary=ShoulderAbductors | secondary=[ScapularGirdle;RotatorCuff;AbdominalWall] | practice=Shoulder isometrics | motion=TArmHold | mode=Hold | presentation=Still | holdFrame=50 | side=Continuous | direction=None | blocks=[266:None:None:False:Full] | sessionMovement= | insect=Incompatible | hardFloor=Compatible","name=T-Arm Shoulder Hold | demand=2 | primary=ShoulderAbductors | secondary=[ScapularGirdle;RotatorCuff;AbdominalWall] | practice=Shoulder isometrics | motion=TArmHold | mode=Hold | presentation=Still | holdFrame=50 | side=Continuous | direction=None | blocks=[266:None:None:False:Full] | sessionMovement= | insect=Incompatible | hardFloor=Compatible","The complete packaged loop demonstrates T-Arm Shoulder Hold as named.","None.","Full-loop review found the name, demand, anatomy, structure, and packaged media coherent.","PASS","PASS","PASS","PASS","PASS","PASS","PASS or not applicable","PASS"
"267","RETIRED","Standing Calf-Raise Hold","<retired>","name=Standing Calf-Raise Hold | demand=2 | primary=CalfDeepPosteriorLegAndPlantarFoot | secondary=[Soleus;AbdominalWall] | practice=Calf isometrics | motion=CalfRaiseHold | mode=Hold | presentation=Still | holdFrame=15 | side=Continuous | direction=None | blocks=[] | sessionMovement=253 | insect=Incompatible | hardFloor=Incompatible","<retired>","A static standing T-arm/shoulder hold with both heels remaining down; no calf-raise hold is demonstrated.","Retired the ID and removed its runtime media and sequence/session references.","The claimed heel raise is absent; the remaining shoulder hold duplicates worthwhile catalog work.","FAIL: claimed action absent","PASS","PASS","PASS","PASS","PASS","FAIL: endpoint does not show a heel raise","PASS"
"268","PASS","Goalpost-to-T Rotations","Goalpost-to-T Rotations","name=Goalpost-to-T Rotations | demand=1 | primary=RotatorCuff | secondary=[ShoulderAbductors;ScapularGirdle] | practice=Standing shoulder mobility | motion=GoalpostTRotation | mode=Repetition | presentation=Motion | holdFrame=0 | side=Continuous | direction=None | blocks=[268:None:None:False:Full] | sessionMovement= | insect=Incompatible | hardFloor=Compatible","name=Goalpost-to-T Rotations | demand=1 | primary=RotatorCuff | secondary=[ShoulderAbductors;ScapularGirdle] | practice=Standing shoulder mobility | motion=GoalpostTRotation | mode=Repetition | presentation=Motion | holdFrame=0 | side=Continuous | direction=None | blocks=[268:None:None:False:Full] | sessionMovement= | insect=Incompatible | hardFloor=Compatible","The complete packaged loop demonstrates Goalpost-to-T Rotations as named.","None.","Full-loop review found the name, demand, anatomy, structure, and packaged media coherent.","PASS","PASS","PASS","PASS","PASS","PASS","PASS or not applicable","PASS"
"269","PASS","Standing Leg-Resistance Biceps Curl","Standing Leg-Resistance Biceps Curl","name=Standing Leg-Resistance Biceps Curl | demand=2 | primary=ElbowFlexors | secondary=[ForearmFlexorsAndPronators;IntrinsicHand;HipAbductors;CalfDeepPosteriorLegAndPlantarFoot;AnteriorLateralLowerLegAndDorsalFoot;AbdominalWall] | practice=Standing strength and balance | motion=LegResistanceCurl | mode=Repetition | presentation=Motion | holdFrame=0 | side=ScreenLeftThenRight | direction=None | blocks=[269:ScreenLeft:None:False:Full;269:ScreenRight:None:True:Full] | sessionMovement= | insect=Incompatible | hardFloor=Compatible","name=Standing Leg-Resistance Biceps Curl | demand=2 | primary=ElbowFlexors | secondary=[ForearmFlexorsAndPronators;IntrinsicHand;HipAbductors;CalfDeepPosteriorLegAndPlantarFoot;AnteriorLateralLowerLegAndDorsalFoot;AbdominalWall] | practice=Standing strength and balance | motion=LegResistanceCurl | mode=Repetition | presentation=Motion | holdFrame=0 | side=ScreenLeftThenRight | direction=None | blocks=[269:ScreenLeft:None:False:Full;269:ScreenRight:None:True:Full] | sessionMovement= | insect=Incompatible | hardFloor=Compatible","The complete packaged loop demonstrates Standing Leg-Resistance Biceps Curl as named.","None.","Full-loop review found the name, demand, anatomy, structure, and packaged media coherent.","PASS","PASS","PASS","PASS","PASS","PASS","PASS or not applicable","PASS"
"270","PASS","Goalpost Chest-Opener Hold","Goalpost Chest-Opener Hold","name=Goalpost Chest-Opener Hold | demand=0 | primary=Chest | secondary=[ShoulderAbductors;ScapularGirdle;RotatorCuff] | practice=Standing stretching | motion=GoalpostChestOpener | mode=Hold | presentation=Still | holdFrame=50 | side=Continuous | direction=None | blocks=[270:None:None:False:Full] | sessionMovement= | insect=Incompatible | hardFloor=Compatible","name=Goalpost Chest-Opener Hold | demand=0 | primary=Chest | secondary=[ShoulderAbductors;ScapularGirdle;RotatorCuff] | practice=Standing stretching | motion=GoalpostChestOpener | mode=Hold | presentation=Still | holdFrame=50 | side=Continuous | direction=None | blocks=[270:None:None:False:Full] | sessionMovement= | insect=Incompatible | hardFloor=Compatible","The complete packaged loop demonstrates Goalpost Chest-Opener Hold as named.","None.","Full-loop review found the name, demand, anatomy, structure, and packaged media coherent.","PASS","PASS","PASS","PASS","PASS","PASS","PASS or not applicable","PASS"
"271","PASS","Standing Lumbar Extension","Standing Lumbar Extension","name=Standing Lumbar Extension | demand=0 | primary=SpinalExtensors | secondary=[DeepAndIntersegmentalBack;GlutealExtensors;PosteriorThighAndKneeFlexors;AbdominalWall;ShoulderAbductors] | practice=Standing mobility and movement practice | motion=FingerMotion | mode=Repetition | presentation=Motion | holdFrame=0 | side=Continuous | direction=None | blocks=[271:None:None:False:Full] | sessionMovement= | insect=Incompatible | hardFloor=Compatible","name=Standing Lumbar Extension | demand=0 | primary=SpinalExtensors | secondary=[DeepAndIntersegmentalBack;GlutealExtensors;PosteriorThighAndKneeFlexors;AbdominalWall;ShoulderAbductors] | practice=Standing mobility and movement practice | motion=FingerMotion | mode=Repetition | presentation=Motion | holdFrame=0 | side=Continuous | direction=None | blocks=[271:None:None:False:Full] | sessionMovement= | insect=Incompatible | hardFloor=Compatible","The complete packaged loop demonstrates Standing Lumbar Extension as named.","None.","Full-loop review found the name, demand, anatomy, structure, and packaged media coherent.","PASS","PASS","PASS","PASS","PASS","PASS","PASS or not applicable","PASS"
"272","PASS","Unsupported Single-Leg Bent-Knee Calf Raise","Unsupported Single-Leg Bent-Knee Calf Raise","name=Unsupported Single-Leg Bent-Knee Calf Raise | demand=2 | primary=Soleus | secondary=[CalfDeepPosteriorLegAndPlantarFoot;AnteriorLateralLowerLegAndDorsalFoot;HipAbductors;AbdominalWall] | practice=Calf strengthening | motion=SingleLegBentKneeCalfRaise | mode=Repetition | presentation=Motion | holdFrame=0 | side=ScreenRightThenLeft | direction=None | blocks=[272:ScreenRight:None:False:Full;272:ScreenLeft:None:True:Full] | sessionMovement= | insect=Incompatible | hardFloor=Incompatible","name=Unsupported Single-Leg Bent-Knee Calf Raise | demand=2 | primary=Soleus | secondary=[CalfDeepPosteriorLegAndPlantarFoot;AnteriorLateralLowerLegAndDorsalFoot;HipAbductors;AbdominalWall] | practice=Calf strengthening | motion=SingleLegBentKneeCalfRaise | mode=Repetition | presentation=Motion | holdFrame=0 | side=ScreenRightThenLeft | direction=None | blocks=[272:ScreenRight:None:False:Full;272:ScreenLeft:None:True:Full] | sessionMovement= | insect=Incompatible | hardFloor=Incompatible","The complete packaged loop demonstrates Unsupported Single-Leg Bent-Knee Calf Raise as named.","None.","Full-loop review found the name, demand, anatomy, structure, and packaged media coherent.","PASS","PASS","PASS","PASS","PASS","PASS","PASS or not applicable","PASS"
"273","PASS","Bent-Knee Calf-Raise Hold","Bent-Knee Calf-Raise Hold","name=Bent-Knee Calf-Raise Hold | demand=2 | primary=Soleus | secondary=[CalfDeepPosteriorLegAndPlantarFoot;MedialAndDeepKneeExtensors;LateralKneeExtensors] | practice=Standing mobility and movement practice | motion=FingerMotion | mode=Hold | presentation=Still | holdFrame=75 | side=Continuous | direction=None | blocks=[273:None:None:False:Full] | sessionMovement= | insect=Incompatible | hardFloor=Incompatible","name=Bent-Knee Calf-Raise Hold | demand=2 | primary=Soleus | secondary=[CalfDeepPosteriorLegAndPlantarFoot;MedialAndDeepKneeExtensors;LateralKneeExtensors] | practice=Standing mobility and movement practice | motion=FingerMotion | mode=Hold | presentation=Still | holdFrame=75 | side=Continuous | direction=None | blocks=[273:None:None:False:Full] | sessionMovement= | insect=Incompatible | hardFloor=Incompatible","The complete packaged loop demonstrates Bent-Knee Calf-Raise Hold as named.","None.","Full-loop review found the name, demand, anatomy, structure, and packaged media coherent.","PASS","PASS","PASS","PASS","PASS","PASS","PASS or not applicable","PASS"
"274","PASS","Alternating Boxing Uppercuts","Alternating Boxing Uppercuts","name=Alternating Boxing Uppercuts | demand=1 | primary=ElbowFlexors | secondary=[Chest;AbdominalWall;GlutealExtensors] | practice=Boxing | motion=MartialHand | mode=Repetition | presentation=Motion | holdFrame=0 | side=ScreenLeftLeadThenRightLead | direction=None | blocks=[274:ShownLeadStance:None:False:Full;274:OppositeLeadStance:None:True:Full] | sessionMovement= | insect=Compatible | hardFloor=Compatible","name=Alternating Boxing Uppercuts | demand=1 | primary=ElbowFlexors | secondary=[Chest;AbdominalWall;GlutealExtensors] | practice=Boxing | motion=MartialHand | mode=Repetition | presentation=Motion | holdFrame=0 | side=ScreenLeftLeadThenRightLead | direction=None | blocks=[274:ShownLeadStance:None:False:Full;274:OppositeLeadStance:None:True:Full] | sessionMovement= | insect=Compatible | hardFloor=Compatible","The complete packaged loop demonstrates Alternating Boxing Uppercuts as named.","None.","Full-loop review found the name, demand, anatomy, structure, and packaged media coherent.","PASS","PASS","PASS","PASS","PASS","PASS","PASS or not applicable","PASS"
"275","PASS","Small Arm Circles","Small Arm Circles","name=Small Arm Circles | demand=1 | primary=RotatorCuff | secondary=[ShoulderAbductors;ScapularGirdle;AbdominalWall] | practice=Shoulder endurance | motion=ArmCircle | mode=Repetition | presentation=Motion | holdFrame=0 | side=Continuous | direction=BackwardThenForward | blocks=[275:None:Backward:False:FirstDirection;275:None:Forward:False:SecondDirection] | sessionMovement= | insect=Incompatible | hardFloor=Compatible","name=Small Arm Circles | demand=1 | primary=RotatorCuff | secondary=[ShoulderAbductors;ScapularGirdle;AbdominalWall] | practice=Shoulder endurance | motion=ArmCircle | mode=Repetition | presentation=Motion | holdFrame=0 | side=Continuous | direction=BackwardThenForward | blocks=[275:None:Backward:False:FirstDirection;275:None:Forward:False:SecondDirection] | sessionMovement= | insect=Incompatible | hardFloor=Compatible","The complete packaged loop demonstrates Small Arm Circles as named.","None.","Full-loop review found the name, demand, anatomy, structure, and packaged media coherent.","PASS","PASS","PASS","PASS","PASS","PASS","PASS or not applicable","PASS"
"276","PASS","Muay Thai Upward Elbow Strike","Muay Thai Upward Elbow Strike","name=Muay Thai Upward Elbow Strike | demand=1 | primary=ElbowFlexors | secondary=[ShoulderAbductors;Chest;AbdominalWall;RotatorCuff] | practice=Muay Thai | motion=MartialHand | mode=Repetition | presentation=Motion | holdFrame=0 | side=ScreenRightThenLeft | direction=None | blocks=[276:ScreenRight:None:False:Full;276:ScreenLeft:None:True:Full] | sessionMovement= | insect=Compatible | hardFloor=Compatible","name=Muay Thai Upward Elbow Strike | demand=1 | primary=ElbowFlexors | secondary=[ShoulderAbductors;Chest;AbdominalWall;RotatorCuff] | practice=Muay Thai | motion=MartialHand | mode=Repetition | presentation=Motion | holdFrame=0 | side=ScreenRightThenLeft | direction=None | blocks=[276:ScreenRight:None:False:Full;276:ScreenLeft:None:True:Full] | sessionMovement= | insect=Compatible | hardFloor=Compatible","The complete packaged loop demonstrates Muay Thai Upward Elbow Strike as named.","None.","Full-loop review found the name, demand, anatomy, structure, and packaged media coherent.","PASS","PASS","PASS","PASS","PASS","PASS","PASS or not applicable","PASS"
"277","PASS","Standing Elbow-to-Elbow Chest Squeeze","Standing Elbow-to-Elbow Chest Squeeze","name=Standing Elbow-to-Elbow Chest Squeeze | demand=1 | primary=Chest | secondary=[ShoulderAbductors;ScapularGirdle;IntrinsicHand] | practice=Standing mobility and movement practice | motion=FingerMotion | mode=Repetition | presentation=Motion | holdFrame=0 | side=Continuous | direction=None | blocks=[277:None:None:False:Full] | sessionMovement= | insect=Incompatible | hardFloor=Compatible","name=Standing Elbow-to-Elbow Chest Squeeze | demand=1 | primary=Chest | secondary=[ShoulderAbductors;ScapularGirdle;IntrinsicHand] | practice=Standing mobility and movement practice | motion=FingerMotion | mode=Repetition | presentation=Motion | holdFrame=0 | side=Continuous | direction=None | blocks=[277:None:None:False:Full] | sessionMovement= | insect=Incompatible | hardFloor=Compatible","The complete packaged loop demonstrates Standing Elbow-to-Elbow Chest Squeeze as named.","None.","Full-loop review found the name, demand, anatomy, structure, and packaged media coherent.","PASS","PASS","PASS","PASS","PASS","PASS","PASS or not applicable","PASS"
"278","PASS","Staggered-Stance Straight Punch","Staggered-Stance Straight Punch","name=Staggered-Stance Straight Punch | demand=1 | primary=ElbowExtensors | secondary=[ShoulderAdductorsAndExtensors;ScapularGirdle;ForearmFlexorsAndPronators;ForearmExtensorsAndSupinators] | practice=Boxing conditioning | motion=StraightPunch | mode=Repetition | presentation=Motion | holdFrame=0 | side=ScreenRightThenLeft | direction=None | blocks=[278:ScreenRight:None:False:Full;278:ScreenLeft:None:True:Full] | sessionMovement= | insect=Compatible | hardFloor=Compatible","name=Staggered-Stance Straight Punch | demand=1 | primary=ElbowExtensors | secondary=[ShoulderAdductorsAndExtensors;ScapularGirdle;ForearmFlexorsAndPronators;ForearmExtensorsAndSupinators] | practice=Boxing conditioning | motion=StraightPunch | mode=Repetition | presentation=Motion | holdFrame=0 | side=ScreenRightThenLeft | direction=None | blocks=[278:ScreenRight:None:False:Full;278:ScreenLeft:None:True:Full] | sessionMovement= | insect=Compatible | hardFloor=Compatible","The complete packaged loop demonstrates Staggered-Stance Straight Punch as named.","None.","Full-loop review found the name, demand, anatomy, structure, and packaged media coherent.","PASS","PASS","PASS","PASS","PASS","PASS","PASS or not applicable","PASS"
"279","PASS","Staggered-Stance Jab-Cross","Staggered-Stance Jab-Cross","name=Staggered-Stance Jab-Cross | demand=1 | primary=ElbowExtensors | secondary=[ShoulderAdductorsAndExtensors;ScapularGirdle;ForearmFlexorsAndPronators] | practice=Karate conditioning | motion=JabCross | mode=Repetition | presentation=Motion | holdFrame=0 | side=ScreenRightThenLeft | direction=None | blocks=[279:ScreenRight:None:False:Full;279:ScreenLeft:None:True:Full] | sessionMovement= | insect=Compatible | hardFloor=Compatible","name=Staggered-Stance Jab-Cross | demand=1 | primary=ElbowExtensors | secondary=[ShoulderAdductorsAndExtensors;ScapularGirdle;ForearmFlexorsAndPronators] | practice=Karate conditioning | motion=JabCross | mode=Repetition | presentation=Motion | holdFrame=0 | side=ScreenRightThenLeft | direction=None | blocks=[279:ScreenRight:None:False:Full;279:ScreenLeft:None:True:Full] | sessionMovement= | insect=Compatible | hardFloor=Compatible","The complete packaged loop demonstrates Staggered-Stance Jab-Cross as named.","None.","Full-loop review found the name, demand, anatomy, structure, and packaged media coherent.","PASS","PASS","PASS","PASS","PASS","PASS","PASS or not applicable","PASS"
"280","PASS","Alternating Boxing Hook Punches","Alternating Boxing Hook Punches","name=Alternating Boxing Hook Punches | demand=1 | primary=Chest | secondary=[RotatorCuff;AbdominalWall;ElbowFlexors;ForearmExtensorsAndSupinators;ScapularGirdle] | practice=Boxing | motion=MartialHand | mode=Repetition | presentation=Motion | holdFrame=0 | side=ScreenLeftLeadThenRightLead | direction=None | blocks=[280:ShownLeadStance:None:False:Full;280:OppositeLeadStance:None:True:Full] | sessionMovement= | insect=Compatible | hardFloor=Compatible","name=Alternating Boxing Hook Punches | demand=1 | primary=Chest | secondary=[RotatorCuff;AbdominalWall;ElbowFlexors;ForearmExtensorsAndSupinators;ScapularGirdle] | practice=Boxing | motion=MartialHand | mode=Repetition | presentation=Motion | holdFrame=0 | side=ScreenLeftLeadThenRightLead | direction=None | blocks=[280:ShownLeadStance:None:False:Full;280:OppositeLeadStance:None:True:Full] | sessionMovement= | insect=Compatible | hardFloor=Compatible","The complete packaged loop demonstrates Alternating Boxing Hook Punches as named.","None.","Full-loop review found the name, demand, anatomy, structure, and packaged media coherent.","PASS","PASS","PASS","PASS","PASS","PASS","PASS or not applicable","PASS"
"281","PASS","Alternating Overhead Punch","Alternating Overhead Punch","name=Alternating Overhead Punch | demand=1 | primary=ElbowExtensors | secondary=[ShoulderAbductors;ScapularGirdle;ForearmExtensorsAndSupinators] | practice=Standing bodyweight conditioning | motion=OverheadPunch | mode=Repetition | presentation=Motion | holdFrame=0 | side=Alternating | direction=None | blocks=[281:None:None:False:Full] | sessionMovement= | insect=Compatible | hardFloor=Compatible","name=Alternating Overhead Punch | demand=1 | primary=ElbowExtensors | secondary=[ShoulderAbductors;ScapularGirdle;ForearmExtensorsAndSupinators] | practice=Standing bodyweight conditioning | motion=OverheadPunch | mode=Repetition | presentation=Motion | holdFrame=0 | side=Alternating | direction=None | blocks=[281:None:None:False:Full] | sessionMovement= | insect=Compatible | hardFloor=Compatible","The complete packaged loop demonstrates Alternating Overhead Punch as named.","None.","Full-loop review found the name, demand, anatomy, structure, and packaged media coherent.","PASS","PASS","PASS","PASS","PASS","PASS","PASS or not applicable","PASS"
"282","CORRECTED","Side-Step Knee Drive with Alternating Side Punches","Side-Step Knee Drive with Alternating Side Punches","name=Side-Step Knee Drive with Alternating Side Punches | demand=1 | primary=ElbowExtensors | secondary=[Chest;ForearmFlexorsAndPronators;ForearmExtensorsAndSupinators;IntrinsicHand;ShoulderAbductors;HipFlexors;HipAbductors;AbdominalWall] | practice=Low-impact boxing conditioning | motion=SideStepKneeDriveSidePunch | mode=Repetition | presentation=Motion | holdFrame=0 | side=ScreenLeftThenRight | direction=None | blocks=[282:ScreenLeft:None:False:Full;282:ScreenRight:None:True:Full] | sessionMovement= | insect=Compatible | hardFloor=Compatible","name=Side-Step Knee Drive with Alternating Side Punches | demand=1 | primary=ElbowExtensors | secondary=[Chest;ForearmFlexorsAndPronators;ForearmExtensorsAndSupinators;IntrinsicHand;ShoulderAbductors;HipFlexors;HipAbductors;AbdominalWall;PelvicFloorAndPerineum] | practice=Low-impact boxing conditioning | motion=SideStepKneeDriveSidePunch | mode=Repetition | presentation=Motion | holdFrame=0 | side=ScreenLeftThenRight | direction=None | blocks=[282:ScreenLeft:None:False:Full;282:ScreenRight:None:True:Full] | sessionMovement= | insect=Compatible | hardFloor=Compatible","The complete packaged loop demonstrates Side-Step Knee Drive with Alternating Side Punches as named.","secondaryCanonicalGroups: [""Chest"",""ForearmFlexorsAndPronators"",""ForearmExtensorsAndSupinators"",""IntrinsicHand"",""ShoulderAbductors"",""HipFlexors"",""HipAbductors"",""AbdominalWall""] => [""Chest"",""ForearmFlexorsAndPronators"",""ForearmExtensorsAndSupinators"",""IntrinsicHand"",""ShoulderAbductors"",""HipFlexors"",""HipAbductors"",""AbdominalWall"",""PelvicFloorAndPerineum""]","Associations were trimmed to meaningful visible mechanics; pelvic-floor involvement is retained only as evidence-supported secondary work for gait, single-leg support, or impact.","PASS","PASS","PASS","PASS","PASS","PASS","PASS or not applicable","PASS"
"283","PASS","Open Hand to Straight Fist","Open Hand to Straight Fist","name=Open Hand to Straight Fist | demand=0 | primary=IntrinsicHand | secondary=[ForearmFlexorsAndPronators;ForearmExtensorsAndSupinators] | practice=Hand therapy | motion=StraightFistTendonGlide | mode=Repetition | presentation=Motion | holdFrame=0 | side=ScreenRightThenLeft | direction=None | blocks=[283:ScreenRight:None:False:Full;283:ScreenLeft:None:True:Full] | sessionMovement= | insect=Incompatible | hardFloor=Compatible","name=Open Hand to Straight Fist | demand=0 | primary=IntrinsicHand | secondary=[ForearmFlexorsAndPronators;ForearmExtensorsAndSupinators] | practice=Hand therapy | motion=StraightFistTendonGlide | mode=Repetition | presentation=Motion | holdFrame=0 | side=ScreenRightThenLeft | direction=None | blocks=[283:ScreenRight:None:False:Full;283:ScreenLeft:None:True:Full] | sessionMovement= | insect=Incompatible | hardFloor=Compatible","The complete packaged loop demonstrates Open Hand to Straight Fist as named.","None.","Full-loop review found the name, demand, anatomy, structure, and packaged media coherent.","PASS","PASS","PASS","PASS","PASS","PASS","PASS or not applicable","PASS"
"284","PASS","Side-to-Side Ankle Rocks","Side-to-Side Ankle Rocks","name=Side-to-Side Ankle Rocks | demand=1 | primary=AnteriorLateralLowerLegAndDorsalFoot | secondary=[CalfDeepPosteriorLegAndPlantarFoot;Soleus;HipAbductors] | practice=Standing bodyweight conditioning | motion=AnkleRock | mode=Repetition | presentation=Motion | holdFrame=0 | side=Alternating | direction=None | blocks=[284:None:None:False:Full] | sessionMovement= | insect=Incompatible | hardFloor=Compatible","name=Side-to-Side Ankle Rocks | demand=1 | primary=AnteriorLateralLowerLegAndDorsalFoot | secondary=[CalfDeepPosteriorLegAndPlantarFoot;Soleus;HipAbductors] | practice=Standing bodyweight conditioning | motion=AnkleRock | mode=Repetition | presentation=Motion | holdFrame=0 | side=Alternating | direction=None | blocks=[284:None:None:False:Full] | sessionMovement= | insect=Incompatible | hardFloor=Compatible","The complete packaged loop demonstrates Side-to-Side Ankle Rocks as named.","None.","Full-loop review found the name, demand, anatomy, structure, and packaged media coherent.","PASS","PASS","PASS","PASS","PASS","PASS","PASS or not applicable","PASS"
"285","PASS","Karate Inside Block","Karate Inside Block","name=Karate Inside Block | demand=1 | primary=ElbowFlexors | secondary=[ForearmFlexorsAndPronators;IntrinsicHand] | practice=Karate | motion=InsideBlock | mode=Repetition | presentation=Motion | holdFrame=0 | side=ScreenRightThenLeft | direction=None | blocks=[285:ScreenRight:None:False:Full;285:ScreenLeft:None:True:Full;541:None:None:False:Full] | sessionMovement= | insect=Compatible | hardFloor=Compatible","name=Karate Inside Block | demand=1 | primary=ElbowFlexors | secondary=[ForearmFlexorsAndPronators;IntrinsicHand] | practice=Karate | motion=InsideBlock | mode=Repetition | presentation=Motion | holdFrame=0 | side=ScreenRightThenLeft | direction=None | blocks=[285:ScreenRight:None:False:Full;285:ScreenLeft:None:True:Full;541:None:None:False:Full] | sessionMovement= | insect=Compatible | hardFloor=Compatible","The complete packaged loop demonstrates Karate Inside Block as named.","None.","Full-loop review found the name, demand, anatomy, structure, and packaged media coherent.","PASS","PASS","PASS","PASS","PASS","PASS","PASS or not applicable","PASS"
"286","PASS","Karate Outside Block","Karate Outside Block","name=Karate Outside Block | demand=1 | primary=ElbowFlexors | secondary=[ForearmFlexorsAndPronators;ForearmExtensorsAndSupinators;IntrinsicHand] | practice=Karate | motion=OutsideBlock | mode=Repetition | presentation=Motion | holdFrame=0 | side=ScreenRightThenLeft | direction=None | blocks=[286:ScreenRight:None:False:Full;286:ScreenLeft:None:True:Full;545:None:None:False:Full] | sessionMovement= | insect=Compatible | hardFloor=Compatible","name=Karate Outside Block | demand=1 | primary=ElbowFlexors | secondary=[ForearmFlexorsAndPronators;ForearmExtensorsAndSupinators;IntrinsicHand] | practice=Karate | motion=OutsideBlock | mode=Repetition | presentation=Motion | holdFrame=0 | side=ScreenRightThenLeft | direction=None | blocks=[286:ScreenRight:None:False:Full;286:ScreenLeft:None:True:Full;545:None:None:False:Full] | sessionMovement= | insect=Compatible | hardFloor=Compatible","The complete packaged loop demonstrates Karate Outside Block as named.","None.","Full-loop review found the name, demand, anatomy, structure, and packaged media coherent.","PASS","PASS","PASS","PASS","PASS","PASS","PASS or not applicable","PASS"
"287","PASS","Standing Uppercuts","Standing Uppercuts","name=Standing Uppercuts | demand=1 | primary=ElbowFlexors | secondary=[ForearmExtensorsAndSupinators;IntrinsicHand] | practice=Boxing conditioning | motion=Uppercut | mode=Repetition | presentation=Motion | holdFrame=0 | side=ScreenRightLeadThenLeftLead | direction=None | blocks=[287:ShownLeadStance:None:False:Full;287:OppositeLeadStance:None:True:Full] | sessionMovement= | insect=Compatible | hardFloor=Compatible","name=Standing Uppercuts | demand=1 | primary=ElbowFlexors | secondary=[ForearmExtensorsAndSupinators;IntrinsicHand] | practice=Boxing conditioning | motion=Uppercut | mode=Repetition | presentation=Motion | holdFrame=0 | side=ScreenRightLeadThenLeftLead | direction=None | blocks=[287:ShownLeadStance:None:False:Full;287:OppositeLeadStance:None:True:Full] | sessionMovement= | insect=Compatible | hardFloor=Compatible","The complete packaged loop demonstrates Standing Uppercuts as named.","None.","Full-loop review found the name, demand, anatomy, structure, and packaged media coherent.","PASS","PASS","PASS","PASS","PASS","PASS","PASS or not applicable","PASS"
"288","PASS","Forward Knee-and-Ankle Circles","Forward Knee-and-Ankle Circles","name=Forward Knee-and-Ankle Circles | demand=1 | primary=AnteriorLateralLowerLegAndDorsalFoot | secondary=[DeepHipRotators;HipFlexors;AbdominalWall;CalfDeepPosteriorLegAndPlantarFoot] | practice=Standing bodyweight conditioning | motion=KneeAnkleCircle | mode=Repetition | presentation=Motion | holdFrame=0 | side=ScreenLeftThenRight | direction=None | blocks=[288:ScreenLeft:None:False:Full;288:ScreenRight:None:True:Full;758:ScreenLeft:None:False:Full;758:ScreenRight:None:True:Full] | sessionMovement= | insect=Incompatible | hardFloor=Compatible","name=Forward Knee-and-Ankle Circles | demand=1 | primary=AnteriorLateralLowerLegAndDorsalFoot | secondary=[DeepHipRotators;HipFlexors;AbdominalWall;CalfDeepPosteriorLegAndPlantarFoot] | practice=Standing bodyweight conditioning | motion=KneeAnkleCircle | mode=Repetition | presentation=Motion | holdFrame=0 | side=ScreenLeftThenRight | direction=None | blocks=[288:ScreenLeft:None:False:Full;288:ScreenRight:None:True:Full;758:ScreenLeft:None:False:Full;758:ScreenRight:None:True:Full] | sessionMovement= | insect=Incompatible | hardFloor=Compatible","The complete packaged loop demonstrates Forward Knee-and-Ankle Circles as named.","None.","Full-loop review found the name, demand, anatomy, structure, and packaged media coherent.","PASS","PASS","PASS","PASS","PASS","PASS","PASS or not applicable","PASS"
"289","PASS","Fingertip Spider Presses","Fingertip Spider Presses","name=Fingertip Spider Presses | demand=1 | primary=IntrinsicHand | secondary=[ForearmFlexorsAndPronators;ForearmExtensorsAndSupinators] | practice=Hand conditioning | motion=FingertipSpiderPress | mode=Repetition | presentation=Motion | holdFrame=0 | side=Continuous | direction=None | blocks=[289:None:None:False:Full] | sessionMovement= | insect=Incompatible | hardFloor=Compatible","name=Fingertip Spider Presses | demand=1 | primary=IntrinsicHand | secondary=[ForearmFlexorsAndPronators;ForearmExtensorsAndSupinators] | practice=Hand conditioning | motion=FingertipSpiderPress | mode=Repetition | presentation=Motion | holdFrame=0 | side=Continuous | direction=None | blocks=[289:None:None:False:Full] | sessionMovement= | insect=Incompatible | hardFloor=Compatible","The complete packaged loop demonstrates Fingertip Spider Presses as named.","None.","Full-loop review found the name, demand, anatomy, structure, and packaged media coherent.","PASS","PASS","PASS","PASS","PASS","PASS","PASS or not applicable","PASS"
"290","PASS","Low Palm Scoop to Side Opening","Low Palm Scoop to Side Opening","name=Low Palm Scoop to Side Opening | demand=0 | primary=ForearmExtensorsAndSupinators | secondary=[ForearmFlexorsAndPronators;IntrinsicHand;ElbowExtensors;ShoulderAbductors;ScapularGirdle] | practice=Hand therapy and mobility | motion=FingerMotion | mode=Repetition | presentation=Motion | holdFrame=0 | side=Continuous | direction=None | blocks=[290:None:None:False:Full] | sessionMovement= | insect=Incompatible | hardFloor=Compatible","name=Low Palm Scoop to Side Opening | demand=0 | primary=ForearmExtensorsAndSupinators | secondary=[ForearmFlexorsAndPronators;IntrinsicHand;ElbowExtensors;ShoulderAbductors;ScapularGirdle] | practice=Hand therapy and mobility | motion=FingerMotion | mode=Repetition | presentation=Motion | holdFrame=0 | side=Continuous | direction=None | blocks=[290:None:None:False:Full] | sessionMovement= | insect=Incompatible | hardFloor=Compatible","The complete packaged loop demonstrates Low Palm Scoop to Side Opening as named.","None.","Full-loop review found the name, demand, anatomy, structure, and packaged media coherent.","PASS","PASS","PASS","PASS","PASS","PASS","PASS or not applicable","PASS"
"291","PASS","Open Hand to Claw Fist","Open Hand to Claw Fist","name=Open Hand to Claw Fist | demand=0 | primary=IntrinsicHand | secondary=[ForearmFlexorsAndPronators;ForearmExtensorsAndSupinators] | practice=Hand therapy | motion=ClawTendonGlide | mode=Repetition | presentation=Motion | holdFrame=0 | side=ScreenRightThenLeft | direction=None | blocks=[291:ScreenRight:None:False:Full;291:ScreenLeft:None:True:Full] | sessionMovement= | insect=Incompatible | hardFloor=Compatible","name=Open Hand to Claw Fist | demand=0 | primary=IntrinsicHand | secondary=[ForearmFlexorsAndPronators;ForearmExtensorsAndSupinators] | practice=Hand therapy | motion=ClawTendonGlide | mode=Repetition | presentation=Motion | holdFrame=0 | side=ScreenRightThenLeft | direction=None | blocks=[291:ScreenRight:None:False:Full;291:ScreenLeft:None:True:Full] | sessionMovement= | insect=Incompatible | hardFloor=Compatible","The complete packaged loop demonstrates Open Hand to Claw Fist as named.","None.","Full-loop review found the name, demand, anatomy, structure, and packaged media coherent.","PASS","PASS","PASS","PASS","PASS","PASS","PASS or not applicable","PASS"
"292","PASS","Standing Bird Dog","Standing Bird Dog","name=Standing Bird Dog | demand=1 | primary=SpinalExtensors | secondary=[DeepAndIntersegmentalBack;AbdominalWall;GlutealExtensors;ShoulderAbductors] | practice=Balance training | motion=BirdDog | mode=Repetition | presentation=Motion | holdFrame=0 | side=ScreenRightThenLeft | direction=None | blocks=[292:ScreenRight:None:False:Full;292:ScreenLeft:None:True:Full;542:None:None:False:Full] | sessionMovement= | insect=Compatible | hardFloor=Compatible","name=Standing Bird Dog | demand=1 | primary=SpinalExtensors | secondary=[DeepAndIntersegmentalBack;AbdominalWall;GlutealExtensors;ShoulderAbductors] | practice=Balance training | motion=BirdDog | mode=Repetition | presentation=Motion | holdFrame=0 | side=ScreenRightThenLeft | direction=None | blocks=[292:ScreenRight:None:False:Full;292:ScreenLeft:None:True:Full;542:None:None:False:Full] | sessionMovement= | insect=Compatible | hardFloor=Compatible","The complete packaged loop demonstrates Standing Bird Dog as named.","None.","Full-loop review found the name, demand, anatomy, structure, and packaged media coherent.","PASS","PASS","PASS","PASS","PASS","PASS","PASS or not applicable","PASS"
"293","PASS","Opposite-Hand Finger-Web Stretches","Opposite-Hand Finger-Web Stretches","name=Opposite-Hand Finger-Web Stretches | demand=0 | primary=IntrinsicHand | secondary=[ForearmFlexorsAndPronators;ForearmExtensorsAndSupinators] | practice=Active isolated stretching | motion=FingerMotion | mode=Repetition | presentation=Motion | holdFrame=0 | side=ScreenLeftThenRight | direction=None | blocks=[293:ScreenLeft:None:False:Full;293:ScreenRight:None:True:Full] | sessionMovement= | insect=Incompatible | hardFloor=Compatible","name=Opposite-Hand Finger-Web Stretches | demand=0 | primary=IntrinsicHand | secondary=[ForearmFlexorsAndPronators;ForearmExtensorsAndSupinators] | practice=Active isolated stretching | motion=FingerMotion | mode=Repetition | presentation=Motion | holdFrame=0 | side=ScreenLeftThenRight | direction=None | blocks=[293:ScreenLeft:None:False:Full;293:ScreenRight:None:True:Full] | sessionMovement= | insect=Incompatible | hardFloor=Compatible","The complete packaged loop demonstrates Opposite-Hand Finger-Web Stretches as named.","None.","Full-loop review found the name, demand, anatomy, structure, and packaged media coherent.","PASS","PASS","PASS","PASS","PASS","PASS","PASS or not applicable","PASS"
"294","PASS","Five-Position Tendon Glide","Five-Position Tendon Glide","name=Five-Position Tendon Glide | demand=0 | primary=IntrinsicHand | secondary=[ForearmFlexorsAndPronators;ForearmExtensorsAndSupinators] | practice=Hand therapy | motion=TendonGlideSequence | mode=Repetition | presentation=Motion | holdFrame=0 | side=ScreenRightThenLeft | direction=None | blocks=[294:ScreenRight:None:False:Full;294:ScreenLeft:None:True:Full] | sessionMovement= | insect=Incompatible | hardFloor=Compatible","name=Five-Position Tendon Glide | demand=0 | primary=IntrinsicHand | secondary=[ForearmFlexorsAndPronators;ForearmExtensorsAndSupinators] | practice=Hand therapy | motion=TendonGlideSequence | mode=Repetition | presentation=Motion | holdFrame=0 | side=ScreenRightThenLeft | direction=None | blocks=[294:ScreenRight:None:False:Full;294:ScreenLeft:None:True:Full] | sessionMovement= | insect=Incompatible | hardFloor=Compatible","The complete packaged loop demonstrates Five-Position Tendon Glide as named.","None.","Full-loop review found the name, demand, anatomy, structure, and packaged media coherent.","PASS","PASS","PASS","PASS","PASS","PASS","PASS or not applicable","PASS"
"295","CORRECTED","Ankle Squat March","Ankle Squat March","name=Ankle Squat March | demand=1 | primary=Soleus | secondary=[CalfDeepPosteriorLegAndPlantarFoot;AnteriorLateralLowerLegAndDorsalFoot;MedialAndDeepKneeExtensors;LateralKneeExtensors;GlutealExtensors] | practice=Standing bodyweight conditioning | motion=SquatMarch | mode=Repetition | presentation=Motion | holdFrame=0 | side=Alternating | direction=None | blocks=[295:None:None:False:Full] | sessionMovement= | insect=Compatible | hardFloor=Compatible","name=Ankle Squat March | demand=1 | primary=Soleus | secondary=[CalfDeepPosteriorLegAndPlantarFoot;AnteriorLateralLowerLegAndDorsalFoot;MedialAndDeepKneeExtensors;LateralKneeExtensors;GlutealExtensors;PelvicFloorAndPerineum] | practice=Standing bodyweight conditioning | motion=SquatMarch | mode=Repetition | presentation=Motion | holdFrame=0 | side=Alternating | direction=None | blocks=[295:None:None:False:Full] | sessionMovement= | insect=Compatible | hardFloor=Compatible","The complete packaged loop demonstrates Ankle Squat March as named.","secondaryCanonicalGroups: [""CalfDeepPosteriorLegAndPlantarFoot"",""AnteriorLateralLowerLegAndDorsalFoot"",""MedialAndDeepKneeExtensors"",""LateralKneeExtensors"",""GlutealExtensors""] => [""CalfDeepPosteriorLegAndPlantarFoot"",""AnteriorLateralLowerLegAndDorsalFoot"",""MedialAndDeepKneeExtensors"",""LateralKneeExtensors"",""GlutealExtensors"",""PelvicFloorAndPerineum""]","Associations were trimmed to meaningful visible mechanics; pelvic-floor involvement is retained only as evidence-supported secondary work for gait, single-leg support, or impact.","PASS","PASS","PASS","PASS","PASS","PASS","PASS or not applicable","PASS"
"296","CORRECTED","Single-Leg Sprinter March","Single-Leg Sprinter March","name=Single-Leg Sprinter March | demand=1 | primary=GlutealExtensors | secondary=[MedialAndDeepKneeExtensors;LateralKneeExtensors;HipFlexors;CalfDeepPosteriorLegAndPlantarFoot;AbdominalWall] | practice=Standing bodyweight conditioning | motion=SprinterMarch | mode=Repetition | presentation=Motion | holdFrame=0 | side=ScreenLeftThenRight | direction=None | blocks=[296:ScreenLeft:None:False:Full;296:ScreenRight:None:True:Full] | sessionMovement= | insect=Compatible | hardFloor=Compatible","name=Single-Leg Sprinter March | demand=1 | primary=GlutealExtensors | secondary=[MedialAndDeepKneeExtensors;LateralKneeExtensors;HipFlexors;CalfDeepPosteriorLegAndPlantarFoot;AbdominalWall;PelvicFloorAndPerineum] | practice=Standing bodyweight conditioning | motion=SprinterMarch | mode=Repetition | presentation=Motion | holdFrame=0 | side=ScreenLeftThenRight | direction=None | blocks=[296:ScreenLeft:None:False:Full;296:ScreenRight:None:True:Full] | sessionMovement= | insect=Compatible | hardFloor=Compatible","The complete packaged loop demonstrates Single-Leg Sprinter March as named.","secondaryCanonicalGroups: [""MedialAndDeepKneeExtensors"",""LateralKneeExtensors"",""HipFlexors"",""CalfDeepPosteriorLegAndPlantarFoot"",""AbdominalWall""] => [""MedialAndDeepKneeExtensors"",""LateralKneeExtensors"",""HipFlexors"",""CalfDeepPosteriorLegAndPlantarFoot"",""AbdominalWall"",""PelvicFloorAndPerineum""]","Associations were trimmed to meaningful visible mechanics; pelvic-floor involvement is retained only as evidence-supported secondary work for gait, single-leg support, or impact.","PASS","PASS","PASS","PASS","PASS","PASS","PASS or not applicable","PASS"
"301","PASS","Overhead Arm Pumps","Overhead Arm Pumps","name=Overhead Arm Pumps | demand=1 | primary=ShoulderAbductors | secondary=[ScapularGirdle;RotatorCuff;ElbowExtensors] | practice=Shoulder endurance | motion=OverheadArmPump | mode=Repetition | presentation=Motion | holdFrame=0 | side=Continuous | direction=None | blocks=[301:None:None:False:Full] | sessionMovement= | insect=Incompatible | hardFloor=Compatible","name=Overhead Arm Pumps | demand=1 | primary=ShoulderAbductors | secondary=[ScapularGirdle;RotatorCuff;ElbowExtensors] | practice=Shoulder endurance | motion=OverheadArmPump | mode=Repetition | presentation=Motion | holdFrame=0 | side=Continuous | direction=None | blocks=[301:None:None:False:Full] | sessionMovement= | insect=Incompatible | hardFloor=Compatible","The complete packaged loop demonstrates Overhead Arm Pumps as named.","None.","Full-loop review found the name, demand, anatomy, structure, and packaged media coherent.","PASS","PASS","PASS","PASS","PASS","PASS","PASS or not applicable","PASS"
"303","PASS","Alternating Arm-Circle Squat with Cross Tap","Alternating Arm-Circle Squat with Cross Tap","name=Alternating Arm-Circle Squat with Cross Tap | demand=2 | primary=LateralKneeExtensors | secondary=[MedialAndDeepKneeExtensors;GlutealExtensors;ShoulderAbductors;RotatorCuff] | practice=Bodyweight conditioning | motion=Squat | mode=Repetition | presentation=Motion | holdFrame=0 | side=Alternating | direction=None | blocks=[303:None:None:False:Full] | sessionMovement= | insect=Compatible | hardFloor=Compatible","name=Alternating Arm-Circle Squat with Cross Tap | demand=2 | primary=LateralKneeExtensors | secondary=[MedialAndDeepKneeExtensors;GlutealExtensors;ShoulderAbductors;RotatorCuff] | practice=Bodyweight conditioning | motion=Squat | mode=Repetition | presentation=Motion | holdFrame=0 | side=Alternating | direction=None | blocks=[303:None:None:False:Full] | sessionMovement= | insect=Compatible | hardFloor=Compatible","The complete packaged loop demonstrates Alternating Arm-Circle Squat with Cross Tap as named.","None.","Full-loop review found the name, demand, anatomy, structure, and packaged media coherent.","PASS","PASS","PASS","PASS","PASS","PASS","PASS or not applicable","PASS"
"311","PASS","Low-Impact Standing Jack","Low-Impact Standing Jack","name=Low-Impact Standing Jack | demand=1 | primary=AnteriorLateralLowerLegAndDorsalFoot | secondary=[HipAbductors;CalfDeepPosteriorLegAndPlantarFoot;BreathingMuscles] | practice=Bodyweight conditioning | motion=WalkingStep | mode=Repetition | presentation=Motion | holdFrame=0 | side=Alternating | direction=None | blocks=[311:None:None:False:Full] | sessionMovement= | insect=Compatible | hardFloor=Compatible","name=Low-Impact Standing Jack | demand=1 | primary=AnteriorLateralLowerLegAndDorsalFoot | secondary=[HipAbductors;CalfDeepPosteriorLegAndPlantarFoot;BreathingMuscles] | practice=Bodyweight conditioning | motion=WalkingStep | mode=Repetition | presentation=Motion | holdFrame=0 | side=Alternating | direction=None | blocks=[311:None:None:False:Full] | sessionMovement= | insect=Compatible | hardFloor=Compatible","The complete packaged loop demonstrates Low-Impact Standing Jack as named.","None.","Full-loop review found the name, demand, anatomy, structure, and packaged media coherent.","PASS","PASS","PASS","PASS","PASS","PASS","PASS or not applicable","PASS"
"314","PASS","Alternating Forward Lunge Pulses","Alternating Forward Lunge Pulses","name=Alternating Forward Lunge Pulses | demand=2 | primary=MedialAndDeepKneeExtensors | secondary=[LateralKneeExtensors;GlutealExtensors;HipFlexors] | practice=Bodyweight conditioning | motion=ForwardLungePulse | mode=Repetition | presentation=Motion | holdFrame=0 | side=Alternating | direction=None | blocks=[314:None:None:False:Full] | sessionMovement= | insect=Incompatible | hardFloor=Compatible","name=Alternating Forward Lunge Pulses | demand=2 | primary=MedialAndDeepKneeExtensors | secondary=[LateralKneeExtensors;GlutealExtensors;HipFlexors] | practice=Bodyweight conditioning | motion=ForwardLungePulse | mode=Repetition | presentation=Motion | holdFrame=0 | side=Alternating | direction=None | blocks=[314:None:None:False:Full] | sessionMovement= | insect=Incompatible | hardFloor=Compatible","The complete packaged loop demonstrates Alternating Forward Lunge Pulses as named.","None.","Full-loop review found the name, demand, anatomy, structure, and packaged media coherent.","PASS","PASS","PASS","PASS","PASS","PASS","PASS or not applicable","PASS"
"315","PASS","Side-Step Squat with Overhead Reach","Side-Step Squat with Overhead Reach","name=Side-Step Squat with Overhead Reach | demand=2 | primary=LateralKneeExtensors | secondary=[MedialAndDeepKneeExtensors;GlutealExtensors;HipAbductors;ShoulderAbductors;ScapularGirdle] | practice=Bodyweight conditioning | motion=Squat | mode=Repetition | presentation=Motion | holdFrame=0 | side=Alternating | direction=None | blocks=[315:None:None:False:Full] | sessionMovement= | insect=Compatible | hardFloor=Compatible","name=Side-Step Squat with Overhead Reach | demand=2 | primary=LateralKneeExtensors | secondary=[MedialAndDeepKneeExtensors;GlutealExtensors;HipAbductors;ShoulderAbductors;ScapularGirdle] | practice=Bodyweight conditioning | motion=Squat | mode=Repetition | presentation=Motion | holdFrame=0 | side=Alternating | direction=None | blocks=[315:None:None:False:Full] | sessionMovement= | insect=Compatible | hardFloor=Compatible","The complete packaged loop demonstrates Side-Step Squat with Overhead Reach as named.","None.","Full-loop review found the name, demand, anatomy, structure, and packaged media coherent.","PASS","PASS","PASS","PASS","PASS","PASS","PASS or not applicable","PASS"
"321","PASS","Side-Tap Alternating Arm Raises","Side-Tap Alternating Arm Raises","name=Side-Tap Alternating Arm Raises | demand=1 | primary=ShoulderAbductors | secondary=[ScapularGirdle;RotatorCuff;AccessoryHipAdductors;HipAbductors] | practice=Low-impact conditioning | motion=SideTapArmRaise | mode=Repetition | presentation=Motion | holdFrame=0 | side=Alternating | direction=None | blocks=[321:None:None:False:Full] | sessionMovement= | insect=Compatible | hardFloor=Compatible","name=Side-Tap Alternating Arm Raises | demand=1 | primary=ShoulderAbductors | secondary=[ScapularGirdle;RotatorCuff;AccessoryHipAdductors;HipAbductors] | practice=Low-impact conditioning | motion=SideTapArmRaise | mode=Repetition | presentation=Motion | holdFrame=0 | side=Alternating | direction=None | blocks=[321:None:None:False:Full] | sessionMovement= | insect=Compatible | hardFloor=Compatible","The complete packaged loop demonstrates Side-Tap Alternating Arm Raises as named.","None.","Full-loop review found the name, demand, anatomy, structure, and packaged media coherent.","PASS","PASS","PASS","PASS","PASS","PASS","PASS or not applicable","PASS"
"326","PASS","Rear-Hand Straight Punch","Rear-Hand Straight Punch","name=Rear-Hand Straight Punch | demand=1 | primary=ElbowExtensors | secondary=[Chest;ForearmFlexorsAndPronators;ShoulderAbductors;ScapularGirdle;RotatorCuff;IntrinsicHand;AbdominalWall] | practice=Boxing conditioning | motion=RearHandStraightPunch | mode=Repetition | presentation=Motion | holdFrame=0 | side=ScreenRightThenLeft | direction=None | blocks=[326:ScreenRight:None:False:Full;326:ScreenLeft:None:True:Full] | sessionMovement= | insect=Compatible | hardFloor=Compatible","name=Rear-Hand Straight Punch | demand=1 | primary=ElbowExtensors | secondary=[Chest;ForearmFlexorsAndPronators;ShoulderAbductors;ScapularGirdle;RotatorCuff;IntrinsicHand;AbdominalWall] | practice=Boxing conditioning | motion=RearHandStraightPunch | mode=Repetition | presentation=Motion | holdFrame=0 | side=ScreenRightThenLeft | direction=None | blocks=[326:ScreenRight:None:False:Full;326:ScreenLeft:None:True:Full] | sessionMovement= | insect=Compatible | hardFloor=Compatible","The complete packaged loop demonstrates Rear-Hand Straight Punch as named.","None.","Full-loop review found the name, demand, anatomy, structure, and packaged media coherent.","PASS","PASS","PASS","PASS","PASS","PASS","PASS or not applicable","PASS"
"327","PASS","Muay Thai Horizontal Elbow Strike","Muay Thai Horizontal Elbow Strike","name=Muay Thai Horizontal Elbow Strike | demand=1 | primary=ElbowFlexors | secondary=[Chest;RotatorCuff;AbdominalWall;ShoulderAdductorsAndExtensors] | practice=Muay Thai | motion=MartialHand | mode=Repetition | presentation=Motion | holdFrame=0 | side=ScreenRightThenLeft | direction=None | blocks=[327:ScreenRight:None:False:Full;327:ScreenLeft:None:True:Full;546:None:None:False:Full] | sessionMovement= | insect=Compatible | hardFloor=Compatible","name=Muay Thai Horizontal Elbow Strike | demand=1 | primary=ElbowFlexors | secondary=[Chest;RotatorCuff;AbdominalWall;ShoulderAdductorsAndExtensors] | practice=Muay Thai | motion=MartialHand | mode=Repetition | presentation=Motion | holdFrame=0 | side=ScreenRightThenLeft | direction=None | blocks=[327:ScreenRight:None:False:Full;327:ScreenLeft:None:True:Full;546:None:None:False:Full] | sessionMovement= | insect=Compatible | hardFloor=Compatible","The complete packaged loop demonstrates Muay Thai Horizontal Elbow Strike as named.","None.","Full-loop review found the name, demand, anatomy, structure, and packaged media coherent.","PASS","PASS","PASS","PASS","PASS","PASS","PASS or not applicable","PASS"
"329","PASS","Standing Shoulder CAR","Standing Shoulder CAR","name=Standing Shoulder CAR | demand=0 | primary=RotatorCuff | secondary=[ShoulderAbductors;ScapularGirdle] | practice=Shoulder mobility | motion=ShoulderCAR | mode=Repetition | presentation=Motion | holdFrame=0 | side=ScreenRightThenLeft | direction=None | blocks=[329:ScreenRight:None:False:Full;329:ScreenLeft:None:True:Full;531:None:None:False:Full] | sessionMovement= | insect=Incompatible | hardFloor=Compatible","name=Standing Shoulder CAR | demand=0 | primary=RotatorCuff | secondary=[ShoulderAbductors;ScapularGirdle] | practice=Shoulder mobility | motion=ShoulderCAR | mode=Repetition | presentation=Motion | holdFrame=0 | side=ScreenRightThenLeft | direction=None | blocks=[329:ScreenRight:None:False:Full;329:ScreenLeft:None:True:Full;531:None:None:False:Full] | sessionMovement= | insect=Incompatible | hardFloor=Compatible","The complete packaged loop demonstrates Standing Shoulder CAR as named.","None.","Full-loop review found the name, demand, anatomy, structure, and packaged media coherent.","PASS","PASS","PASS","PASS","PASS","PASS","PASS or not applicable","PASS"
"338","PASS","Overhead Triceps Stretch with Side Bend","Overhead Triceps Stretch with Side Bend","name=Overhead Triceps Stretch with Side Bend | demand=0 | primary=ElbowExtensors | secondary=[ShoulderAdductorsAndExtensors;DeepAndIntersegmentalBack;AbdominalWall] | practice=Stretching | motion=SideReach | mode=Hold | presentation=Still | holdFrame=50 | side=ScreenLeftThenRight | direction=None | blocks=[] | sessionMovement= | insect=Incompatible | hardFloor=Compatible","name=Overhead Triceps Stretch with Side Bend | demand=0 | primary=ElbowExtensors | secondary=[ShoulderAdductorsAndExtensors;DeepAndIntersegmentalBack;AbdominalWall] | practice=Stretching | motion=SideReach | mode=Hold | presentation=Still | holdFrame=50 | side=ScreenLeftThenRight | direction=None | blocks=[] | sessionMovement= | insect=Incompatible | hardFloor=Compatible","The complete packaged loop demonstrates Overhead Triceps Stretch with Side Bend as named.","None.","Full-loop review found the name, demand, anatomy, structure, and packaged media coherent.","PASS","PASS","PASS","PASS","PASS","PASS","PASS or not applicable","PASS"
"340","PASS","Low-Impact Jack with Alternating Punches","Low-Impact Jack with Alternating Punches","name=Low-Impact Jack with Alternating Punches | demand=1 | primary=ElbowExtensors | secondary=[AnteriorLateralLowerLegAndDorsalFoot;HipAbductors;CalfDeepPosteriorLegAndPlantarFoot;Chest;ForearmFlexorsAndPronators;ForearmExtensorsAndSupinators;BreathingMuscles] | practice=Standing mobility and movement practice | motion=MartialHand | mode=Repetition | presentation=Motion | holdFrame=0 | side=Alternating | direction=None | blocks=[340:None:None:False:Full] | sessionMovement= | insect=Compatible | hardFloor=Compatible","name=Low-Impact Jack with Alternating Punches | demand=1 | primary=ElbowExtensors | secondary=[AnteriorLateralLowerLegAndDorsalFoot;HipAbductors;CalfDeepPosteriorLegAndPlantarFoot;Chest;ForearmFlexorsAndPronators;ForearmExtensorsAndSupinators;BreathingMuscles] | practice=Standing mobility and movement practice | motion=MartialHand | mode=Repetition | presentation=Motion | holdFrame=0 | side=Alternating | direction=None | blocks=[340:None:None:False:Full] | sessionMovement= | insect=Compatible | hardFloor=Compatible","The complete packaged loop demonstrates Low-Impact Jack with Alternating Punches as named.","None.","Full-loop review found the name, demand, anatomy, structure, and packaged media coherent.","PASS","PASS","PASS","PASS","PASS","PASS","PASS or not applicable","PASS"
"341","PASS","Squat with Alternating Straight Punches","Squat with Alternating Straight Punches","name=Squat with Alternating Straight Punches | demand=2 | primary=ForearmFlexorsAndPronators | secondary=[MedialAndDeepKneeExtensors;LateralKneeExtensors;GlutealExtensors;ElbowExtensors;Chest;ForearmExtensorsAndSupinators] | practice=Bodyweight conditioning | motion=MartialHand | mode=Repetition | presentation=Motion | holdFrame=0 | side=Alternating | direction=None | blocks=[341:None:None:False:Full] | sessionMovement= | insect=Compatible | hardFloor=Compatible","name=Squat with Alternating Straight Punches | demand=2 | primary=ForearmFlexorsAndPronators | secondary=[MedialAndDeepKneeExtensors;LateralKneeExtensors;GlutealExtensors;ElbowExtensors;Chest;ForearmExtensorsAndSupinators] | practice=Bodyweight conditioning | motion=MartialHand | mode=Repetition | presentation=Motion | holdFrame=0 | side=Alternating | direction=None | blocks=[341:None:None:False:Full] | sessionMovement= | insect=Compatible | hardFloor=Compatible","The complete packaged loop demonstrates Squat with Alternating Straight Punches as named.","None.","Full-loop review found the name, demand, anatomy, structure, and packaged media coherent.","PASS","PASS","PASS","PASS","PASS","PASS","PASS or not applicable","PASS"
"367","PASS","Single-Leg Bodyweight Deadlift","Single-Leg Bodyweight Deadlift","name=Single-Leg Bodyweight Deadlift | demand=2 | primary=PosteriorThighAndKneeFlexors | secondary=[GlutealExtensors;SpinalExtensors;DeepAndIntersegmentalBack;HipAbductors;CalfDeepPosteriorLegAndPlantarFoot] | practice=Standing bodyweight conditioning | motion=SingleLegDeadlift | mode=Repetition | presentation=Motion | holdFrame=0 | side=ScreenRightThenLeft | direction=None | blocks=[367:ScreenRight:None:False:Full;367:ScreenLeft:None:True:Full;529:None:None:False:Full] | sessionMovement= | insect=Compatible | hardFloor=Compatible","name=Single-Leg Bodyweight Deadlift | demand=2 | primary=PosteriorThighAndKneeFlexors | secondary=[GlutealExtensors;SpinalExtensors;DeepAndIntersegmentalBack;HipAbductors;CalfDeepPosteriorLegAndPlantarFoot] | practice=Standing bodyweight conditioning | motion=SingleLegDeadlift | mode=Repetition | presentation=Motion | holdFrame=0 | side=ScreenRightThenLeft | direction=None | blocks=[367:ScreenRight:None:False:Full;367:ScreenLeft:None:True:Full;529:None:None:False:Full] | sessionMovement= | insect=Compatible | hardFloor=Compatible","The complete packaged loop demonstrates Single-Leg Bodyweight Deadlift as named.","None.","Full-loop review found the name, demand, anatomy, structure, and packaged media coherent.","PASS","PASS","PASS","PASS","PASS","PASS","PASS or not applicable","PASS"
"377","PASS","Qigong Lifting the Sky","Qigong Lifting the Sky","name=Qigong Lifting the Sky | demand=0 | primary=ShoulderAbductors | secondary=[ScapularGirdle;RotatorCuff] | practice=Qigong | motion=FlowingArms | mode=Repetition | presentation=Motion | holdFrame=0 | side=Continuous | direction=None | blocks=[377:None:None:False:Full] | sessionMovement= | insect=Incompatible | hardFloor=Compatible","name=Qigong Lifting the Sky | demand=0 | primary=ShoulderAbductors | secondary=[ScapularGirdle;RotatorCuff] | practice=Qigong | motion=FlowingArms | mode=Repetition | presentation=Motion | holdFrame=0 | side=Continuous | direction=None | blocks=[377:None:None:False:Full] | sessionMovement= | insect=Incompatible | hardFloor=Compatible","The complete packaged loop demonstrates Qigong Lifting the Sky as named.","None.","Full-loop review found the name, demand, anatomy, structure, and packaged media coherent.","PASS","PASS","PASS","PASS","PASS","PASS","PASS or not applicable","PASS"
"379","PASS","Alternating Qigong Drawing the Bow","Alternating Qigong Drawing the Bow","name=Alternating Qigong Drawing the Bow | demand=1 | primary=ShoulderAdductorsAndExtensors | secondary=[ScapularGirdle;ElbowFlexors;ElbowExtensors;ForearmFlexorsAndPronators;RotatorCuff] | practice=Qigong | motion=FingerMotion | mode=Repetition | presentation=Motion | holdFrame=0 | side=Alternating | direction=None | blocks=[379:None:None:False:Full] | sessionMovement= | insect=Incompatible | hardFloor=Compatible","name=Alternating Qigong Drawing the Bow | demand=1 | primary=ShoulderAdductorsAndExtensors | secondary=[ScapularGirdle;ElbowFlexors;ElbowExtensors;ForearmFlexorsAndPronators;RotatorCuff] | practice=Qigong | motion=FingerMotion | mode=Repetition | presentation=Motion | holdFrame=0 | side=Alternating | direction=None | blocks=[379:None:None:False:Full] | sessionMovement= | insect=Incompatible | hardFloor=Compatible","The complete packaged loop demonstrates Alternating Qigong Drawing the Bow as named.","None.","Full-loop review found the name, demand, anatomy, structure, and packaged media coherent.","PASS","PASS","PASS","PASS","PASS","PASS","PASS or not applicable","PASS"
"389","PASS","First-Position Heel Raise with Elbow Pull-Down","First-Position Heel Raise with Elbow Pull-Down","name=First-Position Heel Raise with Elbow Pull-Down | demand=1 | primary=CalfDeepPosteriorLegAndPlantarFoot | secondary=[Soleus;ScapularGirdle;ShoulderAdductorsAndExtensors;ElbowFlexors] | practice=Ballet | motion=BackBalance | mode=Repetition | presentation=Motion | holdFrame=0 | side=Continuous | direction=None | blocks=[389:None:None:False:Full] | sessionMovement= | insect=Compatible | hardFloor=Incompatible","name=First-Position Heel Raise with Elbow Pull-Down | demand=1 | primary=CalfDeepPosteriorLegAndPlantarFoot | secondary=[Soleus;ScapularGirdle;ShoulderAdductorsAndExtensors;ElbowFlexors] | practice=Ballet | motion=BackBalance | mode=Repetition | presentation=Motion | holdFrame=0 | side=Continuous | direction=None | blocks=[389:None:None:False:Full] | sessionMovement= | insect=Compatible | hardFloor=Incompatible","The complete packaged loop demonstrates First-Position Heel Raise with Elbow Pull-Down as named.","None.","Full-loop review found the name, demand, anatomy, structure, and packaged media coherent.","PASS","PASS","PASS","PASS","PASS","PASS","PASS or not applicable","PASS"
"390","CORRECTED","Inhale Arms Up, Exhale Step-Touch","Inhale Arms Up, Exhale Step-Touch","name=Inhale Arms Up, Exhale Step-Touch | demand=0 | primary=BreathingMuscles | secondary=[ShoulderAbductors;ShoulderAdductorsAndExtensors;SpinalExtensors;PosteriorThighAndKneeFlexors;AbdominalWall] | practice=Breath-led mobility | motion=StepTouchArmArc | mode=Repetition | presentation=Motion | holdFrame=0 | side=Alternating | direction=None | blocks=[390:None:None:False:Full] | sessionMovement= | insect=Compatible | hardFloor=Compatible","name=Inhale Arms Up, Exhale Step-Touch | demand=0 | primary=ShoulderAbductors | secondary=[ShoulderAdductorsAndExtensors;BreathingMuscles;PelvicFloorAndPerineum] | practice=Breath-led mobility | motion=StepTouchArmArc | mode=Repetition | presentation=Motion | holdFrame=0 | side=Alternating | direction=None | blocks=[390:None:None:False:Full] | sessionMovement= | insect=Compatible | hardFloor=Compatible","The complete packaged loop demonstrates Inhale Arms Up, Exhale Step-Touch as named.","primaryCanonicalGroup: BreathingMuscles => ShoulderAbductors | secondaryCanonicalGroups: [""ShoulderAbductors"",""ShoulderAdductorsAndExtensors"",""SpinalExtensors"",""PosteriorThighAndKneeFlexors"",""AbdominalWall""] => [""ShoulderAdductorsAndExtensors"",""BreathingMuscles"",""PelvicFloorAndPerineum""]","The visible gross movement, not breathing itself, is the principal mechanical action; breathing remains secondary only when meaningfully demonstrated.","PASS","PASS","PASS","PASS","PASS","PASS","PASS or not applicable","PASS"
"391","CORRECTED","Inhale Arms Open, Exhale High-Knee","Inhale Arms Open, Exhale High-Knee","name=Inhale Arms Open, Exhale High-Knee | demand=1 | primary=BreathingMuscles | secondary=[ShoulderAbductors;ScapularGirdle;ElbowExtensors] | practice=Breath-led conditioning | motion=HighKneeOpenArmMarch | mode=Repetition | presentation=Motion | holdFrame=0 | side=Alternating | direction=None | blocks=[391:None:None:False:Full] | sessionMovement= | insect=Compatible | hardFloor=Compatible","name=Inhale Arms Open, Exhale High-Knee | demand=1 | primary=HipFlexors | secondary=[ShoulderAbductors;ScapularGirdle;BreathingMuscles] | practice=Breath-led conditioning | motion=HighKneeOpenArmMarch | mode=Repetition | presentation=Motion | holdFrame=0 | side=Alternating | direction=None | blocks=[391:None:None:False:Full] | sessionMovement= | insect=Compatible | hardFloor=Compatible","The complete packaged loop demonstrates Inhale Arms Open, Exhale High-Knee as named.","primaryCanonicalGroup: BreathingMuscles => HipFlexors | secondaryCanonicalGroups: [""ShoulderAbductors"",""ScapularGirdle"",""ElbowExtensors""] => [""ShoulderAbductors"",""ScapularGirdle"",""BreathingMuscles""]","The visible gross movement, not breathing itself, is the principal mechanical action; breathing remains secondary only when meaningfully demonstrated.","PASS","PASS","PASS","PASS","PASS","PASS","PASS or not applicable","PASS"
"392","CORRECTED","Exhale-Down Inhale-Up Breathing Squat","Exhale-Down Inhale-Up Breathing Squat","name=Exhale-Down Inhale-Up Breathing Squat | demand=2 | primary=BreathingMuscles | secondary=[MajorHipAdductors;AccessoryHipAdductors;MedialAndDeepKneeExtensors;LateralKneeExtensors;GlutealExtensors;ShoulderAbductors;AbdominalWall] | practice=Breathwork | motion=BreathingSquat | mode=Repetition | presentation=Motion | holdFrame=0 | side=Continuous | direction=None | blocks=[392:None:None:False:Full;399:None:None:False:Full;400:None:None:False:Full] | sessionMovement= | insect=Compatible | hardFloor=Compatible","name=Exhale-Down Inhale-Up Breathing Squat | demand=2 | primary=MajorHipAdductors | secondary=[MedialAndDeepKneeExtensors;LateralKneeExtensors;GlutealExtensors;ShoulderAbductors;BreathingMuscles] | practice=Breathwork | motion=BreathingSquat | mode=Repetition | presentation=Motion | holdFrame=0 | side=Continuous | direction=None | blocks=[392:None:None:False:Full;399:None:None:False:Full;400:None:None:False:Full] | sessionMovement= | insect=Compatible | hardFloor=Compatible","The complete packaged loop demonstrates Exhale-Down Inhale-Up Breathing Squat as named.","primaryCanonicalGroup: BreathingMuscles => MajorHipAdductors | secondaryCanonicalGroups: [""MajorHipAdductors"",""AccessoryHipAdductors"",""MedialAndDeepKneeExtensors"",""LateralKneeExtensors"",""GlutealExtensors"",""ShoulderAbductors"",""AbdominalWall""] => [""MedialAndDeepKneeExtensors"",""LateralKneeExtensors"",""GlutealExtensors"",""ShoulderAbductors"",""BreathingMuscles""]","The visible gross movement, not breathing itself, is the principal mechanical action; breathing remains secondary only when meaningfully demonstrated.","PASS","PASS","PASS","PASS","PASS","PASS","PASS or not applicable","PASS"
"393","CORRECTED","Single-Leg Deadlift to Runner March","Single-Leg Deadlift to Runner March","name=Single-Leg Deadlift to Runner March | demand=2 | primary=PosteriorThighAndKneeFlexors | secondary=[GlutealExtensors;HipFlexors;SpinalExtensors;DeepAndIntersegmentalBack;AbdominalWall;HipAbductors] | practice=Standing bodyweight conditioning | motion=DeadliftKneeDrive | mode=Repetition | presentation=Motion | holdFrame=0 | side=ScreenRightThenLeft | direction=None | blocks=[393:ScreenRight:None:False:Full;393:ScreenLeft:None:True:Full;537:None:None:False:Full] | sessionMovement= | insect=Compatible | hardFloor=Compatible","name=Single-Leg Deadlift to Runner March | demand=2 | primary=PosteriorThighAndKneeFlexors | secondary=[GlutealExtensors;HipFlexors;SpinalExtensors;DeepAndIntersegmentalBack;AbdominalWall;HipAbductors;PelvicFloorAndPerineum] | practice=Standing bodyweight conditioning | motion=DeadliftKneeDrive | mode=Repetition | presentation=Motion | holdFrame=0 | side=ScreenRightThenLeft | direction=None | blocks=[393:ScreenRight:None:False:Full;393:ScreenLeft:None:True:Full;537:None:None:False:Full] | sessionMovement= | insect=Compatible | hardFloor=Compatible","The complete packaged loop demonstrates Single-Leg Deadlift to Runner March as named.","secondaryCanonicalGroups: [""GlutealExtensors"",""HipFlexors"",""SpinalExtensors"",""DeepAndIntersegmentalBack"",""AbdominalWall"",""HipAbductors""] => [""GlutealExtensors"",""HipFlexors"",""SpinalExtensors"",""DeepAndIntersegmentalBack"",""AbdominalWall"",""HipAbductors"",""PelvicFloorAndPerineum""]","Associations were trimmed to meaningful visible mechanics; pelvic-floor involvement is retained only as evidence-supported secondary work for gait, single-leg support, or impact.","PASS","PASS","PASS","PASS","PASS","PASS","PASS or not applicable","PASS"
"394","CORRECTED","Inhale Open, Exhale Cross-Body Knee","Inhale Open, Exhale Cross-Body Knee","name=Inhale Open, Exhale Cross-Body Knee | demand=1 | primary=BreathingMuscles | secondary=[Chest;ScapularGirdle;AbdominalWall;DeepAndIntersegmentalBack] | practice=Breath-led conditioning | motion=HighKneeCrossBodySweep | mode=Repetition | presentation=Motion | holdFrame=0 | side=Alternating | direction=None | blocks=[394:None:None:False:Full] | sessionMovement= | insect=Compatible | hardFloor=Compatible","name=Inhale Open, Exhale Cross-Body Knee | demand=1 | primary=HipFlexors | secondary=[AbdominalWall;DeepAndIntersegmentalBack;Chest;ScapularGirdle;BreathingMuscles] | practice=Breath-led conditioning | motion=HighKneeCrossBodySweep | mode=Repetition | presentation=Motion | holdFrame=0 | side=Alternating | direction=None | blocks=[394:None:None:False:Full] | sessionMovement= | insect=Compatible | hardFloor=Compatible","The complete packaged loop demonstrates Inhale Open, Exhale Cross-Body Knee as named.","primaryCanonicalGroup: BreathingMuscles => HipFlexors | secondaryCanonicalGroups: [""Chest"",""ScapularGirdle"",""AbdominalWall"",""DeepAndIntersegmentalBack""] => [""AbdominalWall"",""DeepAndIntersegmentalBack"",""Chest"",""ScapularGirdle"",""BreathingMuscles""]","The visible gross movement, not breathing itself, is the principal mechanical action; breathing remains secondary only when meaningfully demonstrated.","PASS","PASS","PASS","PASS","PASS","PASS","PASS or not applicable","PASS"
"395","CORRECTED","Single-Side Inhale Reach Up, Exhale Knee Lift","Single-Side Inhale Reach Up, Exhale Knee Lift","name=Single-Side Inhale Reach Up, Exhale Knee Lift | demand=1 | primary=BreathingMuscles | secondary=[ShoulderAbductors;ScapularGirdle] | practice=Breath-led mobility | motion=KneeLiftOverheadReach | mode=Repetition | presentation=Motion | holdFrame=0 | side=ScreenLeftThenRight | direction=None | blocks=[395:ScreenLeft:None:False:Full;395:ScreenRight:None:True:Full] | sessionMovement= | insect=Compatible | hardFloor=Compatible","name=Single-Side Inhale Reach Up, Exhale Knee Lift | demand=1 | primary=HipFlexors | secondary=[ShoulderAbductors;AbdominalWall;BreathingMuscles] | practice=Breath-led mobility | motion=KneeLiftOverheadReach | mode=Repetition | presentation=Motion | holdFrame=0 | side=ScreenLeftThenRight | direction=None | blocks=[395:ScreenLeft:None:False:Full;395:ScreenRight:None:True:Full] | sessionMovement= | insect=Compatible | hardFloor=Compatible","The complete packaged loop demonstrates Single-Side Inhale Reach Up, Exhale Knee Lift as named.","primaryCanonicalGroup: BreathingMuscles => HipFlexors | secondaryCanonicalGroups: [""ShoulderAbductors"",""ScapularGirdle""] => [""ShoulderAbductors"",""AbdominalWall"",""BreathingMuscles""]","The visible gross movement, not breathing itself, is the principal mechanical action; breathing remains secondary only when meaningfully demonstrated.","PASS","PASS","PASS","PASS","PASS","PASS","PASS or not applicable","PASS"
"396","PASS","Single-Leg Knee-Lift Balance Hold","Single-Leg Knee-Lift Balance Hold","name=Single-Leg Knee-Lift Balance Hold | demand=1 | primary=AnteriorLateralLowerLegAndDorsalFoot | secondary=[CalfDeepPosteriorLegAndPlantarFoot;Soleus;HipAbductors;DeepHipRotators;AbdominalWall] | practice=Standing balance | motion=KneeLiftBalance | mode=Hold | presentation=Still | holdFrame=50 | side=ScreenLeftThenRight | direction=None | blocks=[396:ScreenLeft:None:False:Full;396:ScreenRight:None:True:Full] | sessionMovement= | insect=Incompatible | hardFloor=Compatible","name=Single-Leg Knee-Lift Balance Hold | demand=1 | primary=AnteriorLateralLowerLegAndDorsalFoot | secondary=[CalfDeepPosteriorLegAndPlantarFoot;Soleus;HipAbductors;DeepHipRotators;AbdominalWall] | practice=Standing balance | motion=KneeLiftBalance | mode=Hold | presentation=Still | holdFrame=50 | side=ScreenLeftThenRight | direction=None | blocks=[396:ScreenLeft:None:False:Full;396:ScreenRight:None:True:Full] | sessionMovement= | insect=Incompatible | hardFloor=Compatible","The complete packaged loop demonstrates Single-Leg Knee-Lift Balance Hold as named.","None.","Full-loop review found the name, demand, anatomy, structure, and packaged media coherent.","PASS","PASS","PASS","PASS","PASS","PASS","PASS or not applicable","PASS"
"397","CORRECTED","Inhale Open, Exhale Cross-Body Side Tap","Inhale Open, Exhale Cross-Body Side Tap","name=Inhale Open, Exhale Cross-Body Side Tap | demand=0 | primary=BreathingMuscles | secondary=[CalfDeepPosteriorLegAndPlantarFoot;Soleus;GlutealExtensors] | practice=Breath-led mobility | motion=SideTapCrossBodySweep | mode=Repetition | presentation=Motion | holdFrame=0 | side=ScreenRightThenLeft | direction=None | blocks=[397:ScreenRight:None:False:Full;397:ScreenLeft:None:True:Full] | sessionMovement= | insect=Compatible | hardFloor=Compatible","name=Inhale Open, Exhale Cross-Body Side Tap | demand=0 | primary=HipAbductors | secondary=[GlutealExtensors;ShoulderAbductors;BreathingMuscles] | practice=Breath-led mobility | motion=SideTapCrossBodySweep | mode=Repetition | presentation=Motion | holdFrame=0 | side=ScreenRightThenLeft | direction=None | blocks=[397:ScreenRight:None:False:Full;397:ScreenLeft:None:True:Full] | sessionMovement= | insect=Compatible | hardFloor=Compatible","The complete packaged loop demonstrates Inhale Open, Exhale Cross-Body Side Tap as named.","primaryCanonicalGroup: BreathingMuscles => HipAbductors | secondaryCanonicalGroups: [""CalfDeepPosteriorLegAndPlantarFoot"",""Soleus"",""GlutealExtensors""] => [""GlutealExtensors"",""ShoulderAbductors"",""BreathingMuscles""]","The visible gross movement, not breathing itself, is the principal mechanical action; breathing remains secondary only when meaningfully demonstrated.","PASS","PASS","PASS","PASS","PASS","PASS","PASS or not applicable","PASS"
"398","CORRECTED","Inhale Arms Open, Exhale Self-Hug and Fold","Inhale Arms Open, Exhale Self-Hug and Fold","name=Inhale Arms Open, Exhale Self-Hug and Fold | demand=0 | primary=BreathingMuscles | secondary=[Chest;ScapularGirdle;AbdominalWall;DeepAndIntersegmentalBack] | practice=Breathwork | motion=ArmSweep | mode=Repetition | presentation=Motion | holdFrame=0 | side=Alternating | direction=None | blocks=[398:None:None:False:Full] | sessionMovement= | insect=Incompatible | hardFloor=Compatible","name=Inhale Arms Open, Exhale Self-Hug and Fold | demand=0 | primary=DeepAndIntersegmentalBack | secondary=[Chest;ScapularGirdle;PosteriorThighAndKneeFlexors;BreathingMuscles] | practice=Breathwork | motion=ArmSweep | mode=Repetition | presentation=Motion | holdFrame=0 | side=Alternating | direction=None | blocks=[398:None:None:False:Full] | sessionMovement= | insect=Incompatible | hardFloor=Compatible","The complete packaged loop demonstrates Inhale Arms Open, Exhale Self-Hug and Fold as named.","primaryCanonicalGroup: BreathingMuscles => DeepAndIntersegmentalBack | secondaryCanonicalGroups: [""Chest"",""ScapularGirdle"",""AbdominalWall"",""DeepAndIntersegmentalBack""] => [""Chest"",""ScapularGirdle"",""PosteriorThighAndKneeFlexors"",""BreathingMuscles""]","The visible gross movement, not breathing itself, is the principal mechanical action; breathing remains secondary only when meaningfully demonstrated.","PASS","PASS","PASS","PASS","PASS","PASS","PASS or not applicable","PASS"
"399","CORRECTED","Inhale Chest Open, Exhale Arms Close with Shallow Squat","Inhale Chest Open, Exhale Arms Close with Shallow Squat","name=Inhale Chest Open, Exhale Arms Close with Shallow Squat | demand=1 | primary=BreathingMuscles | secondary=[Chest;ScapularGirdle;MedialAndDeepKneeExtensors;LateralKneeExtensors] | practice=Qigong | motion=ArmSweep | mode=Repetition | presentation=Motion | holdFrame=0 | side=Continuous | direction=None | blocks=[] | sessionMovement= | insect=Incompatible | hardFloor=Compatible","name=Inhale Chest Open, Exhale Arms Close with Shallow Squat | demand=1 | primary=MedialAndDeepKneeExtensors | secondary=[LateralKneeExtensors;GlutealExtensors;Chest;ScapularGirdle;BreathingMuscles] | practice=Qigong | motion=ArmSweep | mode=Repetition | presentation=Motion | holdFrame=0 | side=Continuous | direction=None | blocks=[] | sessionMovement= | insect=Incompatible | hardFloor=Compatible","The complete packaged loop demonstrates Inhale Chest Open, Exhale Arms Close with Shallow Squat as named.","primaryCanonicalGroup: BreathingMuscles => MedialAndDeepKneeExtensors | secondaryCanonicalGroups: [""Chest"",""ScapularGirdle"",""MedialAndDeepKneeExtensors"",""LateralKneeExtensors""] => [""LateralKneeExtensors"",""GlutealExtensors"",""Chest"",""ScapularGirdle"",""BreathingMuscles""]","The visible gross movement, not breathing itself, is the principal mechanical action; breathing remains secondary only when meaningfully demonstrated.","PASS","PASS","PASS","PASS","PASS","PASS","PASS or not applicable","PASS"
"400","CORRECTED","Inhale Rise and Lift Arms, Exhale Squat and Sweep Down","Inhale Rise and Lift Arms, Exhale Squat and Sweep Down","name=Inhale Rise and Lift Arms, Exhale Squat and Sweep Down | demand=1 | primary=BreathingMuscles | secondary=[ScapularGirdle;Chest;ShoulderAbductors] | practice=Qigong | motion=ChestIsolation | mode=Repetition | presentation=Motion | holdFrame=0 | side=Continuous | direction=None | blocks=[] | sessionMovement= | insect=Incompatible | hardFloor=Compatible","name=Inhale Rise and Lift Arms, Exhale Squat and Sweep Down | demand=1 | primary=MedialAndDeepKneeExtensors | secondary=[LateralKneeExtensors;GlutealExtensors;ShoulderAbductors;ScapularGirdle;BreathingMuscles] | practice=Qigong | motion=ChestIsolation | mode=Repetition | presentation=Motion | holdFrame=0 | side=Continuous | direction=None | blocks=[] | sessionMovement= | insect=Incompatible | hardFloor=Compatible","The complete packaged loop demonstrates Inhale Rise and Lift Arms, Exhale Squat and Sweep Down as named.","primaryCanonicalGroup: BreathingMuscles => MedialAndDeepKneeExtensors | secondaryCanonicalGroups: [""ScapularGirdle"",""Chest"",""ShoulderAbductors""] => [""LateralKneeExtensors"",""GlutealExtensors"",""ShoulderAbductors"",""ScapularGirdle"",""BreathingMuscles""]","The visible gross movement, not breathing itself, is the principal mechanical action; breathing remains secondary only when meaningfully demonstrated.","PASS","PASS","PASS","PASS","PASS","PASS","PASS or not applicable","PASS"
"401","CORRECTED","Alternating Inhale-Twist, Exhale-Push","Alternating Inhale-Twist, Exhale-Push","name=Alternating Inhale-Twist, Exhale-Push | demand=0 | primary=BreathingMuscles | secondary=[ScapularGirdle;Chest;ShoulderAdductorsAndExtensors;DeepAndIntersegmentalBack] | practice=Qigong | motion=ChestIsolation | mode=Repetition | presentation=Motion | holdFrame=0 | side=Alternating | direction=None | blocks=[401:None:None:False:Full] | sessionMovement= | insect=Incompatible | hardFloor=Compatible","name=Alternating Inhale-Twist, Exhale-Push | demand=0 | primary=DeepAndIntersegmentalBack | secondary=[ShoulderAdductorsAndExtensors;Chest;ScapularGirdle;BreathingMuscles] | practice=Qigong | motion=ChestIsolation | mode=Repetition | presentation=Motion | holdFrame=0 | side=Alternating | direction=None | blocks=[401:None:None:False:Full] | sessionMovement= | insect=Incompatible | hardFloor=Compatible","The complete packaged loop demonstrates Alternating Inhale-Twist, Exhale-Push as named.","primaryCanonicalGroup: BreathingMuscles => DeepAndIntersegmentalBack | secondaryCanonicalGroups: [""ScapularGirdle"",""Chest"",""ShoulderAdductorsAndExtensors"",""DeepAndIntersegmentalBack""] => [""ShoulderAdductorsAndExtensors"",""Chest"",""ScapularGirdle"",""BreathingMuscles""]","The visible gross movement, not breathing itself, is the principal mechanical action; breathing remains secondary only when meaningfully demonstrated.","PASS","PASS","PASS","PASS","PASS","PASS","PASS or not applicable","PASS"
"402","PASS","Shallow Squat with Rowing Arm Circle","Shallow Squat with Rowing Arm Circle","name=Shallow Squat with Rowing Arm Circle | demand=1 | primary=ScapularGirdle | secondary=[Chest;ShoulderAbductors] | practice=Qigong | motion=ChestCircle | mode=Repetition | presentation=Motion | holdFrame=0 | side=Continuous | direction=None | blocks=[402:None:None:False:Full] | sessionMovement= | insect=Incompatible | hardFloor=Compatible","name=Shallow Squat with Rowing Arm Circle | demand=1 | primary=ScapularGirdle | secondary=[Chest;ShoulderAbductors] | practice=Qigong | motion=ChestCircle | mode=Repetition | presentation=Motion | holdFrame=0 | side=Continuous | direction=None | blocks=[402:None:None:False:Full] | sessionMovement= | insect=Incompatible | hardFloor=Compatible","The complete packaged loop demonstrates Shallow Squat with Rowing Arm Circle as named.","None.","Full-loop review found the name, demand, anatomy, structure, and packaged media coherent.","PASS","PASS","PASS","PASS","PASS","PASS","PASS or not applicable","PASS"
"403","PASS","Alternating Weight Shift with Palm Push","Alternating Weight Shift with Palm Push","name=Alternating Weight Shift with Palm Push | demand=0 | primary=Chest | secondary=[ScapularGirdle;DeepAndIntersegmentalBack;AbdominalWall] | practice=Qigong | motion=ChestIsolation | mode=Repetition | presentation=Motion | holdFrame=0 | side=Alternating | direction=None | blocks=[403:None:None:False:Full] | sessionMovement= | insect=Incompatible | hardFloor=Compatible","name=Alternating Weight Shift with Palm Push | demand=0 | primary=Chest | secondary=[ScapularGirdle;DeepAndIntersegmentalBack;AbdominalWall] | practice=Qigong | motion=ChestIsolation | mode=Repetition | presentation=Motion | holdFrame=0 | side=Alternating | direction=None | blocks=[403:None:None:False:Full] | sessionMovement= | insect=Incompatible | hardFloor=Compatible","The complete packaged loop demonstrates Alternating Weight Shift with Palm Push as named.","None.","Full-loop review found the name, demand, anatomy, structure, and packaged media coherent.","PASS","PASS","PASS","PASS","PASS","PASS","PASS or not applicable","PASS"
"404","PASS","Wide-Stance Alternating Slow Punch","Wide-Stance Alternating Slow Punch","name=Wide-Stance Alternating Slow Punch | demand=1 | primary=Chest | secondary=[ScapularGirdle;ElbowExtensors;ForearmFlexorsAndPronators;IntrinsicHand] | practice=Qigong | motion=ChestPress | mode=Repetition | presentation=Motion | holdFrame=0 | side=Alternating | direction=None | blocks=[404:None:None:False:Full] | sessionMovement= | insect=Incompatible | hardFloor=Compatible","name=Wide-Stance Alternating Slow Punch | demand=1 | primary=Chest | secondary=[ScapularGirdle;ElbowExtensors;ForearmFlexorsAndPronators;IntrinsicHand] | practice=Qigong | motion=ChestPress | mode=Repetition | presentation=Motion | holdFrame=0 | side=Alternating | direction=None | blocks=[404:None:None:False:Full] | sessionMovement= | insect=Incompatible | hardFloor=Compatible","The complete packaged loop demonstrates Wide-Stance Alternating Slow Punch as named.","None.","Full-loop review found the name, demand, anatomy, structure, and packaged media coherent.","PASS","PASS","PASS","PASS","PASS","PASS","PASS or not applicable","PASS"
"405","PASS","Shallow Squat with Wing Arm Raise","Shallow Squat with Wing Arm Raise","name=Shallow Squat with Wing Arm Raise | demand=1 | primary=ScapularGirdle | secondary=[Chest;ShoulderAbductors;CalfDeepPosteriorLegAndPlantarFoot;Soleus] | practice=Qigong | motion=ChestFly | mode=Repetition | presentation=Motion | holdFrame=0 | side=Continuous | direction=None | blocks=[405:None:None:False:Full] | sessionMovement= | insect=Incompatible | hardFloor=Compatible","name=Shallow Squat with Wing Arm Raise | demand=1 | primary=ScapularGirdle | secondary=[Chest;ShoulderAbductors;CalfDeepPosteriorLegAndPlantarFoot;Soleus] | practice=Qigong | motion=ChestFly | mode=Repetition | presentation=Motion | holdFrame=0 | side=Continuous | direction=None | blocks=[405:None:None:False:Full] | sessionMovement= | insect=Incompatible | hardFloor=Compatible","The complete packaged loop demonstrates Shallow Squat with Wing Arm Raise as named.","None.","Full-loop review found the name, demand, anatomy, structure, and packaged media coherent.","PASS","PASS","PASS","PASS","PASS","PASS","PASS or not applicable","PASS"
"406","PASS","Standing Wheel Arm Circles","Standing Wheel Arm Circles","name=Standing Wheel Arm Circles | demand=1 | primary=ScapularGirdle | secondary=[Chest;ShoulderAbductors;SpinalExtensors;DeepAndIntersegmentalBack;AbdominalWall] | practice=Qigong | motion=ChestCircle | mode=Repetition | presentation=Motion | holdFrame=0 | side=Continuous | direction=ClockwiseThenCounterclockwise | blocks=[] | sessionMovement= | insect=Incompatible | hardFloor=Compatible","name=Standing Wheel Arm Circles | demand=1 | primary=ScapularGirdle | secondary=[Chest;ShoulderAbductors;SpinalExtensors;DeepAndIntersegmentalBack;AbdominalWall] | practice=Qigong | motion=ChestCircle | mode=Repetition | presentation=Motion | holdFrame=0 | side=Continuous | direction=ClockwiseThenCounterclockwise | blocks=[] | sessionMovement= | insect=Incompatible | hardFloor=Compatible","The complete packaged loop demonstrates Standing Wheel Arm Circles as named.","None.","Full-loop review found the name, demand, anatomy, structure, and packaged media coherent.","PASS","PASS","PASS","PASS","PASS","PASS","PASS or not applicable","PASS"
"407","CORRECTED","Inhale-Up, Exhale-Down Arm Circles","Inhale-Up, Exhale-Down Arm Circles","name=Inhale-Up, Exhale-Down Arm Circles | demand=0 | primary=BreathingMuscles | secondary=[ShoulderAbductors;ShoulderAdductorsAndExtensors;ScapularGirdle;RotatorCuff;AbdominalWall] | practice=Breath-led mobility | motion=BreathingArmCircle | mode=Repetition | presentation=Motion | holdFrame=0 | side=Continuous | direction=None | blocks=[407:None:None:False:Full] | sessionMovement= | insect=Incompatible | hardFloor=Compatible","name=Inhale-Up, Exhale-Down Arm Circles | demand=0 | primary=ShoulderAbductors | secondary=[ShoulderAdductorsAndExtensors;ScapularGirdle;RotatorCuff;BreathingMuscles] | practice=Breath-led mobility | motion=BreathingArmCircle | mode=Repetition | presentation=Motion | holdFrame=0 | side=Continuous | direction=None | blocks=[407:None:None:False:Full] | sessionMovement= | insect=Incompatible | hardFloor=Compatible","The complete packaged loop demonstrates Inhale-Up, Exhale-Down Arm Circles as named.","primaryCanonicalGroup: BreathingMuscles => ShoulderAbductors | secondaryCanonicalGroups: [""ShoulderAbductors"",""ShoulderAdductorsAndExtensors"",""ScapularGirdle"",""RotatorCuff"",""AbdominalWall""] => [""ShoulderAdductorsAndExtensors"",""ScapularGirdle"",""RotatorCuff"",""BreathingMuscles""]","The visible gross movement, not breathing itself, is the principal mechanical action; breathing remains secondary only when meaningfully demonstrated.","PASS","PASS","PASS","PASS","PASS","PASS","PASS or not applicable","PASS"
"408","CORRECTED","Split-Squat Torso Rotation with Thumb Tracking","Split-Squat Torso Rotation with Thumb Tracking","name=Split-Squat Torso Rotation with Thumb Tracking | demand=1 | primary=DeepAndIntersegmentalBack | secondary=[AbdominalWall;ScapularGirdle;ShoulderAbductors;ShoulderAdductorsAndExtensors;RotatorCuff;PosteriorNeckAndSuboccipitalMuscles;AnteriorLateralNeckAndHyoidMuscles;CranialMuscles;MedialAndDeepKneeExtensors;LateralKneeExtensors;GlutealExtensors] | practice=Balance and gaze-control mobility | motion=SplitSquatThumbTrackingRotation | mode=Repetition | presentation=Motion | holdFrame=0 | side=ScreenRightThenLeft | direction=None | blocks=[408:ScreenRight:None:False:Full;408:ScreenLeft:None:True:Full] | sessionMovement= | insect=Incompatible | hardFloor=Compatible","name=Split-Squat Torso Rotation with Thumb Tracking | demand=1 | primary=DeepAndIntersegmentalBack | secondary=[AbdominalWall;ShoulderAbductors;ScapularGirdle;CranialMuscles;MedialAndDeepKneeExtensors;LateralKneeExtensors] | practice=Balance and gaze-control mobility | motion=SplitSquatThumbTrackingRotation | mode=Repetition | presentation=Motion | holdFrame=0 | side=ScreenRightThenLeft | direction=None | blocks=[408:ScreenRight:None:False:Full;408:ScreenLeft:None:True:Full] | sessionMovement= | insect=Incompatible | hardFloor=Compatible","The complete packaged loop demonstrates Split-Squat Torso Rotation with Thumb Tracking as named.","secondaryCanonicalGroups: [""AbdominalWall"",""ScapularGirdle"",""ShoulderAbductors"",""ShoulderAdductorsAndExtensors"",""RotatorCuff"",""PosteriorNeckAndSuboccipitalMuscles"",""AnteriorLateralNeckAndHyoidMuscles"",""CranialMuscles"",""MedialAndDeepKneeExtensors"",""LateralKneeExtensors"",""GlutealExtensors""] => [""AbdominalWall"",""ShoulderAbductors"",""ScapularGirdle"",""CranialMuscles"",""MedialAndDeepKneeExtensors"",""LateralKneeExtensors""]","The full loop supports the named movement, but inherited or duplicative secondary associations were removed so only meaningful involvement remains.","PASS","PASS","PASS","PASS","PASS","PASS","PASS or not applicable","PASS"
"409","PASS","Full Neck Circles","Full Neck Circles","name=Full Neck Circles | demand=0 | primary=PosteriorNeckAndSuboccipitalMuscles | secondary=[AnteriorLateralNeckAndHyoidMuscles] | practice=Functional Range Conditioning | motion=HeadCircle | mode=Repetition | presentation=Motion | holdFrame=0 | side=Continuous | direction=ClockwiseThenCounterclockwise | blocks=[409:None:Clockwise:False:FirstDirection;409:None:Counterclockwise:False:SecondDirection] | sessionMovement= | insect=Incompatible | hardFloor=Compatible","name=Full Neck Circles | demand=0 | primary=PosteriorNeckAndSuboccipitalMuscles | secondary=[AnteriorLateralNeckAndHyoidMuscles] | practice=Functional Range Conditioning | motion=HeadCircle | mode=Repetition | presentation=Motion | holdFrame=0 | side=Continuous | direction=ClockwiseThenCounterclockwise | blocks=[409:None:Clockwise:False:FirstDirection;409:None:Counterclockwise:False:SecondDirection] | sessionMovement= | insect=Incompatible | hardFloor=Compatible","The complete packaged loop demonstrates Full Neck Circles as named.","None.","Full-loop review found the name, demand, anatomy, structure, and packaged media coherent.","PASS","PASS","PASS","PASS","PASS","PASS","PASS or not applicable","PASS"
"410","CORRECTED","Squat with Upward Thumb Tracking","Squat with Upward Thumb Tracking","name=Squat with Upward Thumb Tracking | demand=2 | primary=CranialMuscles | secondary=[PosteriorNeckAndSuboccipitalMuscles;AnteriorLateralNeckAndHyoidMuscles;ShoulderAbductors;ScapularGirdle;RotatorCuff;MedialAndDeepKneeExtensors;LateralKneeExtensors;GlutealExtensors;AbdominalWall] | practice=Vestibular rehabilitation | motion=UpwardThumbTrackingSquat | mode=Repetition | presentation=Motion | holdFrame=0 | side=ScreenLeftThenRight | direction=None | blocks=[410:ScreenLeft:None:False:Full;410:ScreenRight:None:True:Full] | sessionMovement= | insect=Compatible | hardFloor=Compatible","name=Squat with Upward Thumb Tracking | demand=2 | primary=MedialAndDeepKneeExtensors | secondary=[LateralKneeExtensors;GlutealExtensors;CranialMuscles;ShoulderAbductors;ScapularGirdle] | practice=Vestibular rehabilitation | motion=UpwardThumbTrackingSquat | mode=Repetition | presentation=Motion | holdFrame=0 | side=ScreenLeftThenRight | direction=None | blocks=[410:ScreenLeft:None:False:Full;410:ScreenRight:None:True:Full] | sessionMovement= | insect=Compatible | hardFloor=Compatible","The complete packaged loop demonstrates Squat with Upward Thumb Tracking as named.","primaryCanonicalGroup: CranialMuscles => MedialAndDeepKneeExtensors | secondaryCanonicalGroups: [""PosteriorNeckAndSuboccipitalMuscles"",""AnteriorLateralNeckAndHyoidMuscles"",""ShoulderAbductors"",""ScapularGirdle"",""RotatorCuff"",""MedialAndDeepKneeExtensors"",""LateralKneeExtensors"",""GlutealExtensors"",""AbdominalWall""] => [""LateralKneeExtensors"",""GlutealExtensors"",""CranialMuscles"",""ShoulderAbductors"",""ScapularGirdle""]","The squat, lunge, march, or pivot is the principal mechanical action; gaze/neck involvement remains secondary rather than displacing the movement primary.","PASS","PASS","PASS","PASS","PASS","PASS","PASS or not applicable","PASS"
"411","CORRECTED","Squat with Downward Thumb Tracking","Squat with Downward Thumb Tracking","name=Squat with Downward Thumb Tracking | demand=2 | primary=CranialMuscles | secondary=[PosteriorNeckAndSuboccipitalMuscles;AnteriorLateralNeckAndHyoidMuscles;ShoulderAbductors;ScapularGirdle;RotatorCuff;MedialAndDeepKneeExtensors;LateralKneeExtensors;GlutealExtensors;AbdominalWall] | practice=Vestibular rehabilitation | motion=DownwardThumbTrackingSquat | mode=Repetition | presentation=Motion | holdFrame=0 | side=ScreenLeftThenRight | direction=None | blocks=[411:ScreenLeft:None:False:Full;411:ScreenRight:None:True:Full] | sessionMovement= | insect=Compatible | hardFloor=Compatible","name=Squat with Downward Thumb Tracking | demand=2 | primary=MedialAndDeepKneeExtensors | secondary=[LateralKneeExtensors;GlutealExtensors;CranialMuscles;ShoulderAbductors;ScapularGirdle] | practice=Vestibular rehabilitation | motion=DownwardThumbTrackingSquat | mode=Repetition | presentation=Motion | holdFrame=0 | side=ScreenLeftThenRight | direction=None | blocks=[411:ScreenLeft:None:False:Full;411:ScreenRight:None:True:Full] | sessionMovement= | insect=Compatible | hardFloor=Compatible","The complete packaged loop demonstrates Squat with Downward Thumb Tracking as named.","primaryCanonicalGroup: CranialMuscles => MedialAndDeepKneeExtensors | secondaryCanonicalGroups: [""PosteriorNeckAndSuboccipitalMuscles"",""AnteriorLateralNeckAndHyoidMuscles"",""ShoulderAbductors"",""ScapularGirdle"",""RotatorCuff"",""MedialAndDeepKneeExtensors"",""LateralKneeExtensors"",""GlutealExtensors"",""AbdominalWall""] => [""LateralKneeExtensors"",""GlutealExtensors"",""CranialMuscles"",""ShoulderAbductors"",""ScapularGirdle""]","The squat, lunge, march, or pivot is the principal mechanical action; gaze/neck involvement remains secondary rather than displacing the movement primary.","PASS","PASS","PASS","PASS","PASS","PASS","PASS or not applicable","PASS"
"412","CORRECTED","Lateral Lunge with Sideward Thumb Tracking","Lateral Lunge with Sideward Thumb Tracking","name=Lateral Lunge with Sideward Thumb Tracking | demand=2 | primary=CranialMuscles | secondary=[PosteriorNeckAndSuboccipitalMuscles;AnteriorLateralNeckAndHyoidMuscles;MajorHipAdductors;AccessoryHipAdductors;MedialAndDeepKneeExtensors;LateralKneeExtensors;GlutealExtensors;HipAbductors;ScapularGirdle;ShoulderAbductors;RotatorCuff] | practice=Vestibular rehabilitation | motion=LateralLungeThumbTracking | mode=Repetition | presentation=Motion | holdFrame=0 | side=ScreenLeftThenRight | direction=None | blocks=[412:ScreenLeft:None:False:Full;412:ScreenRight:None:True:Full] | sessionMovement= | insect=Compatible | hardFloor=Compatible","name=Lateral Lunge with Sideward Thumb Tracking | demand=2 | primary=MajorHipAdductors | secondary=[AccessoryHipAdductors;MedialAndDeepKneeExtensors;LateralKneeExtensors;GlutealExtensors;CranialMuscles;ShoulderAbductors] | practice=Vestibular rehabilitation | motion=LateralLungeThumbTracking | mode=Repetition | presentation=Motion | holdFrame=0 | side=ScreenLeftThenRight | direction=None | blocks=[412:ScreenLeft:None:False:Full;412:ScreenRight:None:True:Full] | sessionMovement= | insect=Compatible | hardFloor=Compatible","The complete packaged loop demonstrates Lateral Lunge with Sideward Thumb Tracking as named.","primaryCanonicalGroup: CranialMuscles => MajorHipAdductors | secondaryCanonicalGroups: [""PosteriorNeckAndSuboccipitalMuscles"",""AnteriorLateralNeckAndHyoidMuscles"",""MajorHipAdductors"",""AccessoryHipAdductors"",""MedialAndDeepKneeExtensors"",""LateralKneeExtensors"",""GlutealExtensors"",""HipAbductors"",""ScapularGirdle"",""ShoulderAbductors"",""RotatorCuff""] => [""AccessoryHipAdductors"",""MedialAndDeepKneeExtensors"",""LateralKneeExtensors"",""GlutealExtensors"",""CranialMuscles"",""ShoulderAbductors""]","The squat, lunge, march, or pivot is the principal mechanical action; gaze/neck involvement remains secondary rather than displacing the movement primary.","PASS","PASS","PASS","PASS","PASS","PASS","PASS or not applicable","PASS"
"413","CORRECTED","March in Place with Sideward Eye Shifts Between Thumbs","March in Place with Sideward Eye Shifts Between Thumbs","name=March in Place with Sideward Eye Shifts Between Thumbs | demand=0 | primary=CranialMuscles | secondary=[HipFlexors;AbdominalWall;MedialAndDeepKneeExtensors;LateralKneeExtensors;CalfDeepPosteriorLegAndPlantarFoot;AnteriorLateralLowerLegAndDorsalFoot;ShoulderAbductors;ScapularGirdle;RotatorCuff] | practice=Brain-calibration training | motion=MarchingEyeShift | mode=Repetition | presentation=Motion | holdFrame=0 | side=Alternating | direction=None | blocks=[413:None:None:False:Full] | sessionMovement= | insect=Compatible | hardFloor=Compatible","name=March in Place with Sideward Eye Shifts Between Thumbs | demand=0 | primary=HipFlexors | secondary=[CranialMuscles;ShoulderAbductors;ScapularGirdle;PelvicFloorAndPerineum] | practice=Brain-calibration training | motion=MarchingEyeShift | mode=Repetition | presentation=Motion | holdFrame=0 | side=Alternating | direction=None | blocks=[413:None:None:False:Full] | sessionMovement= | insect=Compatible | hardFloor=Compatible","The complete packaged loop demonstrates March in Place with Sideward Eye Shifts Between Thumbs as named.","primaryCanonicalGroup: CranialMuscles => HipFlexors | secondaryCanonicalGroups: [""HipFlexors"",""AbdominalWall"",""MedialAndDeepKneeExtensors"",""LateralKneeExtensors"",""CalfDeepPosteriorLegAndPlantarFoot"",""AnteriorLateralLowerLegAndDorsalFoot"",""ShoulderAbductors"",""ScapularGirdle"",""RotatorCuff""] => [""CranialMuscles"",""ShoulderAbductors"",""ScapularGirdle"",""PelvicFloorAndPerineum""]","The squat, lunge, march, or pivot is the principal mechanical action; gaze/neck involvement remains secondary rather than displacing the movement primary.","PASS","PASS","PASS","PASS","PASS","PASS","PASS or not applicable","PASS"
"414","PASS","Fixed-Thumb Head Turns","Fixed-Thumb Head Turns","name=Fixed-Thumb Head Turns | demand=0 | primary=CranialMuscles | secondary=[PosteriorNeckAndSuboccipitalMuscles;AnteriorLateralNeckAndHyoidMuscles] | practice=Vestibular rehabilitation | motion=FixedThumbHeadTurn | mode=Repetition | presentation=Motion | holdFrame=0 | side=ScreenRightThenLeft | direction=None | blocks=[414:ScreenRight:None:False:Full;414:ScreenLeft:None:True:Full;418:None:None:False:Full] | sessionMovement= | insect=Incompatible | hardFloor=Compatible","name=Fixed-Thumb Head Turns | demand=0 | primary=CranialMuscles | secondary=[PosteriorNeckAndSuboccipitalMuscles;AnteriorLateralNeckAndHyoidMuscles] | practice=Vestibular rehabilitation | motion=FixedThumbHeadTurn | mode=Repetition | presentation=Motion | holdFrame=0 | side=ScreenRightThenLeft | direction=None | blocks=[414:ScreenRight:None:False:Full;414:ScreenLeft:None:True:Full;418:None:None:False:Full] | sessionMovement= | insect=Incompatible | hardFloor=Compatible","The complete packaged loop demonstrates Fixed-Thumb Head Turns as named.","None.","Full-loop review found the name, demand, anatomy, structure, and packaged media coherent.","PASS","PASS","PASS","PASS","PASS","PASS","PASS or not applicable","PASS"
"415","PASS","Fixed-Thumb Head Nods","Fixed-Thumb Head Nods","name=Fixed-Thumb Head Nods | demand=0 | primary=CranialMuscles | secondary=[PosteriorNeckAndSuboccipitalMuscles;AnteriorLateralNeckAndHyoidMuscles] | practice=Vestibular rehabilitation | motion=FixedThumbHeadNod | mode=Repetition | presentation=Motion | holdFrame=0 | side=ScreenRightThenLeft | direction=None | blocks=[415:ScreenRight:None:False:Full;415:ScreenLeft:None:True:Full;416:ScreenRight:None:False:Full;416:ScreenLeft:None:True:Full] | sessionMovement= | insect=Incompatible | hardFloor=Compatible","name=Fixed-Thumb Head Nods | demand=0 | primary=CranialMuscles | secondary=[PosteriorNeckAndSuboccipitalMuscles;AnteriorLateralNeckAndHyoidMuscles] | practice=Vestibular rehabilitation | motion=FixedThumbHeadNod | mode=Repetition | presentation=Motion | holdFrame=0 | side=ScreenRightThenLeft | direction=None | blocks=[415:ScreenRight:None:False:Full;415:ScreenLeft:None:True:Full;416:ScreenRight:None:False:Full;416:ScreenLeft:None:True:Full] | sessionMovement= | insect=Incompatible | hardFloor=Compatible","The complete packaged loop demonstrates Fixed-Thumb Head Nods as named.","None.","Full-loop review found the name, demand, anatomy, structure, and packaged media coherent.","PASS","PASS","PASS","PASS","PASS","PASS","PASS or not applicable","PASS"
"416","PASS","Fixed-Thumb Head Tilts","Fixed-Thumb Head Tilts","name=Fixed-Thumb Head Tilts | demand=0 | primary=CranialMuscles | secondary=[PosteriorNeckAndSuboccipitalMuscles;AnteriorLateralNeckAndHyoidMuscles] | practice=Vestibular rehabilitation | motion=FixedThumbHeadTilt | mode=Repetition | presentation=Motion | holdFrame=0 | side=ScreenRightThenLeft | direction=None | blocks=[] | sessionMovement= | insect=Incompatible | hardFloor=Compatible","name=Fixed-Thumb Head Tilts | demand=0 | primary=CranialMuscles | secondary=[PosteriorNeckAndSuboccipitalMuscles;AnteriorLateralNeckAndHyoidMuscles] | practice=Vestibular rehabilitation | motion=FixedThumbHeadTilt | mode=Repetition | presentation=Motion | holdFrame=0 | side=ScreenRightThenLeft | direction=None | blocks=[] | sessionMovement= | insect=Incompatible | hardFloor=Compatible","The complete packaged loop demonstrates Fixed-Thumb Head Tilts as named.","None.","Full-loop review found the name, demand, anatomy, structure, and packaged media coherent.","PASS","PASS","PASS","PASS","PASS","PASS","PASS or not applicable","PASS"
"417","CORRECTED","Narrow Squat and Overhead Reach with Thumb Tracking","Narrow-Stance Overhead-to-Floor Reach","name=Narrow Squat and Overhead Reach with Thumb Tracking | demand=2 | primary=CranialMuscles | secondary=[PosteriorNeckAndSuboccipitalMuscles;AnteriorLateralNeckAndHyoidMuscles;ShoulderAbductors;ScapularGirdle;RotatorCuff;MedialAndDeepKneeExtensors;LateralKneeExtensors;GlutealExtensors] | practice=Vestibular rehabilitation | motion=NarrowSquatThumbTracking | mode=Repetition | presentation=Motion | holdFrame=0 | side=Continuous | direction=None | blocks=[417:None:None:False:Full] | sessionMovement= | insect=Compatible | hardFloor=Compatible","name=Narrow-Stance Overhead-to-Floor Reach | demand=1 | primary=MedialAndDeepKneeExtensors | secondary=[LateralKneeExtensors;GlutealExtensors;PosteriorThighAndKneeFlexors;SpinalExtensors;DeepAndIntersegmentalBack;ShoulderAbductors;ScapularGirdle;AnteriorLateralNeckAndHyoidMuscles;PosteriorNeckAndSuboccipitalMuscles] | practice=Standing mobility | motion=NarrowStanceOverheadFloorReach | mode=Repetition | presentation=Motion | holdFrame=0 | side=Continuous | direction=None | blocks=[417:None:None:False:Full] | sessionMovement= | insect=Compatible | hardFloor=Compatible","A narrow planted stance with repeated overhead-to-floor reaches and modest knee/hip flexion; no thumb target or explicit gaze tracking is shown.","motionProfile: NarrowSquatThumbTracking => NarrowStanceOverheadFloorReach | muscularDemand: 2 => 1 | name: Narrow Squat and Overhead Reach with Thumb Tracking => Narrow-Stance Overhead-to-Floor Reach | practice: Vestibular rehabilitation => Standing mobility | primaryCanonicalGroup: CranialMuscles => MedialAndDeepKneeExtensors | secondaryCanonicalGroups: [""PosteriorNeckAndSuboccipitalMuscles"",""AnteriorLateralNeckAndHyoidMuscles"",""ShoulderAbductors"",""ScapularGirdle"",""RotatorCuff"",""MedialAndDeepKneeExtensors"",""LateralKneeExtensors"",""GlutealExtensors""] => [""LateralKneeExtensors"",""GlutealExtensors"",""PosteriorThighAndKneeFlexors"",""SpinalExtensors"",""DeepAndIntersegmentalBack"",""ShoulderAbductors"",""ScapularGirdle"",""AnteriorLateralNeckAndHyoidMuscles"",""PosteriorNeckAndSuboccipitalMuscles""]","The demonstration shows a reach with modest lower-body flexion, not thumb tracking or a hard squat; name, practice, motion, anatomy, and demand now match it.","PASS","PASS","PASS","PASS","PASS","PASS","PASS or not applicable","PASS"
"418","PASS","Alternating-Thumb Head Turns","Alternating-Thumb Head Turns","name=Alternating-Thumb Head Turns | demand=0 | primary=CranialMuscles | secondary=[PosteriorNeckAndSuboccipitalMuscles;AnteriorLateralNeckAndHyoidMuscles] | practice=Vestibular rehabilitation | motion=AlternatingThumbHeadTurn | mode=Repetition | presentation=Motion | holdFrame=0 | side=Alternating | direction=None | blocks=[] | sessionMovement= | insect=Incompatible | hardFloor=Compatible","name=Alternating-Thumb Head Turns | demand=0 | primary=CranialMuscles | secondary=[PosteriorNeckAndSuboccipitalMuscles;AnteriorLateralNeckAndHyoidMuscles] | practice=Vestibular rehabilitation | motion=AlternatingThumbHeadTurn | mode=Repetition | presentation=Motion | holdFrame=0 | side=Alternating | direction=None | blocks=[] | sessionMovement= | insect=Incompatible | hardFloor=Compatible","The complete packaged loop demonstrates Alternating-Thumb Head Turns as named.","None.","Full-loop review found the name, demand, anatomy, structure, and packaged media coherent.","PASS","PASS","PASS","PASS","PASS","PASS","PASS or not applicable","PASS"
"419","PASS","Vertical Thumb Tracking with Head Nods","Vertical Thumb Tracking with Head Nods","name=Vertical Thumb Tracking with Head Nods | demand=0 | primary=CranialMuscles | secondary=[PosteriorNeckAndSuboccipitalMuscles;AnteriorLateralNeckAndHyoidMuscles] | practice=Vestibular rehabilitation | motion=VerticalThumbHeadTracking | mode=Repetition | presentation=Motion | holdFrame=0 | side=ScreenLeftThenRight | direction=None | blocks=[419:ScreenLeft:None:False:Full;419:ScreenRight:None:True:Full] | sessionMovement= | insect=Incompatible | hardFloor=Compatible","name=Vertical Thumb Tracking with Head Nods | demand=0 | primary=CranialMuscles | secondary=[PosteriorNeckAndSuboccipitalMuscles;AnteriorLateralNeckAndHyoidMuscles] | practice=Vestibular rehabilitation | motion=VerticalThumbHeadTracking | mode=Repetition | presentation=Motion | holdFrame=0 | side=ScreenLeftThenRight | direction=None | blocks=[419:ScreenLeft:None:False:Full;419:ScreenRight:None:True:Full] | sessionMovement= | insect=Incompatible | hardFloor=Compatible","The complete packaged loop demonstrates Vertical Thumb Tracking with Head Nods as named.","None.","Full-loop review found the name, demand, anatomy, structure, and packaged media coherent.","PASS","PASS","PASS","PASS","PASS","PASS","PASS or not applicable","PASS"
"420","CORRECTED","Jumping Jacks","Jumping Jacks","name=Jumping Jacks | demand=1 | primary=HipAbductors | secondary=[ShoulderAbductors;ScapularGirdle;CalfDeepPosteriorLegAndPlantarFoot;Soleus;AnteriorLateralLowerLegAndDorsalFoot;BreathingMuscles] | practice=Cardio conditioning | motion=JumpingJack | mode=Repetition | presentation=Motion | holdFrame=0 | side=Continuous | direction=None | blocks=[420:None:None:False:Full;421:None:None:False:Full;426:None:None:False:Full] | sessionMovement= | insect=Compatible | hardFloor=Incompatible","name=Jumping Jacks | demand=1 | primary=HipAbductors | secondary=[ShoulderAbductors;ScapularGirdle;CalfDeepPosteriorLegAndPlantarFoot;Soleus;AnteriorLateralLowerLegAndDorsalFoot;BreathingMuscles;PelvicFloorAndPerineum] | practice=Cardio conditioning | motion=JumpingJack | mode=Repetition | presentation=Motion | holdFrame=0 | side=Continuous | direction=None | blocks=[420:None:None:False:Full;421:None:None:False:Full;426:None:None:False:Full] | sessionMovement= | insect=Compatible | hardFloor=Incompatible","The complete packaged loop demonstrates Jumping Jacks as named.","secondaryCanonicalGroups: [""ShoulderAbductors"",""ScapularGirdle"",""CalfDeepPosteriorLegAndPlantarFoot"",""Soleus"",""AnteriorLateralLowerLegAndDorsalFoot"",""BreathingMuscles""] => [""ShoulderAbductors"",""ScapularGirdle"",""CalfDeepPosteriorLegAndPlantarFoot"",""Soleus"",""AnteriorLateralLowerLegAndDorsalFoot"",""BreathingMuscles"",""PelvicFloorAndPerineum""]","Associations were trimmed to meaningful visible mechanics; pelvic-floor involvement is retained only as evidence-supported secondary work for gait, single-leg support, or impact.","PASS","PASS","PASS","PASS","PASS","PASS","PASS or not applicable","PASS"
"421","PASS","Seal Jacks","Seal Jacks","name=Seal Jacks | demand=1 | primary=HipAbductors | secondary=[Chest;ShoulderAbductors;ScapularGirdle;CalfDeepPosteriorLegAndPlantarFoot;Soleus;AnteriorLateralLowerLegAndDorsalFoot;BreathingMuscles] | practice=Cardio conditioning | motion=SealJack | mode=Repetition | presentation=Motion | holdFrame=0 | side=Continuous | direction=None | blocks=[] | sessionMovement= | insect=Compatible | hardFloor=Incompatible","name=Seal Jacks | demand=1 | primary=HipAbductors | secondary=[Chest;ShoulderAbductors;ScapularGirdle;CalfDeepPosteriorLegAndPlantarFoot;Soleus;AnteriorLateralLowerLegAndDorsalFoot;BreathingMuscles] | practice=Cardio conditioning | motion=SealJack | mode=Repetition | presentation=Motion | holdFrame=0 | side=Continuous | direction=None | blocks=[] | sessionMovement= | insect=Compatible | hardFloor=Incompatible","The complete packaged loop demonstrates Seal Jacks as named.","None.","Full-loop review found the name, demand, anatomy, structure, and packaged media coherent.","PASS","PASS","PASS","PASS","PASS","PASS","PASS or not applicable","PASS"
"422","PASS","Turn Head Left and Right","Turn Head Left and Right","name=Turn Head Left and Right | demand=0 | primary=PosteriorNeckAndSuboccipitalMuscles | secondary=[AnteriorLateralNeckAndHyoidMuscles] | practice=Active neck mobility | motion=HeadTurn | mode=Repetition | presentation=Motion | holdFrame=0 | side=Continuous | direction=None | blocks=[422:None:None:False:Full] | sessionMovement= | insect=Incompatible | hardFloor=Compatible","name=Turn Head Left and Right | demand=0 | primary=PosteriorNeckAndSuboccipitalMuscles | secondary=[AnteriorLateralNeckAndHyoidMuscles] | practice=Active neck mobility | motion=HeadTurn | mode=Repetition | presentation=Motion | holdFrame=0 | side=Continuous | direction=None | blocks=[422:None:None:False:Full] | sessionMovement= | insect=Incompatible | hardFloor=Compatible","The complete packaged loop demonstrates Turn Head Left and Right as named.","None.","Full-loop review found the name, demand, anatomy, structure, and packaged media coherent.","PASS","PASS","PASS","PASS","PASS","PASS","PASS or not applicable","PASS"
"423","PASS","Ear-to-Shoulder Neck Tilts","Ear-to-Shoulder Neck Tilts","name=Ear-to-Shoulder Neck Tilts | demand=0 | primary=AnteriorLateralNeckAndHyoidMuscles | secondary=[PosteriorNeckAndSuboccipitalMuscles] | practice=Active neck mobility | motion=NeckTilt | mode=Repetition | presentation=Motion | holdFrame=0 | side=Continuous | direction=None | blocks=[423:None:None:False:Full] | sessionMovement= | insect=Incompatible | hardFloor=Compatible","name=Ear-to-Shoulder Neck Tilts | demand=0 | primary=AnteriorLateralNeckAndHyoidMuscles | secondary=[PosteriorNeckAndSuboccipitalMuscles] | practice=Active neck mobility | motion=NeckTilt | mode=Repetition | presentation=Motion | holdFrame=0 | side=Continuous | direction=None | blocks=[423:None:None:False:Full] | sessionMovement= | insect=Incompatible | hardFloor=Compatible","The complete packaged loop demonstrates Ear-to-Shoulder Neck Tilts as named.","None.","Full-loop review found the name, demand, anatomy, structure, and packaged media coherent.","PASS","PASS","PASS","PASS","PASS","PASS","PASS or not applicable","PASS"
"424","CORRECTED","Squat Jacks","Squat Jacks","name=Squat Jacks | demand=2 | primary=MedialAndDeepKneeExtensors | secondary=[LateralKneeExtensors;GlutealExtensors;MajorHipAdductors;AccessoryHipAdductors;HipAbductors;CalfDeepPosteriorLegAndPlantarFoot;Soleus;ShoulderAbductors;AbdominalWall;BreathingMuscles] | practice=Cardio and bodyweight conditioning | motion=SquatJack | mode=Repetition | presentation=Motion | holdFrame=0 | side=Continuous | direction=None | blocks=[424:None:None:False:Full] | sessionMovement= | insect=Compatible | hardFloor=Incompatible","name=Squat Jacks | demand=2 | primary=MedialAndDeepKneeExtensors | secondary=[LateralKneeExtensors;GlutealExtensors;MajorHipAdductors;HipAbductors;CalfDeepPosteriorLegAndPlantarFoot;ShoulderAbductors] | practice=Cardio and bodyweight conditioning | motion=SquatJack | mode=Repetition | presentation=Motion | holdFrame=0 | side=Continuous | direction=None | blocks=[424:None:None:False:Full] | sessionMovement= | insect=Compatible | hardFloor=Incompatible","The complete packaged loop demonstrates Squat Jacks as named.","secondaryCanonicalGroups: [""LateralKneeExtensors"",""GlutealExtensors"",""MajorHipAdductors"",""AccessoryHipAdductors"",""HipAbductors"",""CalfDeepPosteriorLegAndPlantarFoot"",""Soleus"",""ShoulderAbductors"",""AbdominalWall"",""BreathingMuscles""] => [""LateralKneeExtensors"",""GlutealExtensors"",""MajorHipAdductors"",""HipAbductors"",""CalfDeepPosteriorLegAndPlantarFoot"",""ShoulderAbductors""]","The full loop supports the named movement, but inherited or duplicative secondary associations were removed so only meaningful involvement remains.","PASS","PASS","PASS","PASS","PASS","PASS","PASS or not applicable","PASS"
"425","PASS","Feet-Together Head Turns","Feet-Together Head Turns","name=Feet-Together Head Turns | demand=0 | primary=AnteriorLateralNeckAndHyoidMuscles | secondary=[PosteriorNeckAndSuboccipitalMuscles] | practice=Balance and vestibular training | motion=FeetTogetherHeadTurn | mode=Repetition | presentation=Motion | holdFrame=0 | side=Continuous | direction=None | blocks=[425:None:None:False:Full] | sessionMovement= | insect=Incompatible | hardFloor=Compatible","name=Feet-Together Head Turns | demand=0 | primary=AnteriorLateralNeckAndHyoidMuscles | secondary=[PosteriorNeckAndSuboccipitalMuscles] | practice=Balance and vestibular training | motion=FeetTogetherHeadTurn | mode=Repetition | presentation=Motion | holdFrame=0 | side=Continuous | direction=None | blocks=[425:None:None:False:Full] | sessionMovement= | insect=Incompatible | hardFloor=Compatible","The complete packaged loop demonstrates Feet-Together Head Turns as named.","None.","Full-loop review found the name, demand, anatomy, structure, and packaged media coherent.","PASS","PASS","PASS","PASS","PASS","PASS","PASS or not applicable","PASS"
"426","CORRECTED","Cross Jacks","Cross Jacks","name=Cross Jacks | demand=1 | primary=HipAbductors | secondary=[MajorHipAdductors;AccessoryHipAdductors;CalfDeepPosteriorLegAndPlantarFoot;Soleus;AnteriorLateralLowerLegAndDorsalFoot;ShoulderAbductors;Chest;ScapularGirdle;BreathingMuscles] | practice=Cardio conditioning | motion=CrossJack | mode=Repetition | presentation=Motion | holdFrame=0 | side=Continuous | direction=None | blocks=[] | sessionMovement= | insect=Compatible | hardFloor=Incompatible","name=Cross Jacks | demand=1 | primary=HipAbductors | secondary=[MajorHipAdductors;CalfDeepPosteriorLegAndPlantarFoot;ShoulderAbductors;Chest;ScapularGirdle] | practice=Cardio conditioning | motion=CrossJack | mode=Repetition | presentation=Motion | holdFrame=0 | side=Continuous | direction=None | blocks=[] | sessionMovement= | insect=Compatible | hardFloor=Incompatible","The complete packaged loop demonstrates Cross Jacks as named.","secondaryCanonicalGroups: [""MajorHipAdductors"",""AccessoryHipAdductors"",""CalfDeepPosteriorLegAndPlantarFoot"",""Soleus"",""AnteriorLateralLowerLegAndDorsalFoot"",""ShoulderAbductors"",""Chest"",""ScapularGirdle"",""BreathingMuscles""] => [""MajorHipAdductors"",""CalfDeepPosteriorLegAndPlantarFoot"",""ShoulderAbductors"",""Chest"",""ScapularGirdle""]","The full loop supports the named movement, but inherited or duplicative secondary associations were removed so only meaningful involvement remains.","PASS","PASS","PASS","PASS","PASS","PASS","PASS or not applicable","PASS"
"427","CORRECTED","Split Jacks","Split Jacks","name=Split Jacks | demand=1 | primary=HipFlexors | secondary=[PosteriorThighAndKneeFlexors;GlutealExtensors;MedialAndDeepKneeExtensors;LateralKneeExtensors;CalfDeepPosteriorLegAndPlantarFoot;Soleus;ShoulderAbductors;ScapularGirdle;AbdominalWall;BreathingMuscles] | practice=Cardio conditioning | motion=SplitJack | mode=Repetition | presentation=Motion | holdFrame=0 | side=Alternating | direction=None | blocks=[427:None:None:False:Full] | sessionMovement= | insect=Compatible | hardFloor=Incompatible","name=Split Jacks | demand=1 | primary=HipFlexors | secondary=[PosteriorThighAndKneeFlexors;GlutealExtensors;MedialAndDeepKneeExtensors;LateralKneeExtensors;CalfDeepPosteriorLegAndPlantarFoot;ShoulderAbductors] | practice=Cardio conditioning | motion=SplitJack | mode=Repetition | presentation=Motion | holdFrame=0 | side=Alternating | direction=None | blocks=[427:None:None:False:Full] | sessionMovement= | insect=Compatible | hardFloor=Incompatible","The complete packaged loop demonstrates Split Jacks as named.","secondaryCanonicalGroups: [""PosteriorThighAndKneeFlexors"",""GlutealExtensors"",""MedialAndDeepKneeExtensors"",""LateralKneeExtensors"",""CalfDeepPosteriorLegAndPlantarFoot"",""Soleus"",""ShoulderAbductors"",""ScapularGirdle"",""AbdominalWall"",""BreathingMuscles""] => [""PosteriorThighAndKneeFlexors"",""GlutealExtensors"",""MedialAndDeepKneeExtensors"",""LateralKneeExtensors"",""CalfDeepPosteriorLegAndPlantarFoot"",""ShoulderAbductors""]","The full loop supports the named movement, but inherited or duplicative secondary associations were removed so only meaningful involvement remains.","PASS","PASS","PASS","PASS","PASS","PASS","PASS or not applicable","PASS"
"428","CORRECTED","Pogo Jumps with Arm Swing","Pogo Jumps with Arm Swing","name=Pogo Jumps with Arm Swing | demand=1 | primary=CalfDeepPosteriorLegAndPlantarFoot | secondary=[Soleus;AnteriorLateralLowerLegAndDorsalFoot;AbdominalWall;ScapularGirdle;BreathingMuscles] | practice=Plyometric conditioning | motion=PogoJumpArmSwing | mode=Repetition | presentation=Motion | holdFrame=0 | side=Continuous | direction=None | blocks=[428:None:None:False:Full] | sessionMovement= | insect=Compatible | hardFloor=Incompatible","name=Pogo Jumps with Arm Swing | demand=1 | primary=CalfDeepPosteriorLegAndPlantarFoot | secondary=[Soleus;AnteriorLateralLowerLegAndDorsalFoot;AbdominalWall;ScapularGirdle;BreathingMuscles;PelvicFloorAndPerineum] | practice=Plyometric conditioning | motion=PogoJumpArmSwing | mode=Repetition | presentation=Motion | holdFrame=0 | side=Continuous | direction=None | blocks=[428:None:None:False:Full] | sessionMovement= | insect=Compatible | hardFloor=Incompatible","The complete packaged loop demonstrates Pogo Jumps with Arm Swing as named.","secondaryCanonicalGroups: [""Soleus"",""AnteriorLateralLowerLegAndDorsalFoot"",""AbdominalWall"",""ScapularGirdle"",""BreathingMuscles""] => [""Soleus"",""AnteriorLateralLowerLegAndDorsalFoot"",""AbdominalWall"",""ScapularGirdle"",""BreathingMuscles"",""PelvicFloorAndPerineum""]","Associations were trimmed to meaningful visible mechanics; pelvic-floor involvement is retained only as evidence-supported secondary work for gait, single-leg support, or impact.","PASS","PASS","PASS","PASS","PASS","PASS","PASS or not applicable","PASS"
"429","PASS","High-Knee Run in Place","High-Knee Run in Place","name=High-Knee Run in Place | demand=1 | primary=HipFlexors | secondary=[PosteriorThighAndKneeFlexors;MedialAndDeepKneeExtensors;LateralKneeExtensors;CalfDeepPosteriorLegAndPlantarFoot;Soleus;AnteriorLateralLowerLegAndDorsalFoot;AbdominalWall;BreathingMuscles] | practice=Cardio conditioning | motion=HighKneeRun | mode=Repetition | presentation=Motion | holdFrame=0 | side=Alternating | direction=None | blocks=[429:None:None:False:Full] | sessionMovement= | insect=Compatible | hardFloor=Incompatible","name=High-Knee Run in Place | demand=1 | primary=HipFlexors | secondary=[PosteriorThighAndKneeFlexors;MedialAndDeepKneeExtensors;LateralKneeExtensors;CalfDeepPosteriorLegAndPlantarFoot;Soleus;AnteriorLateralLowerLegAndDorsalFoot;AbdominalWall;BreathingMuscles] | practice=Cardio conditioning | motion=HighKneeRun | mode=Repetition | presentation=Motion | holdFrame=0 | side=Alternating | direction=None | blocks=[429:None:None:False:Full] | sessionMovement= | insect=Compatible | hardFloor=Incompatible","The complete packaged loop demonstrates High-Knee Run in Place as named.","None.","Full-loop review found the name, demand, anatomy, structure, and packaged media coherent.","PASS","PASS","PASS","PASS","PASS","PASS","PASS or not applicable","PASS"
"430","PASS","Butt-Kick Run in Place","Butt-Kick Run in Place","name=Butt-Kick Run in Place | demand=1 | primary=PosteriorThighAndKneeFlexors | secondary=[GlutealExtensors;HipFlexors;CalfDeepPosteriorLegAndPlantarFoot;Soleus;AnteriorLateralLowerLegAndDorsalFoot;AbdominalWall;BreathingMuscles] | practice=Cardio conditioning | motion=ButtKickRun | mode=Repetition | presentation=Motion | holdFrame=0 | side=Alternating | direction=None | blocks=[430:None:None:False:Full] | sessionMovement= | insect=Compatible | hardFloor=Incompatible","name=Butt-Kick Run in Place | demand=1 | primary=PosteriorThighAndKneeFlexors | secondary=[GlutealExtensors;HipFlexors;CalfDeepPosteriorLegAndPlantarFoot;Soleus;AnteriorLateralLowerLegAndDorsalFoot;AbdominalWall;BreathingMuscles] | practice=Cardio conditioning | motion=ButtKickRun | mode=Repetition | presentation=Motion | holdFrame=0 | side=Alternating | direction=None | blocks=[430:None:None:False:Full] | sessionMovement= | insect=Compatible | hardFloor=Incompatible","The complete packaged loop demonstrates Butt-Kick Run in Place as named.","None.","Full-loop review found the name, demand, anatomy, structure, and packaged media coherent.","PASS","PASS","PASS","PASS","PASS","PASS","PASS or not applicable","PASS"
"431","CORRECTED","Bodyweight Jump Squats","Bodyweight Jump Squats","name=Bodyweight Jump Squats | demand=2 | primary=MedialAndDeepKneeExtensors | secondary=[LateralKneeExtensors;GlutealExtensors;PosteriorThighAndKneeFlexors;CalfDeepPosteriorLegAndPlantarFoot;Soleus;AbdominalWall;SpinalExtensors;DeepAndIntersegmentalBack;BreathingMuscles] | practice=Plyometric conditioning | motion=JumpSquat | mode=Repetition | presentation=Motion | holdFrame=0 | side=Continuous | direction=None | blocks=[431:None:None:False:Full] | sessionMovement= | insect=Compatible | hardFloor=Incompatible","name=Bodyweight Jump Squats | demand=2 | primary=MedialAndDeepKneeExtensors | secondary=[LateralKneeExtensors;GlutealExtensors;PosteriorThighAndKneeFlexors;CalfDeepPosteriorLegAndPlantarFoot;AbdominalWall;PelvicFloorAndPerineum] | practice=Plyometric conditioning | motion=JumpSquat | mode=Repetition | presentation=Motion | holdFrame=0 | side=Continuous | direction=None | blocks=[431:None:None:False:Full] | sessionMovement= | insect=Compatible | hardFloor=Incompatible","The complete packaged loop demonstrates Bodyweight Jump Squats as named.","secondaryCanonicalGroups: [""LateralKneeExtensors"",""GlutealExtensors"",""PosteriorThighAndKneeFlexors"",""CalfDeepPosteriorLegAndPlantarFoot"",""Soleus"",""AbdominalWall"",""SpinalExtensors"",""DeepAndIntersegmentalBack"",""BreathingMuscles""] => [""LateralKneeExtensors"",""GlutealExtensors"",""PosteriorThighAndKneeFlexors"",""CalfDeepPosteriorLegAndPlantarFoot"",""AbdominalWall"",""PelvicFloorAndPerineum""]","Associations were trimmed to meaningful visible mechanics; pelvic-floor involvement is retained only as evidence-supported secondary work for gait, single-leg support, or impact.","PASS","PASS","PASS","PASS","PASS","PASS","PASS or not applicable","PASS"
"432","CORRECTED","180-Degree Squat Jumps","180-Degree Squat Jumps","name=180-Degree Squat Jumps | demand=2 | primary=DeepHipRotators | secondary=[MedialAndDeepKneeExtensors;LateralKneeExtensors;GlutealExtensors;HipAbductors;CalfDeepPosteriorLegAndPlantarFoot;Soleus;AbdominalWall;SpinalExtensors;DeepAndIntersegmentalBack;BreathingMuscles] | practice=Plyometric conditioning | motion=RotationalJumpSquat | mode=Repetition | presentation=Motion | holdFrame=0 | side=Continuous | direction=None | blocks=[432:None:None:False:Full] | sessionMovement= | insect=Compatible | hardFloor=Incompatible","name=180-Degree Squat Jumps | demand=2 | primary=DeepHipRotators | secondary=[MedialAndDeepKneeExtensors;LateralKneeExtensors;GlutealExtensors;HipAbductors;CalfDeepPosteriorLegAndPlantarFoot;AbdominalWall;PelvicFloorAndPerineum] | practice=Plyometric conditioning | motion=RotationalJumpSquat | mode=Repetition | presentation=Motion | holdFrame=0 | side=Continuous | direction=None | blocks=[432:None:None:False:Full] | sessionMovement= | insect=Compatible | hardFloor=Incompatible","The complete packaged loop demonstrates 180-Degree Squat Jumps as named.","secondaryCanonicalGroups: [""MedialAndDeepKneeExtensors"",""LateralKneeExtensors"",""GlutealExtensors"",""HipAbductors"",""CalfDeepPosteriorLegAndPlantarFoot"",""Soleus"",""AbdominalWall"",""SpinalExtensors"",""DeepAndIntersegmentalBack"",""BreathingMuscles""] => [""MedialAndDeepKneeExtensors"",""LateralKneeExtensors"",""GlutealExtensors"",""HipAbductors"",""CalfDeepPosteriorLegAndPlantarFoot"",""AbdominalWall"",""PelvicFloorAndPerineum""]","Associations were trimmed to meaningful visible mechanics; pelvic-floor involvement is retained only as evidence-supported secondary work for gait, single-leg support, or impact.","PASS","PASS","PASS","PASS","PASS","PASS","PASS or not applicable","PASS"
"433","CORRECTED","Alternating Jumping Lunges","Alternating Jumping Lunges","name=Alternating Jumping Lunges | demand=2 | primary=GlutealExtensors | secondary=[MedialAndDeepKneeExtensors;LateralKneeExtensors;PosteriorThighAndKneeFlexors;HipFlexors;CalfDeepPosteriorLegAndPlantarFoot;Soleus;AbdominalWall;DeepAndIntersegmentalBack;BreathingMuscles] | practice=Plyometric conditioning | motion=JumpingLunge | mode=Repetition | presentation=Motion | holdFrame=0 | side=Alternating | direction=None | blocks=[433:None:None:False:Full] | sessionMovement= | insect=Compatible | hardFloor=Incompatible","name=Alternating Jumping Lunges | demand=2 | primary=GlutealExtensors | secondary=[MedialAndDeepKneeExtensors;LateralKneeExtensors;PosteriorThighAndKneeFlexors;HipFlexors;CalfDeepPosteriorLegAndPlantarFoot;AbdominalWall;PelvicFloorAndPerineum] | practice=Plyometric conditioning | motion=JumpingLunge | mode=Repetition | presentation=Motion | holdFrame=0 | side=Alternating | direction=None | blocks=[433:None:None:False:Full] | sessionMovement= | insect=Compatible | hardFloor=Incompatible","The complete packaged loop demonstrates Alternating Jumping Lunges as named.","secondaryCanonicalGroups: [""MedialAndDeepKneeExtensors"",""LateralKneeExtensors"",""PosteriorThighAndKneeFlexors"",""HipFlexors"",""CalfDeepPosteriorLegAndPlantarFoot"",""Soleus"",""AbdominalWall"",""DeepAndIntersegmentalBack"",""BreathingMuscles""] => [""MedialAndDeepKneeExtensors"",""LateralKneeExtensors"",""PosteriorThighAndKneeFlexors"",""HipFlexors"",""CalfDeepPosteriorLegAndPlantarFoot"",""AbdominalWall"",""PelvicFloorAndPerineum""]","Associations were trimmed to meaningful visible mechanics; pelvic-floor involvement is retained only as evidence-supported secondary work for gait, single-leg support, or impact.","PASS","PASS","PASS","PASS","PASS","PASS","PASS or not applicable","PASS"
"434","CORRECTED","Lateral Line Hops","Lateral Line Hops","name=Lateral Line Hops | demand=1 | primary=CalfDeepPosteriorLegAndPlantarFoot | secondary=[Soleus;AnteriorLateralLowerLegAndDorsalFoot;HipAbductors;DeepHipRotators;AbdominalWall;BreathingMuscles] | practice=Plyometric conditioning | motion=LateralLineHop | mode=Repetition | presentation=Motion | holdFrame=0 | side=Continuous | direction=None | blocks=[434:None:None:False:Full] | sessionMovement= | insect=Compatible | hardFloor=Incompatible","name=Lateral Line Hops | demand=1 | primary=CalfDeepPosteriorLegAndPlantarFoot | secondary=[Soleus;AnteriorLateralLowerLegAndDorsalFoot;HipAbductors;DeepHipRotators;AbdominalWall;BreathingMuscles;PelvicFloorAndPerineum] | practice=Plyometric conditioning | motion=LateralLineHop | mode=Repetition | presentation=Motion | holdFrame=0 | side=Continuous | direction=None | blocks=[434:None:None:False:Full] | sessionMovement= | insect=Compatible | hardFloor=Incompatible","The complete packaged loop demonstrates Lateral Line Hops as named.","secondaryCanonicalGroups: [""Soleus"",""AnteriorLateralLowerLegAndDorsalFoot"",""HipAbductors"",""DeepHipRotators"",""AbdominalWall"",""BreathingMuscles""] => [""Soleus"",""AnteriorLateralLowerLegAndDorsalFoot"",""HipAbductors"",""DeepHipRotators"",""AbdominalWall"",""BreathingMuscles"",""PelvicFloorAndPerineum""]","Associations were trimmed to meaningful visible mechanics; pelvic-floor involvement is retained only as evidence-supported secondary work for gait, single-leg support, or impact.","PASS","PASS","PASS","PASS","PASS","PASS","PASS or not applicable","PASS"
"435","CORRECTED","Running High-Knee Punches","Running High-Knee Punches","name=Running High-Knee Punches | demand=1 | primary=HipFlexors | secondary=[Chest;ElbowExtensors;ShoulderAbductors;ScapularGirdle;ForearmFlexorsAndPronators;IntrinsicHand;RotatorCuff;AbdominalWall;PosteriorThighAndKneeFlexors;MedialAndDeepKneeExtensors;LateralKneeExtensors;CalfDeepPosteriorLegAndPlantarFoot;Soleus;AnteriorLateralLowerLegAndDorsalFoot;BreathingMuscles] | practice=Boxing cardio conditioning | motion=RunningHighKneePunch | mode=Repetition | presentation=Motion | holdFrame=0 | side=Alternating | direction=None | blocks=[435:None:None:False:Full] | sessionMovement= | insect=Compatible | hardFloor=Incompatible","name=Running High-Knee Punches | demand=1 | primary=HipFlexors | secondary=[Chest;ElbowExtensors;ShoulderAbductors;ScapularGirdle;AbdominalWall;MedialAndDeepKneeExtensors;LateralKneeExtensors;CalfDeepPosteriorLegAndPlantarFoot;PelvicFloorAndPerineum] | practice=Boxing cardio conditioning | motion=RunningHighKneePunch | mode=Repetition | presentation=Motion | holdFrame=0 | side=Alternating | direction=None | blocks=[435:None:None:False:Full] | sessionMovement= | insect=Compatible | hardFloor=Incompatible","The complete packaged loop demonstrates Running High-Knee Punches as named.","secondaryCanonicalGroups: [""Chest"",""ElbowExtensors"",""ShoulderAbductors"",""ScapularGirdle"",""ForearmFlexorsAndPronators"",""IntrinsicHand"",""RotatorCuff"",""AbdominalWall"",""PosteriorThighAndKneeFlexors"",""MedialAndDeepKneeExtensors"",""LateralKneeExtensors"",""CalfDeepPosteriorLegAndPlantarFoot"",""Soleus"",""AnteriorLateralLowerLegAndDorsalFoot"",""BreathingMuscles""] => [""Chest"",""ElbowExtensors"",""ShoulderAbductors"",""ScapularGirdle"",""AbdominalWall"",""MedialAndDeepKneeExtensors"",""LateralKneeExtensors"",""CalfDeepPosteriorLegAndPlantarFoot"",""PelvicFloorAndPerineum""]","Associations were trimmed to meaningful visible mechanics; pelvic-floor involvement is retained only as evidence-supported secondary work for gait, single-leg support, or impact.","PASS","PASS","PASS","PASS","PASS","PASS","PASS or not applicable","PASS"
"436","CORRECTED","Punch Jacks","Punch Jacks","name=Punch Jacks | demand=1 | primary=HipAbductors | secondary=[MajorHipAdductors;AccessoryHipAdductors;Chest;ElbowExtensors;ShoulderAbductors;ScapularGirdle;ForearmFlexorsAndPronators;IntrinsicHand;RotatorCuff;CalfDeepPosteriorLegAndPlantarFoot;Soleus;AnteriorLateralLowerLegAndDorsalFoot;BreathingMuscles] | practice=Boxing cardio conditioning | motion=PunchJack | mode=Repetition | presentation=Motion | holdFrame=0 | side=Alternating | direction=None | blocks=[436:None:None:False:Full] | sessionMovement= | insect=Compatible | hardFloor=Incompatible","name=Punch Jacks | demand=1 | primary=HipAbductors | secondary=[MajorHipAdductors;Chest;ElbowExtensors;ShoulderAbductors;ScapularGirdle;CalfDeepPosteriorLegAndPlantarFoot] | practice=Boxing cardio conditioning | motion=PunchJack | mode=Repetition | presentation=Motion | holdFrame=0 | side=Alternating | direction=None | blocks=[436:None:None:False:Full] | sessionMovement= | insect=Compatible | hardFloor=Incompatible","The complete packaged loop demonstrates Punch Jacks as named.","secondaryCanonicalGroups: [""MajorHipAdductors"",""AccessoryHipAdductors"",""Chest"",""ElbowExtensors"",""ShoulderAbductors"",""ScapularGirdle"",""ForearmFlexorsAndPronators"",""IntrinsicHand"",""RotatorCuff"",""CalfDeepPosteriorLegAndPlantarFoot"",""Soleus"",""AnteriorLateralLowerLegAndDorsalFoot"",""BreathingMuscles""] => [""MajorHipAdductors"",""Chest"",""ElbowExtensors"",""ShoulderAbductors"",""ScapularGirdle"",""CalfDeepPosteriorLegAndPlantarFoot""]","The full loop supports the named movement, but inherited or duplicative secondary associations were removed so only meaningful involvement remains.","PASS","PASS","PASS","PASS","PASS","PASS","PASS or not applicable","PASS"
"437","CORRECTED","Alternating High-Knee Under-Thigh Claps","Alternating High-Knee Under-Thigh Claps","name=Alternating High-Knee Under-Thigh Claps | demand=1 | primary=HipFlexors | secondary=[Chest;ShoulderAdductorsAndExtensors;ShoulderAbductors;ScapularGirdle;AbdominalWall;PosteriorThighAndKneeFlexors;MedialAndDeepKneeExtensors;LateralKneeExtensors;CalfDeepPosteriorLegAndPlantarFoot;Soleus;AnteriorLateralLowerLegAndDorsalFoot;BreathingMuscles] | practice=Cardio coordination | motion=HighKneeClap | mode=Repetition | presentation=Motion | holdFrame=0 | side=Alternating | direction=None | blocks=[437:None:None:False:Full] | sessionMovement= | insect=Compatible | hardFloor=Compatible","name=Alternating High-Knee Under-Thigh Claps | demand=1 | primary=HipFlexors | secondary=[ShoulderAdductorsAndExtensors;ShoulderAbductors;AbdominalWall;MedialAndDeepKneeExtensors;LateralKneeExtensors;CalfDeepPosteriorLegAndPlantarFoot] | practice=Cardio coordination | motion=HighKneeClap | mode=Repetition | presentation=Motion | holdFrame=0 | side=Alternating | direction=None | blocks=[437:None:None:False:Full] | sessionMovement= | insect=Compatible | hardFloor=Compatible","The complete packaged loop demonstrates Alternating High-Knee Under-Thigh Claps as named.","secondaryCanonicalGroups: [""Chest"",""ShoulderAdductorsAndExtensors"",""ShoulderAbductors"",""ScapularGirdle"",""AbdominalWall"",""PosteriorThighAndKneeFlexors"",""MedialAndDeepKneeExtensors"",""LateralKneeExtensors"",""CalfDeepPosteriorLegAndPlantarFoot"",""Soleus"",""AnteriorLateralLowerLegAndDorsalFoot"",""BreathingMuscles""] => [""ShoulderAdductorsAndExtensors"",""ShoulderAbductors"",""AbdominalWall"",""MedialAndDeepKneeExtensors"",""LateralKneeExtensors"",""CalfDeepPosteriorLegAndPlantarFoot""]","The full loop supports the named movement, but inherited or duplicative secondary associations were removed so only meaningful involvement remains.","PASS","PASS","PASS","PASS","PASS","PASS","PASS or not applicable","PASS"
"438","CORRECTED","Fast Feet with Alternating Straight Punches","Fast Feet with Alternating Straight Punches","name=Fast Feet with Alternating Straight Punches | demand=1 | primary=ElbowExtensors | secondary=[Chest;ShoulderAbductors;ScapularGirdle;ForearmFlexorsAndPronators;IntrinsicHand;RotatorCuff;HipFlexors;MedialAndDeepKneeExtensors;LateralKneeExtensors;CalfDeepPosteriorLegAndPlantarFoot;Soleus;AnteriorLateralLowerLegAndDorsalFoot;BreathingMuscles] | practice=Boxing conditioning | motion=FastFeetStraightPunch | mode=Repetition | presentation=Motion | holdFrame=0 | side=Alternating | direction=None | blocks=[438:None:None:False:Full] | sessionMovement= | insect=Compatible | hardFloor=Incompatible","name=Fast Feet with Alternating Straight Punches | demand=1 | primary=ElbowExtensors | secondary=[Chest;ShoulderAbductors;ScapularGirdle;HipFlexors;MedialAndDeepKneeExtensors;LateralKneeExtensors;CalfDeepPosteriorLegAndPlantarFoot] | practice=Boxing conditioning | motion=FastFeetStraightPunch | mode=Repetition | presentation=Motion | holdFrame=0 | side=Alternating | direction=None | blocks=[438:None:None:False:Full] | sessionMovement= | insect=Compatible | hardFloor=Incompatible","The complete packaged loop demonstrates Fast Feet with Alternating Straight Punches as named.","secondaryCanonicalGroups: [""Chest"",""ShoulderAbductors"",""ScapularGirdle"",""ForearmFlexorsAndPronators"",""IntrinsicHand"",""RotatorCuff"",""HipFlexors"",""MedialAndDeepKneeExtensors"",""LateralKneeExtensors"",""CalfDeepPosteriorLegAndPlantarFoot"",""Soleus"",""AnteriorLateralLowerLegAndDorsalFoot"",""BreathingMuscles""] => [""Chest"",""ShoulderAbductors"",""ScapularGirdle"",""HipFlexors"",""MedialAndDeepKneeExtensors"",""LateralKneeExtensors"",""CalfDeepPosteriorLegAndPlantarFoot""]","The full loop supports the named movement, but inherited or duplicative secondary associations were removed so only meaningful involvement remains.","PASS","PASS","PASS","PASS","PASS","PASS","PASS or not applicable","PASS"
"439","PASS","Feet-Together Fixed-Gaze Head Turns","Feet-Together Fixed-Gaze Head Turns","name=Feet-Together Fixed-Gaze Head Turns | demand=0 | primary=AnteriorLateralNeckAndHyoidMuscles | secondary=[PosteriorNeckAndSuboccipitalMuscles;CranialMuscles] | practice=Gaze stabilization and neck mobility | motion=FixedGazeHeadTurn | mode=Repetition | presentation=Motion | holdFrame=0 | side=Continuous | direction=None | blocks=[439:None:None:False:Full] | sessionMovement= | insect=Incompatible | hardFloor=Compatible","name=Feet-Together Fixed-Gaze Head Turns | demand=0 | primary=AnteriorLateralNeckAndHyoidMuscles | secondary=[PosteriorNeckAndSuboccipitalMuscles;CranialMuscles] | practice=Gaze stabilization and neck mobility | motion=FixedGazeHeadTurn | mode=Repetition | presentation=Motion | holdFrame=0 | side=Continuous | direction=None | blocks=[439:None:None:False:Full] | sessionMovement= | insect=Incompatible | hardFloor=Compatible","The complete packaged loop demonstrates Feet-Together Fixed-Gaze Head Turns as named.","None.","Full-loop review found the name, demand, anatomy, structure, and packaged media coherent.","PASS","PASS","PASS","PASS","PASS","PASS","PASS or not applicable","PASS"
"440","CORRECTED","Hook Punches to Tuck Jumps","Hook Punches to Tuck Jumps","name=Hook Punches to Tuck Jumps | demand=2 | primary=HipFlexors | secondary=[Chest;ScapularGirdle;AbdominalWall;MedialAndDeepKneeExtensors;LateralKneeExtensors;CalfDeepPosteriorLegAndPlantarFoot;Soleus;AnteriorLateralLowerLegAndDorsalFoot;BreathingMuscles] | practice=Boxing and plyometric conditioning | motion=HookPunchTuckJump | mode=Repetition | presentation=Motion | holdFrame=0 | side=Alternating | direction=None | blocks=[440:None:None:False:Full] | sessionMovement= | insect=Compatible | hardFloor=Incompatible","name=Hook Punches to Tuck Jumps | demand=2 | primary=HipFlexors | secondary=[Chest;ScapularGirdle;AbdominalWall;MedialAndDeepKneeExtensors;LateralKneeExtensors;CalfDeepPosteriorLegAndPlantarFoot;PelvicFloorAndPerineum] | practice=Boxing and plyometric conditioning | motion=HookPunchTuckJump | mode=Repetition | presentation=Motion | holdFrame=0 | side=Alternating | direction=None | blocks=[440:None:None:False:Full] | sessionMovement= | insect=Compatible | hardFloor=Incompatible","The complete packaged loop demonstrates Hook Punches to Tuck Jumps as named.","secondaryCanonicalGroups: [""Chest"",""ScapularGirdle"",""AbdominalWall"",""MedialAndDeepKneeExtensors"",""LateralKneeExtensors"",""CalfDeepPosteriorLegAndPlantarFoot"",""Soleus"",""AnteriorLateralLowerLegAndDorsalFoot"",""BreathingMuscles""] => [""Chest"",""ScapularGirdle"",""AbdominalWall"",""MedialAndDeepKneeExtensors"",""LateralKneeExtensors"",""CalfDeepPosteriorLegAndPlantarFoot"",""PelvicFloorAndPerineum""]","Associations were trimmed to meaningful visible mechanics; pelvic-floor involvement is retained only as evidence-supported secondary work for gait, single-leg support, or impact.","PASS","PASS","PASS","PASS","PASS","PASS","PASS or not applicable","PASS"
"441","CORRECTED","Hook Punches to Rope-Free Jumps","Hook Punches to Rope-Free Jumps","name=Hook Punches to Rope-Free Jumps | demand=1 | primary=CalfDeepPosteriorLegAndPlantarFoot | secondary=[Chest;ScapularGirdle;Soleus;AnteriorLateralLowerLegAndDorsalFoot;BreathingMuscles] | practice=Boxing and cardio conditioning | motion=HookPunchRopelessJump | mode=Repetition | presentation=Motion | holdFrame=0 | side=Alternating | direction=None | blocks=[441:None:None:False:Full] | sessionMovement= | insect=Compatible | hardFloor=Incompatible","name=Hook Punches to Rope-Free Jumps | demand=1 | primary=CalfDeepPosteriorLegAndPlantarFoot | secondary=[Chest;ScapularGirdle;Soleus;AnteriorLateralLowerLegAndDorsalFoot;BreathingMuscles;PelvicFloorAndPerineum] | practice=Boxing and cardio conditioning | motion=HookPunchRopelessJump | mode=Repetition | presentation=Motion | holdFrame=0 | side=Alternating | direction=None | blocks=[441:None:None:False:Full] | sessionMovement= | insect=Compatible | hardFloor=Incompatible","The complete packaged loop demonstrates Hook Punches to Rope-Free Jumps as named.","secondaryCanonicalGroups: [""Chest"",""ScapularGirdle"",""Soleus"",""AnteriorLateralLowerLegAndDorsalFoot"",""BreathingMuscles""] => [""Chest"",""ScapularGirdle"",""Soleus"",""AnteriorLateralLowerLegAndDorsalFoot"",""BreathingMuscles"",""PelvicFloorAndPerineum""]","Associations were trimmed to meaningful visible mechanics; pelvic-floor involvement is retained only as evidence-supported secondary work for gait, single-leg support, or impact.","PASS","PASS","PASS","PASS","PASS","PASS","PASS or not applicable","PASS"
"442","PASS","Feet-Together Fixed-Gaze Head Nods","Feet-Together Fixed-Gaze Head Nods","name=Feet-Together Fixed-Gaze Head Nods | demand=0 | primary=PosteriorNeckAndSuboccipitalMuscles | secondary=[AnteriorLateralNeckAndHyoidMuscles;CranialMuscles] | practice=Gaze stabilization and neck mobility | motion=FixedGazeHeadNod | mode=Repetition | presentation=Motion | holdFrame=0 | side=Continuous | direction=None | blocks=[442:None:None:False:Full] | sessionMovement= | insect=Incompatible | hardFloor=Compatible","name=Feet-Together Fixed-Gaze Head Nods | demand=0 | primary=PosteriorNeckAndSuboccipitalMuscles | secondary=[AnteriorLateralNeckAndHyoidMuscles;CranialMuscles] | practice=Gaze stabilization and neck mobility | motion=FixedGazeHeadNod | mode=Repetition | presentation=Motion | holdFrame=0 | side=Continuous | direction=None | blocks=[442:None:None:False:Full] | sessionMovement= | insect=Incompatible | hardFloor=Compatible","The complete packaged loop demonstrates Feet-Together Fixed-Gaze Head Nods as named.","None.","Full-loop review found the name, demand, anatomy, structure, and packaged media coherent.","PASS","PASS","PASS","PASS","PASS","PASS","PASS or not applicable","PASS"
"443","CORRECTED","Squat Jump with Double Punch","Squat Jump with Double Punch","name=Squat Jump with Double Punch | demand=2 | primary=MedialAndDeepKneeExtensors | secondary=[LateralKneeExtensors;GlutealExtensors;PosteriorThighAndKneeFlexors;CalfDeepPosteriorLegAndPlantarFoot;Soleus;ElbowExtensors;Chest;ShoulderAbductors;ScapularGirdle;ForearmFlexorsAndPronators;IntrinsicHand;RotatorCuff;AbdominalWall;SpinalExtensors;DeepAndIntersegmentalBack;BreathingMuscles] | practice=Boxing and plyometric conditioning | motion=SquatJumpDoublePunch | mode=Repetition | presentation=Motion | holdFrame=0 | side=Continuous | direction=None | blocks=[443:None:None:False:Full] | sessionMovement= | insect=Compatible | hardFloor=Incompatible","name=Squat Jump with Double Punch | demand=2 | primary=MedialAndDeepKneeExtensors | secondary=[LateralKneeExtensors;GlutealExtensors;CalfDeepPosteriorLegAndPlantarFoot;ElbowExtensors;Chest;ShoulderAbductors;AbdominalWall;PelvicFloorAndPerineum] | practice=Boxing and plyometric conditioning | motion=SquatJumpDoublePunch | mode=Repetition | presentation=Motion | holdFrame=0 | side=Continuous | direction=None | blocks=[443:None:None:False:Full] | sessionMovement= | insect=Compatible | hardFloor=Incompatible","The complete packaged loop demonstrates Squat Jump with Double Punch as named.","secondaryCanonicalGroups: [""LateralKneeExtensors"",""GlutealExtensors"",""PosteriorThighAndKneeFlexors"",""CalfDeepPosteriorLegAndPlantarFoot"",""Soleus"",""ElbowExtensors"",""Chest"",""ShoulderAbductors"",""ScapularGirdle"",""ForearmFlexorsAndPronators"",""IntrinsicHand"",""RotatorCuff"",""AbdominalWall"",""SpinalExtensors"",""DeepAndIntersegmentalBack"",""BreathingMuscles""] => [""LateralKneeExtensors"",""GlutealExtensors"",""CalfDeepPosteriorLegAndPlantarFoot"",""ElbowExtensors"",""Chest"",""ShoulderAbductors"",""AbdominalWall"",""PelvicFloorAndPerineum""]","Associations were trimmed to meaningful visible mechanics; pelvic-floor involvement is retained only as evidence-supported secondary work for gait, single-leg support, or impact.","PASS","PASS","PASS","PASS","PASS","PASS","PASS or not applicable","PASS"
"444","PASS","Feet-Together Fixed-Gaze Head Tilts","Feet-Together Fixed-Gaze Head Tilts","name=Feet-Together Fixed-Gaze Head Tilts | demand=0 | primary=AnteriorLateralNeckAndHyoidMuscles | secondary=[PosteriorNeckAndSuboccipitalMuscles;CranialMuscles] | practice=Gaze stabilization and neck mobility | motion=FixedGazeHeadTilt | mode=Repetition | presentation=Motion | holdFrame=0 | side=Continuous | direction=None | blocks=[444:None:None:False:Full] | sessionMovement= | insect=Incompatible | hardFloor=Compatible","name=Feet-Together Fixed-Gaze Head Tilts | demand=0 | primary=AnteriorLateralNeckAndHyoidMuscles | secondary=[PosteriorNeckAndSuboccipitalMuscles;CranialMuscles] | practice=Gaze stabilization and neck mobility | motion=FixedGazeHeadTilt | mode=Repetition | presentation=Motion | holdFrame=0 | side=Continuous | direction=None | blocks=[444:None:None:False:Full] | sessionMovement= | insect=Incompatible | hardFloor=Compatible","The complete packaged loop demonstrates Feet-Together Fixed-Gaze Head Tilts as named.","None.","Full-loop review found the name, demand, anatomy, structure, and packaged media coherent.","PASS","PASS","PASS","PASS","PASS","PASS","PASS or not applicable","PASS"
"445","CORRECTED","Imaginary Jump Rope with Changing Feet","Imaginary Jump Rope with Changing Feet","name=Imaginary Jump Rope with Changing Feet | demand=1 | primary=CalfDeepPosteriorLegAndPlantarFoot | secondary=[Soleus;ForearmExtensorsAndSupinators;ForearmFlexorsAndPronators;BreathingMuscles] | practice=Rope-free cardio conditioning | motion=ImaginaryJumpRopeChangingFeet | mode=Repetition | presentation=Motion | holdFrame=0 | side=Alternating | direction=None | blocks=[] | sessionMovement= | insect=Compatible | hardFloor=Incompatible","name=Imaginary Jump Rope with Changing Feet | demand=1 | primary=CalfDeepPosteriorLegAndPlantarFoot | secondary=[Soleus;ForearmExtensorsAndSupinators;ForearmFlexorsAndPronators;BreathingMuscles;PelvicFloorAndPerineum] | practice=Rope-free cardio conditioning | motion=ImaginaryJumpRopeChangingFeet | mode=Repetition | presentation=Motion | holdFrame=0 | side=Alternating | direction=None | blocks=[] | sessionMovement= | insect=Compatible | hardFloor=Incompatible","The complete packaged loop demonstrates Imaginary Jump Rope with Changing Feet as named.","secondaryCanonicalGroups: [""Soleus"",""ForearmExtensorsAndSupinators"",""ForearmFlexorsAndPronators"",""BreathingMuscles""] => [""Soleus"",""ForearmExtensorsAndSupinators"",""ForearmFlexorsAndPronators"",""BreathingMuscles"",""PelvicFloorAndPerineum""]","Associations were trimmed to meaningful visible mechanics; pelvic-floor involvement is retained only as evidence-supported secondary work for gait, single-leg support, or impact.","PASS","PASS","PASS","PASS","PASS","PASS","PASS or not applicable","PASS"
"446","PASS","Overhead Arm Claps","Overhead Arm Claps","name=Overhead Arm Claps | demand=1 | primary=ShoulderAbductors | secondary=[ScapularGirdle] | practice=Upper-body warm-up | motion=OverheadArmClap | mode=Repetition | presentation=Motion | holdFrame=0 | side=Continuous | direction=None | blocks=[446:None:None:False:Full] | sessionMovement= | insect=Incompatible | hardFloor=Compatible","name=Overhead Arm Claps | demand=1 | primary=ShoulderAbductors | secondary=[ScapularGirdle] | practice=Upper-body warm-up | motion=OverheadArmClap | mode=Repetition | presentation=Motion | holdFrame=0 | side=Continuous | direction=None | blocks=[446:None:None:False:Full] | sessionMovement= | insect=Incompatible | hardFloor=Compatible","The complete packaged loop demonstrates Overhead Arm Claps as named.","None.","Full-loop review found the name, demand, anatomy, structure, and packaged media coherent.","PASS","PASS","PASS","PASS","PASS","PASS","PASS or not applicable","PASS"
"447","PASS","Standing Seal Claps","Standing Seal Claps","name=Standing Seal Claps | demand=1 | primary=Chest | secondary=[ScapularGirdle;ShoulderAbductors] | practice=Bodyweight upper-body warm-up | motion=SealClap | mode=Repetition | presentation=Motion | holdFrame=0 | side=Continuous | direction=None | blocks=[447:None:None:False:Full] | sessionMovement= | insect=Incompatible | hardFloor=Compatible","name=Standing Seal Claps | demand=1 | primary=Chest | secondary=[ScapularGirdle;ShoulderAbductors] | practice=Bodyweight upper-body warm-up | motion=SealClap | mode=Repetition | presentation=Motion | holdFrame=0 | side=Continuous | direction=None | blocks=[447:None:None:False:Full] | sessionMovement= | insect=Incompatible | hardFloor=Compatible","The complete packaged loop demonstrates Standing Seal Claps as named.","None.","Full-loop review found the name, demand, anatomy, structure, and packaged media coherent.","PASS","PASS","PASS","PASS","PASS","PASS","PASS or not applicable","PASS"
"448","CORRECTED","Tuck Jump with Stick Landing","Tuck Jump with Stick Landing","name=Tuck Jump with Stick Landing | demand=2 | primary=MedialAndDeepKneeExtensors | secondary=[LateralKneeExtensors;GlutealExtensors;PosteriorThighAndKneeFlexors;HipFlexors;CalfDeepPosteriorLegAndPlantarFoot;Soleus;AbdominalWall] | practice=Plyometric landing mechanics | motion=TuckJumpStickLanding | mode=Repetition | presentation=Motion | holdFrame=0 | side=Continuous | direction=None | blocks=[448:None:None:False:Full] | sessionMovement= | insect=Incompatible | hardFloor=Incompatible","name=Tuck Jump with Stick Landing | demand=2 | primary=MedialAndDeepKneeExtensors | secondary=[LateralKneeExtensors;GlutealExtensors;PosteriorThighAndKneeFlexors;HipFlexors;CalfDeepPosteriorLegAndPlantarFoot;Soleus;AbdominalWall;PelvicFloorAndPerineum] | practice=Plyometric landing mechanics | motion=TuckJumpStickLanding | mode=Repetition | presentation=Motion | holdFrame=0 | side=Continuous | direction=None | blocks=[448:None:None:False:Full] | sessionMovement= | insect=Incompatible | hardFloor=Incompatible","The complete packaged loop demonstrates Tuck Jump with Stick Landing as named.","secondaryCanonicalGroups: [""LateralKneeExtensors"",""GlutealExtensors"",""PosteriorThighAndKneeFlexors"",""HipFlexors"",""CalfDeepPosteriorLegAndPlantarFoot"",""Soleus"",""AbdominalWall""] => [""LateralKneeExtensors"",""GlutealExtensors"",""PosteriorThighAndKneeFlexors"",""HipFlexors"",""CalfDeepPosteriorLegAndPlantarFoot"",""Soleus"",""AbdominalWall"",""PelvicFloorAndPerineum""]","Associations were trimmed to meaningful visible mechanics; pelvic-floor involvement is retained only as evidence-supported secondary work for gait, single-leg support, or impact.","PASS","PASS","PASS","PASS","PASS","PASS","PASS or not applicable","PASS"
"449","PASS","Qigong Waist-Twist Body Taps","Qigong Waist-Twist Body Taps","name=Qigong Waist-Twist Body Taps | demand=0 | primary=DeepAndIntersegmentalBack | secondary=[AbdominalWall] | practice=Qigong | motion=WaistTwistBodyTap | mode=Repetition | presentation=Motion | holdFrame=0 | side=Continuous | direction=None | blocks=[449:None:None:False:Full] | sessionMovement= | insect=Incompatible | hardFloor=Compatible","name=Qigong Waist-Twist Body Taps | demand=0 | primary=DeepAndIntersegmentalBack | secondary=[AbdominalWall] | practice=Qigong | motion=WaistTwistBodyTap | mode=Repetition | presentation=Motion | holdFrame=0 | side=Continuous | direction=None | blocks=[449:None:None:False:Full] | sessionMovement= | insect=Incompatible | hardFloor=Compatible","The complete packaged loop demonstrates Qigong Waist-Twist Body Taps as named.","None.","Full-loop review found the name, demand, anatomy, structure, and packaged media coherent.","PASS","PASS","PASS","PASS","PASS","PASS","PASS or not applicable","PASS"
"450","CORRECTED","Vertical Jump with Controlled Landing","Vertical Jump with Controlled Landing","name=Vertical Jump with Controlled Landing | demand=2 | primary=MedialAndDeepKneeExtensors | secondary=[LateralKneeExtensors;GlutealExtensors;CalfDeepPosteriorLegAndPlantarFoot;Soleus] | practice=Plyometric landing mechanics | motion=VerticalJumpControlledLanding | mode=Repetition | presentation=Motion | holdFrame=0 | side=Continuous | direction=None | blocks=[450:None:None:False:Full] | sessionMovement= | insect=Incompatible | hardFloor=Incompatible","name=Vertical Jump with Controlled Landing | demand=2 | primary=MedialAndDeepKneeExtensors | secondary=[LateralKneeExtensors;GlutealExtensors;CalfDeepPosteriorLegAndPlantarFoot;Soleus;PelvicFloorAndPerineum] | practice=Plyometric landing mechanics | motion=VerticalJumpControlledLanding | mode=Repetition | presentation=Motion | holdFrame=0 | side=Continuous | direction=None | blocks=[450:None:None:False:Full] | sessionMovement= | insect=Incompatible | hardFloor=Incompatible","The complete packaged loop demonstrates Vertical Jump with Controlled Landing as named.","secondaryCanonicalGroups: [""LateralKneeExtensors"",""GlutealExtensors"",""CalfDeepPosteriorLegAndPlantarFoot"",""Soleus""] => [""LateralKneeExtensors"",""GlutealExtensors"",""CalfDeepPosteriorLegAndPlantarFoot"",""Soleus"",""PelvicFloorAndPerineum""]","Associations were trimmed to meaningful visible mechanics; pelvic-floor involvement is retained only as evidence-supported secondary work for gait, single-leg support, or impact.","PASS","PASS","PASS","PASS","PASS","PASS","PASS or not applicable","PASS"
"451","CORRECTED","Power Jacks","Power Jacks","name=Power Jacks | demand=2 | primary=MedialAndDeepKneeExtensors | secondary=[LateralKneeExtensors;GlutealExtensors;MajorHipAdductors;AccessoryHipAdductors;HipAbductors;ShoulderAbductors;ScapularGirdle;CalfDeepPosteriorLegAndPlantarFoot;Soleus;BreathingMuscles] | practice=Plyometric conditioning | motion=PowerJack | mode=Repetition | presentation=Motion | holdFrame=0 | side=Continuous | direction=None | blocks=[451:None:None:False:Full] | sessionMovement= | insect=Compatible | hardFloor=Incompatible","name=Power Jacks | demand=2 | primary=MedialAndDeepKneeExtensors | secondary=[LateralKneeExtensors;GlutealExtensors;MajorHipAdductors;HipAbductors;ShoulderAbductors;CalfDeepPosteriorLegAndPlantarFoot] | practice=Plyometric conditioning | motion=PowerJack | mode=Repetition | presentation=Motion | holdFrame=0 | side=Continuous | direction=None | blocks=[451:None:None:False:Full] | sessionMovement= | insect=Compatible | hardFloor=Incompatible","The complete packaged loop demonstrates Power Jacks as named.","secondaryCanonicalGroups: [""LateralKneeExtensors"",""GlutealExtensors"",""MajorHipAdductors"",""AccessoryHipAdductors"",""HipAbductors"",""ShoulderAbductors"",""ScapularGirdle"",""CalfDeepPosteriorLegAndPlantarFoot"",""Soleus"",""BreathingMuscles""] => [""LateralKneeExtensors"",""GlutealExtensors"",""MajorHipAdductors"",""HipAbductors"",""ShoulderAbductors"",""CalfDeepPosteriorLegAndPlantarFoot""]","The full loop supports the named movement, but inherited or duplicative secondary associations were removed so only meaningful involvement remains.","PASS","PASS","PASS","PASS","PASS","PASS","PASS or not applicable","PASS"
"452","CORRECTED","Squat Jump with Quarter Turn","Squat Jump with Quarter Turn","name=Squat Jump with Quarter Turn | demand=2 | primary=DeepHipRotators | secondary=[MedialAndDeepKneeExtensors;LateralKneeExtensors;GlutealExtensors;HipAbductors;CalfDeepPosteriorLegAndPlantarFoot;Soleus;AnteriorLateralLowerLegAndDorsalFoot;AbdominalWall;BreathingMuscles] | practice=Plyometric conditioning | motion=QuarterTurnSquatJump | mode=Repetition | presentation=Motion | holdFrame=0 | side=Continuous | direction=None | blocks=[452:None:None:False:Full] | sessionMovement= | insect=Compatible | hardFloor=Incompatible","name=Squat Jump with Quarter Turn | demand=2 | primary=DeepHipRotators | secondary=[MedialAndDeepKneeExtensors;LateralKneeExtensors;GlutealExtensors;HipAbductors;CalfDeepPosteriorLegAndPlantarFoot;AbdominalWall;PelvicFloorAndPerineum] | practice=Plyometric conditioning | motion=QuarterTurnSquatJump | mode=Repetition | presentation=Motion | holdFrame=0 | side=Continuous | direction=None | blocks=[452:None:None:False:Full] | sessionMovement= | insect=Compatible | hardFloor=Incompatible","The complete packaged loop demonstrates Squat Jump with Quarter Turn as named.","secondaryCanonicalGroups: [""MedialAndDeepKneeExtensors"",""LateralKneeExtensors"",""GlutealExtensors"",""HipAbductors"",""CalfDeepPosteriorLegAndPlantarFoot"",""Soleus"",""AnteriorLateralLowerLegAndDorsalFoot"",""AbdominalWall"",""BreathingMuscles""] => [""MedialAndDeepKneeExtensors"",""LateralKneeExtensors"",""GlutealExtensors"",""HipAbductors"",""CalfDeepPosteriorLegAndPlantarFoot"",""AbdominalWall"",""PelvicFloorAndPerineum""]","Associations were trimmed to meaningful visible mechanics; pelvic-floor involvement is retained only as evidence-supported secondary work for gait, single-leg support, or impact.","PASS","PASS","PASS","PASS","PASS","PASS","PASS or not applicable","PASS"
"453","PASS","Ski Twists","Ski Twists","name=Ski Twists | demand=1 | primary=AbdominalWall | secondary=[DeepHipRotators;HipAbductors;CalfDeepPosteriorLegAndPlantarFoot;Soleus;AnteriorLateralLowerLegAndDorsalFoot;BreathingMuscles] | practice=Plyometric conditioning | motion=SkiTwist | mode=Repetition | presentation=Motion | holdFrame=0 | side=Continuous | direction=None | blocks=[453:None:None:False:Full] | sessionMovement= | insect=Compatible | hardFloor=Incompatible","name=Ski Twists | demand=1 | primary=AbdominalWall | secondary=[DeepHipRotators;HipAbductors;CalfDeepPosteriorLegAndPlantarFoot;Soleus;AnteriorLateralLowerLegAndDorsalFoot;BreathingMuscles] | practice=Plyometric conditioning | motion=SkiTwist | mode=Repetition | presentation=Motion | holdFrame=0 | side=Continuous | direction=None | blocks=[453:None:None:False:Full] | sessionMovement= | insect=Compatible | hardFloor=Incompatible","The complete packaged loop demonstrates Ski Twists as named.","None.","Full-loop review found the name, demand, anatomy, structure, and packaged media coherent.","PASS","PASS","PASS","PASS","PASS","PASS","PASS or not applicable","PASS"
"454","PASS","Alternating Lateral Bounds with Stick Landings","Alternating Lateral Bounds with Stick Landings","name=Alternating Lateral Bounds with Stick Landings | demand=2 | primary=HipAbductors | secondary=[GlutealExtensors;PosteriorThighAndKneeFlexors;MedialAndDeepKneeExtensors;LateralKneeExtensors;CalfDeepPosteriorLegAndPlantarFoot;Soleus] | practice=Plyometric landing mechanics | motion=AlternatingLateralBoundStickLanding | mode=Repetition | presentation=Motion | holdFrame=0 | side=Alternating | direction=None | blocks=[454:None:None:False:Full] | sessionMovement= | insect=Incompatible | hardFloor=Incompatible","name=Alternating Lateral Bounds with Stick Landings | demand=2 | primary=HipAbductors | secondary=[GlutealExtensors;PosteriorThighAndKneeFlexors;MedialAndDeepKneeExtensors;LateralKneeExtensors;CalfDeepPosteriorLegAndPlantarFoot;Soleus] | practice=Plyometric landing mechanics | motion=AlternatingLateralBoundStickLanding | mode=Repetition | presentation=Motion | holdFrame=0 | side=Alternating | direction=None | blocks=[454:None:None:False:Full] | sessionMovement= | insect=Incompatible | hardFloor=Incompatible","The complete packaged loop demonstrates Alternating Lateral Bounds with Stick Landings as named.","None.","Full-loop review found the name, demand, anatomy, structure, and packaged media coherent.","PASS","PASS","PASS","PASS","PASS","PASS","PASS or not applicable","PASS"
"455","CORRECTED","High-Impact Standing Mountain Climbers","High-Impact Standing Mountain Climbers","name=High-Impact Standing Mountain Climbers | demand=1 | primary=HipFlexors | secondary=[ShoulderAdductorsAndExtensors;ElbowFlexors;ScapularGirdle;MedialAndDeepKneeExtensors;LateralKneeExtensors;GlutealExtensors;PosteriorThighAndKneeFlexors;CalfDeepPosteriorLegAndPlantarFoot;Soleus;AnteriorLateralLowerLegAndDorsalFoot;BreathingMuscles] | practice=Bodyweight cardio conditioning | motion=StandingMountainClimberHighImpact | mode=Repetition | presentation=Motion | holdFrame=0 | side=Alternating | direction=None | blocks=[455:None:None:False:Full] | sessionMovement= | insect=Compatible | hardFloor=Incompatible","name=High-Impact Standing Mountain Climbers | demand=1 | primary=HipFlexors | secondary=[ShoulderAdductorsAndExtensors;ElbowFlexors;ScapularGirdle;MedialAndDeepKneeExtensors;LateralKneeExtensors;CalfDeepPosteriorLegAndPlantarFoot] | practice=Bodyweight cardio conditioning | motion=StandingMountainClimberHighImpact | mode=Repetition | presentation=Motion | holdFrame=0 | side=Alternating | direction=None | blocks=[455:None:None:False:Full] | sessionMovement= | insect=Compatible | hardFloor=Incompatible","The complete packaged loop demonstrates High-Impact Standing Mountain Climbers as named.","secondaryCanonicalGroups: [""ShoulderAdductorsAndExtensors"",""ElbowFlexors"",""ScapularGirdle"",""MedialAndDeepKneeExtensors"",""LateralKneeExtensors"",""GlutealExtensors"",""PosteriorThighAndKneeFlexors"",""CalfDeepPosteriorLegAndPlantarFoot"",""Soleus"",""AnteriorLateralLowerLegAndDorsalFoot"",""BreathingMuscles""] => [""ShoulderAdductorsAndExtensors"",""ElbowFlexors"",""ScapularGirdle"",""MedialAndDeepKneeExtensors"",""LateralKneeExtensors"",""CalfDeepPosteriorLegAndPlantarFoot""]","The full loop supports the named movement, but inherited or duplicative secondary associations were removed so only meaningful involvement remains.","PASS","PASS","PASS","PASS","PASS","PASS","PASS or not applicable","PASS"
"456","CORRECTED","Alternating High-Knee Pulldown Run","Alternating High-Knee Pulldown Run","name=Alternating High-Knee Pulldown Run | demand=1 | primary=ShoulderAdductorsAndExtensors | secondary=[ElbowFlexors;ScapularGirdle;HipFlexors;MedialAndDeepKneeExtensors;LateralKneeExtensors;GlutealExtensors;PosteriorThighAndKneeFlexors;CalfDeepPosteriorLegAndPlantarFoot;Soleus;AnteriorLateralLowerLegAndDorsalFoot;BreathingMuscles] | practice=Bodyweight cardio conditioning | motion=AlternatingHighKneePulldownRun | mode=Repetition | presentation=Motion | holdFrame=0 | side=Alternating | direction=None | blocks=[456:None:None:False:Full] | sessionMovement= | insect=Compatible | hardFloor=Incompatible","name=Alternating High-Knee Pulldown Run | demand=1 | primary=ShoulderAdductorsAndExtensors | secondary=[ElbowFlexors;ScapularGirdle;HipFlexors;MedialAndDeepKneeExtensors;LateralKneeExtensors;CalfDeepPosteriorLegAndPlantarFoot] | practice=Bodyweight cardio conditioning | motion=AlternatingHighKneePulldownRun | mode=Repetition | presentation=Motion | holdFrame=0 | side=Alternating | direction=None | blocks=[456:None:None:False:Full] | sessionMovement= | insect=Compatible | hardFloor=Incompatible","The complete packaged loop demonstrates Alternating High-Knee Pulldown Run as named.","secondaryCanonicalGroups: [""ElbowFlexors"",""ScapularGirdle"",""HipFlexors"",""MedialAndDeepKneeExtensors"",""LateralKneeExtensors"",""GlutealExtensors"",""PosteriorThighAndKneeFlexors"",""CalfDeepPosteriorLegAndPlantarFoot"",""Soleus"",""AnteriorLateralLowerLegAndDorsalFoot"",""BreathingMuscles""] => [""ElbowFlexors"",""ScapularGirdle"",""HipFlexors"",""MedialAndDeepKneeExtensors"",""LateralKneeExtensors"",""CalfDeepPosteriorLegAndPlantarFoot""]","The full loop supports the named movement, but inherited or duplicative secondary associations were removed so only meaningful involvement remains.","PASS","PASS","PASS","PASS","PASS","PASS","PASS or not applicable","PASS"
"457","CORRECTED","Switch Lunge Uppercuts","Switch Lunge Uppercuts","name=Switch Lunge Uppercuts | demand=2 | primary=ElbowFlexors | secondary=[MedialAndDeepKneeExtensors;LateralKneeExtensors;GlutealExtensors;PosteriorThighAndKneeFlexors;HipFlexors;CalfDeepPosteriorLegAndPlantarFoot;Soleus;AnteriorLateralLowerLegAndDorsalFoot;AbdominalWall;BreathingMuscles] | practice=Bodyweight cardio boxing | motion=SwitchLungeUppercut | mode=Repetition | presentation=Motion | holdFrame=0 | side=Alternating | direction=None | blocks=[457:None:None:False:Full] | sessionMovement= | insect=Compatible | hardFloor=Incompatible","name=Switch Lunge Uppercuts | demand=2 | primary=MedialAndDeepKneeExtensors | secondary=[LateralKneeExtensors;GlutealExtensors;PosteriorThighAndKneeFlexors;HipFlexors;ElbowFlexors;AbdominalWall;CalfDeepPosteriorLegAndPlantarFoot] | practice=Bodyweight cardio boxing | motion=SwitchLungeUppercut | mode=Repetition | presentation=Motion | holdFrame=0 | side=Alternating | direction=None | blocks=[457:None:None:False:Full] | sessionMovement= | insect=Compatible | hardFloor=Incompatible","The complete packaged loop demonstrates Switch Lunge Uppercuts as named.","primaryCanonicalGroup: ElbowFlexors => MedialAndDeepKneeExtensors | secondaryCanonicalGroups: [""MedialAndDeepKneeExtensors"",""LateralKneeExtensors"",""GlutealExtensors"",""PosteriorThighAndKneeFlexors"",""HipFlexors"",""CalfDeepPosteriorLegAndPlantarFoot"",""Soleus"",""AnteriorLateralLowerLegAndDorsalFoot"",""AbdominalWall"",""BreathingMuscles""] => [""LateralKneeExtensors"",""GlutealExtensors"",""PosteriorThighAndKneeFlexors"",""HipFlexors"",""ElbowFlexors"",""AbdominalWall"",""CalfDeepPosteriorLegAndPlantarFoot""]","The primary and secondary anatomy now follow the movement that supplies the visible mechanical demand, with inherited or duplicative associations removed.","PASS","PASS","PASS","PASS","PASS","PASS","PASS or not applicable","PASS"
"458","CORRECTED","Single-Leg Rotational Hops","Single-Leg Rotational Hops","name=Single-Leg Rotational Hops | demand=2 | primary=DeepHipRotators | secondary=[HipAbductors;GlutealExtensors;PosteriorThighAndKneeFlexors;MedialAndDeepKneeExtensors;LateralKneeExtensors;CalfDeepPosteriorLegAndPlantarFoot;Soleus] | practice=Plyometric balance conditioning | motion=SingleLegRotationalHop | mode=Repetition | presentation=Motion | holdFrame=0 | side=ScreenRightThenLeft | direction=None | blocks=[458:ScreenRight:None:False:Full;458:ScreenLeft:None:True:Full] | sessionMovement= | insect=Compatible | hardFloor=Incompatible","name=Single-Leg Rotational Hops | demand=2 | primary=DeepHipRotators | secondary=[HipAbductors;GlutealExtensors;PosteriorThighAndKneeFlexors;MedialAndDeepKneeExtensors;LateralKneeExtensors;CalfDeepPosteriorLegAndPlantarFoot;Soleus;PelvicFloorAndPerineum] | practice=Plyometric balance conditioning | motion=SingleLegRotationalHop | mode=Repetition | presentation=Motion | holdFrame=0 | side=ScreenRightThenLeft | direction=None | blocks=[458:ScreenRight:None:False:Full;458:ScreenLeft:None:True:Full] | sessionMovement= | insect=Compatible | hardFloor=Incompatible","The complete packaged loop demonstrates Single-Leg Rotational Hops as named.","secondaryCanonicalGroups: [""HipAbductors"",""GlutealExtensors"",""PosteriorThighAndKneeFlexors"",""MedialAndDeepKneeExtensors"",""LateralKneeExtensors"",""CalfDeepPosteriorLegAndPlantarFoot"",""Soleus""] => [""HipAbductors"",""GlutealExtensors"",""PosteriorThighAndKneeFlexors"",""MedialAndDeepKneeExtensors"",""LateralKneeExtensors"",""CalfDeepPosteriorLegAndPlantarFoot"",""Soleus"",""PelvicFloorAndPerineum""]","Associations were trimmed to meaningful visible mechanics; pelvic-floor involvement is retained only as evidence-supported secondary work for gait, single-leg support, or impact.","PASS","PASS","PASS","PASS","PASS","PASS","PASS or not applicable","PASS"
"459","CORRECTED","Goal Post Jacks","Goal Post Jacks","name=Goal Post Jacks | demand=1 | primary=RotatorCuff | secondary=[ShoulderAbductors;ScapularGirdle;Chest;HipAbductors;MajorHipAdductors;AccessoryHipAdductors;CalfDeepPosteriorLegAndPlantarFoot;Soleus;AnteriorLateralLowerLegAndDorsalFoot;BreathingMuscles] | practice=Bodyweight cardio conditioning | motion=GoalPostJack | mode=Repetition | presentation=Motion | holdFrame=0 | side=Continuous | direction=None | blocks=[459:None:None:False:Full;468:None:None:False:Full;469:None:None:False:Full] | sessionMovement= | insect=Compatible | hardFloor=Incompatible","name=Goal Post Jacks | demand=1 | primary=RotatorCuff | secondary=[ShoulderAbductors;ScapularGirdle;HipAbductors;MajorHipAdductors;CalfDeepPosteriorLegAndPlantarFoot] | practice=Bodyweight cardio conditioning | motion=GoalPostJack | mode=Repetition | presentation=Motion | holdFrame=0 | side=Continuous | direction=None | blocks=[459:None:None:False:Full;468:None:None:False:Full;469:None:None:False:Full] | sessionMovement= | insect=Compatible | hardFloor=Incompatible","The complete packaged loop demonstrates Goal Post Jacks as named.","secondaryCanonicalGroups: [""ShoulderAbductors"",""ScapularGirdle"",""Chest"",""HipAbductors"",""MajorHipAdductors"",""AccessoryHipAdductors"",""CalfDeepPosteriorLegAndPlantarFoot"",""Soleus"",""AnteriorLateralLowerLegAndDorsalFoot"",""BreathingMuscles""] => [""ShoulderAbductors"",""ScapularGirdle"",""HipAbductors"",""MajorHipAdductors"",""CalfDeepPosteriorLegAndPlantarFoot""]","The full loop supports the named movement, but inherited or duplicative secondary associations were removed so only meaningful involvement remains.","PASS","PASS","PASS","PASS","PASS","PASS","PASS or not applicable","PASS"
"460","CORRECTED","Jogging in Place with Arm Circles","Jogging in Place with Arm Circles","name=Jogging in Place with Arm Circles | demand=1 | primary=ShoulderAbductors | secondary=[RotatorCuff;ShoulderAdductorsAndExtensors;ScapularGirdle;HipFlexors;PosteriorThighAndKneeFlexors;MedialAndDeepKneeExtensors;LateralKneeExtensors;CalfDeepPosteriorLegAndPlantarFoot;Soleus;AnteriorLateralLowerLegAndDorsalFoot;BreathingMuscles] | practice=Bodyweight cardio conditioning | motion=JogInPlaceForwardArmCircle | mode=Repetition | presentation=Motion | holdFrame=0 | side=Alternating | direction=ForwardThenBackward | blocks=[460:None:Forward:False:FirstDirection;460:None:Backward:False:SecondDirection] | sessionMovement= | insect=Compatible | hardFloor=Incompatible","name=Jogging in Place with Arm Circles | demand=1 | primary=ShoulderAbductors | secondary=[RotatorCuff;ShoulderAdductorsAndExtensors;ScapularGirdle;HipFlexors;MedialAndDeepKneeExtensors;LateralKneeExtensors;CalfDeepPosteriorLegAndPlantarFoot] | practice=Bodyweight cardio conditioning | motion=JogInPlaceForwardArmCircle | mode=Repetition | presentation=Motion | holdFrame=0 | side=Alternating | direction=ForwardThenBackward | blocks=[460:None:Forward:False:FirstDirection;460:None:Backward:False:SecondDirection] | sessionMovement= | insect=Compatible | hardFloor=Incompatible","The complete packaged loop demonstrates Jogging in Place with Arm Circles as named.","secondaryCanonicalGroups: [""RotatorCuff"",""ShoulderAdductorsAndExtensors"",""ScapularGirdle"",""HipFlexors"",""PosteriorThighAndKneeFlexors"",""MedialAndDeepKneeExtensors"",""LateralKneeExtensors"",""CalfDeepPosteriorLegAndPlantarFoot"",""Soleus"",""AnteriorLateralLowerLegAndDorsalFoot"",""BreathingMuscles""] => [""RotatorCuff"",""ShoulderAdductorsAndExtensors"",""ScapularGirdle"",""HipFlexors"",""MedialAndDeepKneeExtensors"",""LateralKneeExtensors"",""CalfDeepPosteriorLegAndPlantarFoot""]","The full loop supports the named movement, but inherited or duplicative secondary associations were removed so only meaningful involvement remains.","PASS","PASS","PASS","PASS","PASS","PASS","PASS or not applicable","PASS"
"461","CORRECTED","High Knees with Bent-Arm Circles","High Knees with Bent-Arm Circles","name=High Knees with Bent-Arm Circles | demand=1 | primary=ShoulderAbductors | secondary=[RotatorCuff;ShoulderAdductorsAndExtensors;ScapularGirdle;HipFlexors;PosteriorThighAndKneeFlexors;MedialAndDeepKneeExtensors;LateralKneeExtensors;CalfDeepPosteriorLegAndPlantarFoot;Soleus;AnteriorLateralLowerLegAndDorsalFoot;AbdominalWall;BreathingMuscles] | practice=Bodyweight cardio conditioning | motion=HighKneeBentArmCircle | mode=Repetition | presentation=Motion | holdFrame=0 | side=Alternating | direction=None | blocks=[461:None:None:False:Full] | sessionMovement= | insect=Compatible | hardFloor=Incompatible","name=High Knees with Bent-Arm Circles | demand=1 | primary=ShoulderAbductors | secondary=[RotatorCuff;ShoulderAdductorsAndExtensors;ScapularGirdle;HipFlexors;MedialAndDeepKneeExtensors;LateralKneeExtensors;CalfDeepPosteriorLegAndPlantarFoot;AbdominalWall] | practice=Bodyweight cardio conditioning | motion=HighKneeBentArmCircle | mode=Repetition | presentation=Motion | holdFrame=0 | side=Alternating | direction=None | blocks=[461:None:None:False:Full] | sessionMovement= | insect=Compatible | hardFloor=Incompatible","The complete packaged loop demonstrates High Knees with Bent-Arm Circles as named.","secondaryCanonicalGroups: [""RotatorCuff"",""ShoulderAdductorsAndExtensors"",""ScapularGirdle"",""HipFlexors"",""PosteriorThighAndKneeFlexors"",""MedialAndDeepKneeExtensors"",""LateralKneeExtensors"",""CalfDeepPosteriorLegAndPlantarFoot"",""Soleus"",""AnteriorLateralLowerLegAndDorsalFoot"",""AbdominalWall"",""BreathingMuscles""] => [""RotatorCuff"",""ShoulderAdductorsAndExtensors"",""ScapularGirdle"",""HipFlexors"",""MedialAndDeepKneeExtensors"",""LateralKneeExtensors"",""CalfDeepPosteriorLegAndPlantarFoot"",""AbdominalWall""]","The full loop supports the named movement, but inherited or duplicative secondary associations were removed so only meaningful involvement remains.","PASS","PASS","PASS","PASS","PASS","PASS","PASS or not applicable","PASS"
"462","CORRECTED","Two-Foot Fake Jump Rope","Two-Foot Fake Jump Rope","name=Two-Foot Fake Jump Rope | demand=1 | primary=CalfDeepPosteriorLegAndPlantarFoot | secondary=[Soleus;ForearmExtensorsAndSupinators;ForearmFlexorsAndPronators;BreathingMuscles] | practice=Rope-free cardio conditioning | motion=FakeJumpRope | mode=Repetition | presentation=Motion | holdFrame=0 | side=Continuous | direction=None | blocks=[462:None:None:False:Full] | sessionMovement= | insect=Compatible | hardFloor=Incompatible","name=Two-Foot Fake Jump Rope | demand=1 | primary=CalfDeepPosteriorLegAndPlantarFoot | secondary=[Soleus;ForearmExtensorsAndSupinators;ForearmFlexorsAndPronators;BreathingMuscles;PelvicFloorAndPerineum] | practice=Rope-free cardio conditioning | motion=FakeJumpRope | mode=Repetition | presentation=Motion | holdFrame=0 | side=Continuous | direction=None | blocks=[462:None:None:False:Full] | sessionMovement= | insect=Compatible | hardFloor=Incompatible","The complete packaged loop demonstrates Two-Foot Fake Jump Rope as named.","secondaryCanonicalGroups: [""Soleus"",""ForearmExtensorsAndSupinators"",""ForearmFlexorsAndPronators"",""BreathingMuscles""] => [""Soleus"",""ForearmExtensorsAndSupinators"",""ForearmFlexorsAndPronators"",""BreathingMuscles"",""PelvicFloorAndPerineum""]","Associations were trimmed to meaningful visible mechanics; pelvic-floor involvement is retained only as evidence-supported secondary work for gait, single-leg support, or impact.","PASS","PASS","PASS","PASS","PASS","PASS","PASS or not applicable","PASS"
"463","CORRECTED","Fake Jump Rope with High Knees","Fake Jump Rope with High Knees","name=Fake Jump Rope with High Knees | demand=1 | primary=HipFlexors | secondary=[CalfDeepPosteriorLegAndPlantarFoot;Soleus;ForearmExtensorsAndSupinators;ForearmFlexorsAndPronators;BreathingMuscles] | practice=Rope-free cardio conditioning | motion=FakeJumpRopeHighKnees | mode=Repetition | presentation=Motion | holdFrame=0 | side=Alternating | direction=None | blocks=[463:None:None:False:Full] | sessionMovement= | insect=Compatible | hardFloor=Incompatible","name=Fake Jump Rope with High Knees | demand=1 | primary=HipFlexors | secondary=[CalfDeepPosteriorLegAndPlantarFoot;Soleus;ForearmExtensorsAndSupinators;ForearmFlexorsAndPronators;BreathingMuscles;PelvicFloorAndPerineum] | practice=Rope-free cardio conditioning | motion=FakeJumpRopeHighKnees | mode=Repetition | presentation=Motion | holdFrame=0 | side=Alternating | direction=None | blocks=[463:None:None:False:Full] | sessionMovement= | insect=Compatible | hardFloor=Incompatible","The complete packaged loop demonstrates Fake Jump Rope with High Knees as named.","secondaryCanonicalGroups: [""CalfDeepPosteriorLegAndPlantarFoot"",""Soleus"",""ForearmExtensorsAndSupinators"",""ForearmFlexorsAndPronators"",""BreathingMuscles""] => [""CalfDeepPosteriorLegAndPlantarFoot"",""Soleus"",""ForearmExtensorsAndSupinators"",""ForearmFlexorsAndPronators"",""BreathingMuscles"",""PelvicFloorAndPerineum""]","Associations were trimmed to meaningful visible mechanics; pelvic-floor involvement is retained only as evidence-supported secondary work for gait, single-leg support, or impact.","PASS","PASS","PASS","PASS","PASS","PASS","PASS or not applicable","PASS"
"464","CORRECTED","Fake Jump Rope with Heel Taps","Fake Jump Rope with Heel Taps","name=Fake Jump Rope with Heel Taps | demand=1 | primary=CalfDeepPosteriorLegAndPlantarFoot | secondary=[Soleus;AnteriorLateralLowerLegAndDorsalFoot;ForearmExtensorsAndSupinators;ForearmFlexorsAndPronators;BreathingMuscles] | practice=Rope-free cardio conditioning | motion=FakeJumpRopeHeelTaps | mode=Repetition | presentation=Motion | holdFrame=0 | side=Alternating | direction=None | blocks=[464:None:None:False:Full] | sessionMovement= | insect=Compatible | hardFloor=Incompatible","name=Fake Jump Rope with Heel Taps | demand=1 | primary=CalfDeepPosteriorLegAndPlantarFoot | secondary=[Soleus;AnteriorLateralLowerLegAndDorsalFoot;ForearmExtensorsAndSupinators;ForearmFlexorsAndPronators;BreathingMuscles;PelvicFloorAndPerineum] | practice=Rope-free cardio conditioning | motion=FakeJumpRopeHeelTaps | mode=Repetition | presentation=Motion | holdFrame=0 | side=Alternating | direction=None | blocks=[464:None:None:False:Full] | sessionMovement= | insect=Compatible | hardFloor=Incompatible","The complete packaged loop demonstrates Fake Jump Rope with Heel Taps as named.","secondaryCanonicalGroups: [""Soleus"",""AnteriorLateralLowerLegAndDorsalFoot"",""ForearmExtensorsAndSupinators"",""ForearmFlexorsAndPronators"",""BreathingMuscles""] => [""Soleus"",""AnteriorLateralLowerLegAndDorsalFoot"",""ForearmExtensorsAndSupinators"",""ForearmFlexorsAndPronators"",""BreathingMuscles"",""PelvicFloorAndPerineum""]","Associations were trimmed to meaningful visible mechanics; pelvic-floor involvement is retained only as evidence-supported secondary work for gait, single-leg support, or impact.","PASS","PASS","PASS","PASS","PASS","PASS","PASS or not applicable","PASS"
"465","CORRECTED","Single-Leg Imaginary Jump Rope","Single-Leg Imaginary Jump Rope","name=Single-Leg Imaginary Jump Rope | demand=2 | primary=CalfDeepPosteriorLegAndPlantarFoot | secondary=[Soleus;ForearmExtensorsAndSupinators;ForearmFlexorsAndPronators;BreathingMuscles] | practice=Rope-free cardio conditioning | motion=SingleLegImaginaryJumpRope | mode=Repetition | presentation=Motion | holdFrame=0 | side=ScreenLeftThenRight | direction=None | blocks=[465:ScreenLeft:None:False:Full;465:ScreenRight:None:True:Full;445:None:None:False:Full] | sessionMovement= | insect=Compatible | hardFloor=Incompatible","name=Single-Leg Imaginary Jump Rope | demand=2 | primary=CalfDeepPosteriorLegAndPlantarFoot | secondary=[Soleus;ForearmExtensorsAndSupinators;ForearmFlexorsAndPronators;BreathingMuscles;PelvicFloorAndPerineum] | practice=Rope-free cardio conditioning | motion=SingleLegImaginaryJumpRope | mode=Repetition | presentation=Motion | holdFrame=0 | side=ScreenLeftThenRight | direction=None | blocks=[465:ScreenLeft:None:False:Full;465:ScreenRight:None:True:Full;445:None:None:False:Full] | sessionMovement= | insect=Compatible | hardFloor=Incompatible","The complete packaged loop demonstrates Single-Leg Imaginary Jump Rope as named.","secondaryCanonicalGroups: [""Soleus"",""ForearmExtensorsAndSupinators"",""ForearmFlexorsAndPronators"",""BreathingMuscles""] => [""Soleus"",""ForearmExtensorsAndSupinators"",""ForearmFlexorsAndPronators"",""BreathingMuscles"",""PelvicFloorAndPerineum""]","Associations were trimmed to meaningful visible mechanics; pelvic-floor involvement is retained only as evidence-supported secondary work for gait, single-leg support, or impact.","PASS","PASS","PASS","PASS","PASS","PASS","PASS or not applicable","PASS"
"466","PASS","Alternating Sumo-Squat Stomps","Alternating Sumo-Squat Stomps","name=Alternating Sumo-Squat Stomps | demand=2 | primary=MajorHipAdductors | secondary=[HipFlexors;GlutealExtensors;MedialAndDeepKneeExtensors;LateralKneeExtensors;PosteriorThighAndKneeFlexors] | practice=Bodyweight conditioning | motion=Squat | mode=Repetition | presentation=Motion | holdFrame=0 | side=Alternating | direction=None | blocks=[466:None:None:False:Full] | sessionMovement= | insect=Incompatible | hardFloor=Incompatible","name=Alternating Sumo-Squat Stomps | demand=2 | primary=MajorHipAdductors | secondary=[HipFlexors;GlutealExtensors;MedialAndDeepKneeExtensors;LateralKneeExtensors;PosteriorThighAndKneeFlexors] | practice=Bodyweight conditioning | motion=Squat | mode=Repetition | presentation=Motion | holdFrame=0 | side=Alternating | direction=None | blocks=[466:None:None:False:Full] | sessionMovement= | insect=Incompatible | hardFloor=Incompatible","The complete packaged loop demonstrates Alternating Sumo-Squat Stomps as named.","None.","Full-loop review found the name, demand, anatomy, structure, and packaged media coherent.","PASS","PASS","PASS","PASS","PASS","PASS","PASS or not applicable","PASS"
"467","PASS","Look Up and Down","Look Up and Down","name=Look Up and Down | demand=0 | primary=PosteriorNeckAndSuboccipitalMuscles | secondary=[AnteriorLateralNeckAndHyoidMuscles] | practice=Active neck mobility | motion=NeckFlexExtension | mode=Repetition | presentation=Motion | holdFrame=0 | side=Continuous | direction=None | blocks=[467:None:None:False:Full] | sessionMovement= | insect=Incompatible | hardFloor=Compatible","name=Look Up and Down | demand=0 | primary=PosteriorNeckAndSuboccipitalMuscles | secondary=[AnteriorLateralNeckAndHyoidMuscles] | practice=Active neck mobility | motion=NeckFlexExtension | mode=Repetition | presentation=Motion | holdFrame=0 | side=Continuous | direction=None | blocks=[467:None:None:False:Full] | sessionMovement= | insect=Incompatible | hardFloor=Compatible","The complete packaged loop demonstrates Look Up and Down as named.","None.","Full-loop review found the name, demand, anatomy, structure, and packaged media coherent.","PASS","PASS","PASS","PASS","PASS","PASS","PASS or not applicable","PASS"
"468","PASS","Scarecrow Jacks","Scarecrow Jacks","name=Scarecrow Jacks | demand=1 | primary=RotatorCuff | secondary=[ShoulderAbductors;HipAbductors;CalfDeepPosteriorLegAndPlantarFoot] | practice=Bodyweight cardio conditioning | motion=ScarecrowJack | mode=Repetition | presentation=Motion | holdFrame=0 | side=Alternating | direction=None | blocks=[] | sessionMovement= | insect=Compatible | hardFloor=Incompatible","name=Scarecrow Jacks | demand=1 | primary=RotatorCuff | secondary=[ShoulderAbductors;HipAbductors;CalfDeepPosteriorLegAndPlantarFoot] | practice=Bodyweight cardio conditioning | motion=ScarecrowJack | mode=Repetition | presentation=Motion | holdFrame=0 | side=Alternating | direction=None | blocks=[] | sessionMovement= | insect=Compatible | hardFloor=Incompatible","The complete packaged loop demonstrates Scarecrow Jacks as named.","None.","Full-loop review found the name, demand, anatomy, structure, and packaged media coherent.","PASS","PASS","PASS","PASS","PASS","PASS","PASS or not applicable","PASS"
"469","CORRECTED","Arm-Circle Jumping Jacks","Arm-Circle Jumping Jacks","name=Arm-Circle Jumping Jacks | demand=1 | primary=RotatorCuff | secondary=[ShoulderAbductors;HipAbductors;CalfDeepPosteriorLegAndPlantarFoot;Soleus;BreathingMuscles] | practice=Bodyweight cardio conditioning | motion=ArmCircleJumpingJack | mode=Repetition | presentation=Motion | holdFrame=0 | side=Continuous | direction=None | blocks=[] | sessionMovement= | insect=Compatible | hardFloor=Incompatible","name=Arm-Circle Jumping Jacks | demand=1 | primary=RotatorCuff | secondary=[ShoulderAbductors;HipAbductors;CalfDeepPosteriorLegAndPlantarFoot;Soleus;BreathingMuscles;PelvicFloorAndPerineum] | practice=Bodyweight cardio conditioning | motion=ArmCircleJumpingJack | mode=Repetition | presentation=Motion | holdFrame=0 | side=Continuous | direction=None | blocks=[] | sessionMovement= | insect=Compatible | hardFloor=Incompatible","The complete packaged loop demonstrates Arm-Circle Jumping Jacks as named.","secondaryCanonicalGroups: [""ShoulderAbductors"",""HipAbductors"",""CalfDeepPosteriorLegAndPlantarFoot"",""Soleus"",""BreathingMuscles""] => [""ShoulderAbductors"",""HipAbductors"",""CalfDeepPosteriorLegAndPlantarFoot"",""Soleus"",""BreathingMuscles"",""PelvicFloorAndPerineum""]","Associations were trimmed to meaningful visible mechanics; pelvic-floor involvement is retained only as evidence-supported secondary work for gait, single-leg support, or impact.","PASS","PASS","PASS","PASS","PASS","PASS","PASS or not applicable","PASS"
"470","PASS","Windmill Jacks","Windmill Jacks","name=Windmill Jacks | demand=1 | primary=DeepAndIntersegmentalBack | secondary=[SpinalExtensors;AbdominalWall;PosteriorThighAndKneeFlexors;MajorHipAdductors;AccessoryHipAdductors;CalfDeepPosteriorLegAndPlantarFoot;Soleus;BreathingMuscles] | practice=Bodyweight cardio conditioning | motion=WindmillJack | mode=Repetition | presentation=Motion | holdFrame=0 | side=Alternating | direction=None | blocks=[470:None:None:False:Full] | sessionMovement= | insect=Compatible | hardFloor=Incompatible","name=Windmill Jacks | demand=1 | primary=DeepAndIntersegmentalBack | secondary=[SpinalExtensors;AbdominalWall;PosteriorThighAndKneeFlexors;MajorHipAdductors;AccessoryHipAdductors;CalfDeepPosteriorLegAndPlantarFoot;Soleus;BreathingMuscles] | practice=Bodyweight cardio conditioning | motion=WindmillJack | mode=Repetition | presentation=Motion | holdFrame=0 | side=Alternating | direction=None | blocks=[470:None:None:False:Full] | sessionMovement= | insect=Compatible | hardFloor=Incompatible","The complete packaged loop demonstrates Windmill Jacks as named.","None.","Full-loop review found the name, demand, anatomy, structure, and packaged media coherent.","PASS","PASS","PASS","PASS","PASS","PASS","PASS or not applicable","PASS"
"471","CORRECTED","Single-Leg Quarter-Turn Jumps with Stick Landings","Single-Leg Quarter-Turn Jumps with Stick Landings","name=Single-Leg Quarter-Turn Jumps with Stick Landings | demand=2 | primary=DeepHipRotators | secondary=[HipAbductors;GlutealExtensors;PosteriorThighAndKneeFlexors;MedialAndDeepKneeExtensors;LateralKneeExtensors;CalfDeepPosteriorLegAndPlantarFoot;Soleus] | practice=Plyometric landing mechanics | motion=SingleLegQuarterTurnHopStickLanding | mode=Repetition | presentation=Motion | holdFrame=0 | side=ScreenLeftThenRight | direction=None | blocks=[471:ScreenLeft:None:False:Full;471:ScreenRight:None:True:Full] | sessionMovement= | insect=Incompatible | hardFloor=Incompatible","name=Single-Leg Quarter-Turn Jumps with Stick Landings | demand=2 | primary=DeepHipRotators | secondary=[HipAbductors;GlutealExtensors;PosteriorThighAndKneeFlexors;MedialAndDeepKneeExtensors;LateralKneeExtensors;CalfDeepPosteriorLegAndPlantarFoot;Soleus;PelvicFloorAndPerineum] | practice=Plyometric landing mechanics | motion=SingleLegQuarterTurnHopStickLanding | mode=Repetition | presentation=Motion | holdFrame=0 | side=ScreenLeftThenRight | direction=None | blocks=[471:ScreenLeft:None:False:Full;471:ScreenRight:None:True:Full] | sessionMovement= | insect=Incompatible | hardFloor=Incompatible","The complete packaged loop demonstrates Single-Leg Quarter-Turn Jumps with Stick Landings as named.","secondaryCanonicalGroups: [""HipAbductors"",""GlutealExtensors"",""PosteriorThighAndKneeFlexors"",""MedialAndDeepKneeExtensors"",""LateralKneeExtensors"",""CalfDeepPosteriorLegAndPlantarFoot"",""Soleus""] => [""HipAbductors"",""GlutealExtensors"",""PosteriorThighAndKneeFlexors"",""MedialAndDeepKneeExtensors"",""LateralKneeExtensors"",""CalfDeepPosteriorLegAndPlantarFoot"",""Soleus"",""PelvicFloorAndPerineum""]","Associations were trimmed to meaningful visible mechanics; pelvic-floor involvement is retained only as evidence-supported secondary work for gait, single-leg support, or impact.","PASS","PASS","PASS","PASS","PASS","PASS","PASS or not applicable","PASS"
"472","CORRECTED","Hinge Jumps","Hinge Jumps","name=Hinge Jumps | demand=2 | primary=GlutealExtensors | secondary=[PosteriorThighAndKneeFlexors;SpinalExtensors;DeepAndIntersegmentalBack;MedialAndDeepKneeExtensors;LateralKneeExtensors;CalfDeepPosteriorLegAndPlantarFoot;Soleus;AbdominalWall;BreathingMuscles] | practice=Plyometric posterior-chain conditioning | motion=HingeJump | mode=Repetition | presentation=Motion | holdFrame=0 | side=Continuous | direction=None | blocks=[472:None:None:False:Full] | sessionMovement= | insect=Compatible | hardFloor=Incompatible","name=Hinge Jumps | demand=2 | primary=GlutealExtensors | secondary=[PosteriorThighAndKneeFlexors;SpinalExtensors;DeepAndIntersegmentalBack;MedialAndDeepKneeExtensors;LateralKneeExtensors;CalfDeepPosteriorLegAndPlantarFoot;AbdominalWall;PelvicFloorAndPerineum] | practice=Plyometric posterior-chain conditioning | motion=HingeJump | mode=Repetition | presentation=Motion | holdFrame=0 | side=Continuous | direction=None | blocks=[472:None:None:False:Full] | sessionMovement= | insect=Compatible | hardFloor=Incompatible","The complete packaged loop demonstrates Hinge Jumps as named.","secondaryCanonicalGroups: [""PosteriorThighAndKneeFlexors"",""SpinalExtensors"",""DeepAndIntersegmentalBack"",""MedialAndDeepKneeExtensors"",""LateralKneeExtensors"",""CalfDeepPosteriorLegAndPlantarFoot"",""Soleus"",""AbdominalWall"",""BreathingMuscles""] => [""PosteriorThighAndKneeFlexors"",""SpinalExtensors"",""DeepAndIntersegmentalBack"",""MedialAndDeepKneeExtensors"",""LateralKneeExtensors"",""CalfDeepPosteriorLegAndPlantarFoot"",""AbdominalWall"",""PelvicFloorAndPerineum""]","Associations were trimmed to meaningful visible mechanics; pelvic-floor involvement is retained only as evidence-supported secondary work for gait, single-leg support, or impact.","PASS","PASS","PASS","PASS","PASS","PASS","PASS or not applicable","PASS"
"473","PASS","Bouncing Uppercuts","Bouncing Uppercuts","name=Bouncing Uppercuts | demand=1 | primary=ElbowFlexors | secondary=[AbdominalWall;CalfDeepPosteriorLegAndPlantarFoot;Soleus;BreathingMuscles] | practice=Boxing cardio conditioning | motion=BouncingUppercut | mode=Repetition | presentation=Motion | holdFrame=0 | side=ScreenLeftLeadThenRightLead | direction=None | blocks=[473:ShownLeadStance:None:False:Full;473:OppositeLeadStance:None:True:Full] | sessionMovement= | insect=Compatible | hardFloor=Incompatible","name=Bouncing Uppercuts | demand=1 | primary=ElbowFlexors | secondary=[AbdominalWall;CalfDeepPosteriorLegAndPlantarFoot;Soleus;BreathingMuscles] | practice=Boxing cardio conditioning | motion=BouncingUppercut | mode=Repetition | presentation=Motion | holdFrame=0 | side=ScreenLeftLeadThenRightLead | direction=None | blocks=[473:ShownLeadStance:None:False:Full;473:OppositeLeadStance:None:True:Full] | sessionMovement= | insect=Compatible | hardFloor=Incompatible","The complete packaged loop demonstrates Bouncing Uppercuts as named.","None.","Full-loop review found the name, demand, anatomy, structure, and packaged media coherent.","PASS","PASS","PASS","PASS","PASS","PASS","PASS or not applicable","PASS"
"474","PASS","Head Glide Forward and Back","Head Glide Forward and Back","name=Head Glide Forward and Back | demand=0 | primary=AnteriorLateralNeckAndHyoidMuscles | secondary=[PosteriorNeckAndSuboccipitalMuscles] | practice=Active neck mobility | motion=HeadGlide | mode=Repetition | presentation=Motion | holdFrame=0 | side=Continuous | direction=None | blocks=[474:None:None:False:Full] | sessionMovement= | insect=Incompatible | hardFloor=Compatible","name=Head Glide Forward and Back | demand=0 | primary=AnteriorLateralNeckAndHyoidMuscles | secondary=[PosteriorNeckAndSuboccipitalMuscles] | practice=Active neck mobility | motion=HeadGlide | mode=Repetition | presentation=Motion | holdFrame=0 | side=Continuous | direction=None | blocks=[474:None:None:False:Full] | sessionMovement= | insect=Incompatible | hardFloor=Compatible","The complete packaged loop demonstrates Head Glide Forward and Back as named.","None.","Full-loop review found the name, demand, anatomy, structure, and packaged media coherent.","PASS","PASS","PASS","PASS","PASS","PASS","PASS or not applicable","PASS"
"475","CORRECTED","March in Place with Head Turns","March in Place with Head Turns","name=March in Place with Head Turns | demand=0 | primary=AnteriorLateralNeckAndHyoidMuscles | secondary=[PosteriorNeckAndSuboccipitalMuscles] | practice=Balance and neck mobility | motion=HeadTurnMarch | mode=Repetition | presentation=Motion | holdFrame=0 | side=Alternating | direction=None | blocks=[475:None:None:False:Full] | sessionMovement= | insect=Compatible | hardFloor=Compatible","name=March in Place with Head Turns | demand=0 | primary=AnteriorLateralNeckAndHyoidMuscles | secondary=[PosteriorNeckAndSuboccipitalMuscles;PelvicFloorAndPerineum] | practice=Balance and neck mobility | motion=HeadTurnMarch | mode=Repetition | presentation=Motion | holdFrame=0 | side=Alternating | direction=None | blocks=[475:None:None:False:Full] | sessionMovement= | insect=Compatible | hardFloor=Compatible","The complete packaged loop demonstrates March in Place with Head Turns as named.","secondaryCanonicalGroups: ""PosteriorNeckAndSuboccipitalMuscles"" => [""PosteriorNeckAndSuboccipitalMuscles"",""PelvicFloorAndPerineum""]","Associations were trimmed to meaningful visible mechanics; pelvic-floor involvement is retained only as evidence-supported secondary work for gait, single-leg support, or impact.","PASS","PASS","PASS","PASS","PASS","PASS","PASS or not applicable","PASS"
"476","CORRECTED","Single-Side High-Knee Pulls with Hop","Single-Side High-Knee Pulls with Hop","name=Single-Side High-Knee Pulls with Hop | demand=2 | primary=HipFlexors | secondary=[ShoulderAdductorsAndExtensors;ScapularGirdle;MedialAndDeepKneeExtensors;LateralKneeExtensors;CalfDeepPosteriorLegAndPlantarFoot;Soleus;BreathingMuscles] | practice=Bodyweight cardio conditioning | motion=SingleSideHighKneePullHop | mode=Repetition | presentation=Motion | holdFrame=0 | side=ScreenLeftThenRight | direction=None | blocks=[476:ScreenLeft:None:False:Full;476:ScreenRight:None:True:Full] | sessionMovement= | insect=Compatible | hardFloor=Incompatible","name=Single-Side High-Knee Pulls with Hop | demand=2 | primary=HipFlexors | secondary=[ShoulderAdductorsAndExtensors;ScapularGirdle;MedialAndDeepKneeExtensors;LateralKneeExtensors;CalfDeepPosteriorLegAndPlantarFoot;Soleus;BreathingMuscles;PelvicFloorAndPerineum] | practice=Bodyweight cardio conditioning | motion=SingleSideHighKneePullHop | mode=Repetition | presentation=Motion | holdFrame=0 | side=ScreenLeftThenRight | direction=None | blocks=[476:ScreenLeft:None:False:Full;476:ScreenRight:None:True:Full] | sessionMovement= | insect=Compatible | hardFloor=Incompatible","The complete packaged loop demonstrates Single-Side High-Knee Pulls with Hop as named.","secondaryCanonicalGroups: [""ShoulderAdductorsAndExtensors"",""ScapularGirdle"",""MedialAndDeepKneeExtensors"",""LateralKneeExtensors"",""CalfDeepPosteriorLegAndPlantarFoot"",""Soleus"",""BreathingMuscles""] => [""ShoulderAdductorsAndExtensors"",""ScapularGirdle"",""MedialAndDeepKneeExtensors"",""LateralKneeExtensors"",""CalfDeepPosteriorLegAndPlantarFoot"",""Soleus"",""BreathingMuscles"",""PelvicFloorAndPerineum""]","Associations were trimmed to meaningful visible mechanics; pelvic-floor involvement is retained only as evidence-supported secondary work for gait, single-leg support, or impact.","PASS","PASS","PASS","PASS","PASS","PASS","PASS or not applicable","PASS"
"477","PASS","Feet-Together Head Nods","Feet-Together Head Nods","name=Feet-Together Head Nods | demand=0 | primary=PosteriorNeckAndSuboccipitalMuscles | secondary=[AnteriorLateralNeckAndHyoidMuscles] | practice=Balance and neck mobility | motion=HeadNod | mode=Repetition | presentation=Motion | holdFrame=0 | side=Continuous | direction=None | blocks=[477:None:None:False:Full] | sessionMovement= | insect=Incompatible | hardFloor=Compatible","name=Feet-Together Head Nods | demand=0 | primary=PosteriorNeckAndSuboccipitalMuscles | secondary=[AnteriorLateralNeckAndHyoidMuscles] | practice=Balance and neck mobility | motion=HeadNod | mode=Repetition | presentation=Motion | holdFrame=0 | side=Continuous | direction=None | blocks=[477:None:None:False:Full] | sessionMovement= | insect=Incompatible | hardFloor=Compatible","The complete packaged loop demonstrates Feet-Together Head Nods as named.","None.","Full-loop review found the name, demand, anatomy, structure, and packaged media coherent.","PASS","PASS","PASS","PASS","PASS","PASS","PASS or not applicable","PASS"
"478","CORRECTED","Step-Out Pivot with Thumb Tracking","Step-Out Pivot with Thumb Tracking","name=Step-Out Pivot with Thumb Tracking | demand=1 | primary=CranialMuscles | secondary=[PosteriorNeckAndSuboccipitalMuscles;AnteriorLateralNeckAndHyoidMuscles;DeepHipRotators;HipAbductors;MedialAndDeepKneeExtensors;LateralKneeExtensors] | practice=Vestibular and visual-motor conditioning | motion=StepOutPivotThumbTracking | mode=Repetition | presentation=Motion | holdFrame=0 | side=ScreenLeftThenRight | direction=None | blocks=[478:ScreenLeft:None:False:Full;478:ScreenRight:None:True:Full] | sessionMovement= | insect=Compatible | hardFloor=Compatible","name=Step-Out Pivot with Thumb Tracking | demand=1 | primary=DeepHipRotators | secondary=[CranialMuscles;HipAbductors;MedialAndDeepKneeExtensors;LateralKneeExtensors] | practice=Vestibular and visual-motor conditioning | motion=StepOutPivotThumbTracking | mode=Repetition | presentation=Motion | holdFrame=0 | side=ScreenLeftThenRight | direction=None | blocks=[478:ScreenLeft:None:False:Full;478:ScreenRight:None:True:Full] | sessionMovement= | insect=Compatible | hardFloor=Compatible","The complete packaged loop demonstrates Step-Out Pivot with Thumb Tracking as named.","primaryCanonicalGroup: CranialMuscles => DeepHipRotators | secondaryCanonicalGroups: [""PosteriorNeckAndSuboccipitalMuscles"",""AnteriorLateralNeckAndHyoidMuscles"",""DeepHipRotators"",""HipAbductors"",""MedialAndDeepKneeExtensors"",""LateralKneeExtensors""] => [""CranialMuscles"",""HipAbductors"",""MedialAndDeepKneeExtensors"",""LateralKneeExtensors""]","The squat, lunge, march, or pivot is the principal mechanical action; gaze/neck involvement remains secondary rather than displacing the movement primary.","PASS","PASS","PASS","PASS","PASS","PASS","PASS or not applicable","PASS"
"479","CORRECTED","Cross-Body Punch Jacks","Cross-Body Punch Jacks","name=Cross-Body Punch Jacks | demand=1 | primary=ElbowExtensors | secondary=[Chest;ShoulderAbductors;ScapularGirdle;ForearmFlexorsAndPronators;IntrinsicHand;RotatorCuff;HipAbductors;MajorHipAdductors;AccessoryHipAdductors;CalfDeepPosteriorLegAndPlantarFoot;Soleus;BreathingMuscles] | practice=Boxing cardio conditioning | motion=CrossBodyPunchJack | mode=Repetition | presentation=Motion | holdFrame=0 | side=Alternating | direction=None | blocks=[479:None:None:False:Full] | sessionMovement= | insect=Compatible | hardFloor=Incompatible","name=Cross-Body Punch Jacks | demand=1 | primary=ElbowExtensors | secondary=[Chest;ShoulderAbductors;ScapularGirdle;HipAbductors;MajorHipAdductors;CalfDeepPosteriorLegAndPlantarFoot] | practice=Boxing cardio conditioning | motion=CrossBodyPunchJack | mode=Repetition | presentation=Motion | holdFrame=0 | side=Alternating | direction=None | blocks=[479:None:None:False:Full] | sessionMovement= | insect=Compatible | hardFloor=Incompatible","The complete packaged loop demonstrates Cross-Body Punch Jacks as named.","secondaryCanonicalGroups: [""Chest"",""ShoulderAbductors"",""ScapularGirdle"",""ForearmFlexorsAndPronators"",""IntrinsicHand"",""RotatorCuff"",""HipAbductors"",""MajorHipAdductors"",""AccessoryHipAdductors"",""CalfDeepPosteriorLegAndPlantarFoot"",""Soleus"",""BreathingMuscles""] => [""Chest"",""ShoulderAbductors"",""ScapularGirdle"",""HipAbductors"",""MajorHipAdductors"",""CalfDeepPosteriorLegAndPlantarFoot""]","The full loop supports the named movement, but inherited or duplicative secondary associations were removed so only meaningful involvement remains.","PASS","PASS","PASS","PASS","PASS","PASS","PASS or not applicable","PASS"
"480","CORRECTED","Three-Part Arm Inhale with Forceful Fold Exhale","Three-Part Arm Inhale with Forceful Fold Exhale","name=Three-Part Arm Inhale with Forceful Fold Exhale | demand=0 | primary=BreathingMuscles | secondary=[ShoulderAbductors;ScapularGirdle;PosteriorThighAndKneeFlexors] | practice=Breath-led yoga | motion=BreathOfJoyFlow | mode=Repetition | presentation=Motion | holdFrame=0 | side=Continuous | direction=None | blocks=[480:None:None:False:Full] | sessionMovement= | insect=Incompatible | hardFloor=Compatible","name=Three-Part Arm Inhale with Forceful Fold Exhale | demand=0 | primary=ShoulderAbductors | secondary=[ScapularGirdle;PosteriorThighAndKneeFlexors;BreathingMuscles] | practice=Breath-led yoga | motion=BreathOfJoyFlow | mode=Repetition | presentation=Motion | holdFrame=0 | side=Continuous | direction=None | blocks=[480:None:None:False:Full] | sessionMovement= | insect=Incompatible | hardFloor=Compatible","The complete packaged loop demonstrates Three-Part Arm Inhale with Forceful Fold Exhale as named.","primaryCanonicalGroup: BreathingMuscles => ShoulderAbductors | secondaryCanonicalGroups: [""ShoulderAbductors"",""ScapularGirdle"",""PosteriorThighAndKneeFlexors""] => [""ScapularGirdle"",""PosteriorThighAndKneeFlexors"",""BreathingMuscles""]","The visible gross movement, not breathing itself, is the principal mechanical action; breathing remains secondary only when meaningfully demonstrated.","PASS","PASS","PASS","PASS","PASS","PASS","PASS or not applicable","PASS"
"481","PASS","Head Glide Side to Side","Head Glide Side to Side","name=Head Glide Side to Side | demand=0 | primary=AnteriorLateralNeckAndHyoidMuscles | secondary=[PosteriorNeckAndSuboccipitalMuscles] | practice=Active neck mobility | motion=HeadGlide | mode=Repetition | presentation=Motion | holdFrame=0 | side=Continuous | direction=None | blocks=[481:None:None:False:Full] | sessionMovement= | insect=Incompatible | hardFloor=Compatible","name=Head Glide Side to Side | demand=0 | primary=AnteriorLateralNeckAndHyoidMuscles | secondary=[PosteriorNeckAndSuboccipitalMuscles] | practice=Active neck mobility | motion=HeadGlide | mode=Repetition | presentation=Motion | holdFrame=0 | side=Continuous | direction=None | blocks=[481:None:None:False:Full] | sessionMovement= | insect=Incompatible | hardFloor=Compatible","The complete packaged loop demonstrates Head Glide Side to Side as named.","None.","Full-loop review found the name, demand, anatomy, structure, and packaged media coherent.","PASS","PASS","PASS","PASS","PASS","PASS","PASS or not applicable","PASS"
"482","PASS","Feet-Together Head Tilts","Feet-Together Head Tilts","name=Feet-Together Head Tilts | demand=0 | primary=AnteriorLateralNeckAndHyoidMuscles | secondary=[PosteriorNeckAndSuboccipitalMuscles] | practice=Balance and neck mobility | motion=HeadTilt | mode=Repetition | presentation=Motion | holdFrame=0 | side=Continuous | direction=None | blocks=[482:None:None:False:Full] | sessionMovement= | insect=Incompatible | hardFloor=Compatible","name=Feet-Together Head Tilts | demand=0 | primary=AnteriorLateralNeckAndHyoidMuscles | secondary=[PosteriorNeckAndSuboccipitalMuscles] | practice=Balance and neck mobility | motion=HeadTilt | mode=Repetition | presentation=Motion | holdFrame=0 | side=Continuous | direction=None | blocks=[482:None:None:False:Full] | sessionMovement= | insect=Incompatible | hardFloor=Compatible","The complete packaged loop demonstrates Feet-Together Head Tilts as named.","None.","Full-loop review found the name, demand, anatomy, structure, and packaged media coherent.","PASS","PASS","PASS","PASS","PASS","PASS","PASS or not applicable","PASS"
"483","PASS","Standing Diagonal Head Turns","Standing Diagonal Head Turns","name=Standing Diagonal Head Turns | demand=0 | primary=PosteriorNeckAndSuboccipitalMuscles | secondary=[AnteriorLateralNeckAndHyoidMuscles] | practice=Active neck mobility | motion=DiagonalHeadTurn | mode=Repetition | presentation=Motion | holdFrame=0 | side=Continuous | direction=None | blocks=[483:None:None:False:Full] | sessionMovement= | insect=Incompatible | hardFloor=Compatible","name=Standing Diagonal Head Turns | demand=0 | primary=PosteriorNeckAndSuboccipitalMuscles | secondary=[AnteriorLateralNeckAndHyoidMuscles] | practice=Active neck mobility | motion=DiagonalHeadTurn | mode=Repetition | presentation=Motion | holdFrame=0 | side=Continuous | direction=None | blocks=[483:None:None:False:Full] | sessionMovement= | insect=Incompatible | hardFloor=Compatible","The complete packaged loop demonstrates Standing Diagonal Head Turns as named.","None.","Full-loop review found the name, demand, anatomy, structure, and packaged media coherent.","PASS","PASS","PASS","PASS","PASS","PASS","PASS or not applicable","PASS"
"484","CORRECTED","Goddess Squat with Lion's Breath","Goddess Squat with Lion's Breath","name=Goddess Squat with Lion's Breath | demand=2 | primary=BreathingMuscles | secondary=[CranialMuscles;AbdominalWall;MajorHipAdductors;DeepHipRotators;GlutealExtensors;MedialAndDeepKneeExtensors;LateralKneeExtensors;ShoulderAbductors;RotatorCuff;ScapularGirdle] | practice=Yoga breathing | motion=GoddessSquatLionsBreath | mode=Repetition | presentation=Motion | holdFrame=0 | side=Continuous | direction=None | blocks=[484:None:None:False:Full] | sessionMovement= | insect=Incompatible | hardFloor=Compatible","name=Goddess Squat with Lion's Breath | demand=2 | primary=MajorHipAdductors | secondary=[MedialAndDeepKneeExtensors;LateralKneeExtensors;GlutealExtensors;ShoulderAbductors;AbdominalWall;CranialMuscles;BreathingMuscles] | practice=Yoga breathing | motion=GoddessSquatLionsBreath | mode=Repetition | presentation=Motion | holdFrame=0 | side=Continuous | direction=None | blocks=[484:None:None:False:Full] | sessionMovement= | insect=Incompatible | hardFloor=Compatible","The complete packaged loop demonstrates Goddess Squat with Lion's Breath as named.","primaryCanonicalGroup: BreathingMuscles => MajorHipAdductors | secondaryCanonicalGroups: [""CranialMuscles"",""AbdominalWall"",""MajorHipAdductors"",""DeepHipRotators"",""GlutealExtensors"",""MedialAndDeepKneeExtensors"",""LateralKneeExtensors"",""ShoulderAbductors"",""RotatorCuff"",""ScapularGirdle""] => [""MedialAndDeepKneeExtensors"",""LateralKneeExtensors"",""GlutealExtensors"",""ShoulderAbductors"",""AbdominalWall"",""CranialMuscles"",""BreathingMuscles""]","The visible gross movement, not breathing itself, is the principal mechanical action; breathing remains secondary only when meaningfully demonstrated.","PASS","PASS","PASS","PASS","PASS","PASS","PASS or not applicable","PASS"
"485","PASS","Cupped-Palm Armpit Tapping","Cupped-Palm Armpit Tapping","name=Cupped-Palm Armpit Tapping | demand=1 | primary=ShoulderAbductors | secondary=[ScapularGirdle;RotatorCuff] | practice=Eight Nests qigong | motion=ArmpitCuppedPalmTapping | mode=Repetition | presentation=Motion | holdFrame=0 | side=ScreenLeftThenRight | direction=None | blocks=[485:ScreenLeft:None:False:Full;485:ScreenRight:None:True:Full] | sessionMovement= | insect=Incompatible | hardFloor=Compatible","name=Cupped-Palm Armpit Tapping | demand=1 | primary=ShoulderAbductors | secondary=[ScapularGirdle;RotatorCuff] | practice=Eight Nests qigong | motion=ArmpitCuppedPalmTapping | mode=Repetition | presentation=Motion | holdFrame=0 | side=ScreenLeftThenRight | direction=None | blocks=[485:ScreenLeft:None:False:Full;485:ScreenRight:None:True:Full] | sessionMovement= | insect=Incompatible | hardFloor=Compatible","The complete packaged loop demonstrates Cupped-Palm Armpit Tapping as named.","None.","Full-loop review found the name, demand, anatomy, structure, and packaged media coherent.","PASS","PASS","PASS","PASS","PASS","PASS","PASS or not applicable","PASS"
"486","PASS","Bent-Over Back-of-Knee Tapping","Bent-Over Back-of-Knee Tapping","name=Bent-Over Back-of-Knee Tapping | demand=1 | primary=SpinalExtensors | secondary=[DeepAndIntersegmentalBack;PosteriorThighAndKneeFlexors] | practice=Eight Nests qigong | motion=BentOverBackOfKneeTapping | mode=Repetition | presentation=Motion | holdFrame=0 | side=Continuous | direction=None | blocks=[486:None:None:False:Full] | sessionMovement= | insect=Incompatible | hardFloor=Compatible","name=Bent-Over Back-of-Knee Tapping | demand=1 | primary=SpinalExtensors | secondary=[DeepAndIntersegmentalBack;PosteriorThighAndKneeFlexors] | practice=Eight Nests qigong | motion=BentOverBackOfKneeTapping | mode=Repetition | presentation=Motion | holdFrame=0 | side=Continuous | direction=None | blocks=[486:None:None:False:Full] | sessionMovement= | insect=Incompatible | hardFloor=Compatible","The complete packaged loop demonstrates Bent-Over Back-of-Knee Tapping as named.","None.","Full-loop review found the name, demand, anatomy, structure, and packaged media coherent.","PASS","PASS","PASS","PASS","PASS","PASS","PASS or not applicable","PASS"
"487","CORRECTED","Squat-Jack Uppercuts","Squat-Jack Uppercuts","name=Squat-Jack Uppercuts | demand=2 | primary=MedialAndDeepKneeExtensors | secondary=[ElbowFlexors;LateralKneeExtensors;GlutealExtensors;MajorHipAdductors;AccessoryHipAdductors;HipAbductors;CalfDeepPosteriorLegAndPlantarFoot;Soleus;Chest;ScapularGirdle;AbdominalWall;BreathingMuscles] | practice=Bodyweight cardio boxing | motion=SquatJackUppercut | mode=Repetition | presentation=Motion | holdFrame=0 | side=Alternating | direction=None | blocks=[487:None:None:False:Full] | sessionMovement= | insect=Compatible | hardFloor=Incompatible","name=Squat-Jack Uppercuts | demand=2 | primary=MedialAndDeepKneeExtensors | secondary=[LateralKneeExtensors;GlutealExtensors;MajorHipAdductors;HipAbductors;CalfDeepPosteriorLegAndPlantarFoot;ElbowFlexors;AbdominalWall] | practice=Bodyweight cardio boxing | motion=SquatJackUppercut | mode=Repetition | presentation=Motion | holdFrame=0 | side=Alternating | direction=None | blocks=[487:None:None:False:Full] | sessionMovement= | insect=Compatible | hardFloor=Incompatible","The complete packaged loop demonstrates Squat-Jack Uppercuts as named.","secondaryCanonicalGroups: [""ElbowFlexors"",""LateralKneeExtensors"",""GlutealExtensors"",""MajorHipAdductors"",""AccessoryHipAdductors"",""HipAbductors"",""CalfDeepPosteriorLegAndPlantarFoot"",""Soleus"",""Chest"",""ScapularGirdle"",""AbdominalWall"",""BreathingMuscles""] => [""LateralKneeExtensors"",""GlutealExtensors"",""MajorHipAdductors"",""HipAbductors"",""CalfDeepPosteriorLegAndPlantarFoot"",""ElbowFlexors"",""AbdominalWall""]","The full loop supports the named movement, but inherited or duplicative secondary associations were removed so only meaningful involvement remains.","PASS","PASS","PASS","PASS","PASS","PASS","PASS or not applicable","PASS"
"488","CORRECTED","Single-Leg Vertical Jump with Stick Landing","Single-Leg Vertical Jump with Stick Landing","name=Single-Leg Vertical Jump with Stick Landing | demand=2 | primary=CalfDeepPosteriorLegAndPlantarFoot | secondary=[Soleus;GlutealExtensors;PosteriorThighAndKneeFlexors;MedialAndDeepKneeExtensors;LateralKneeExtensors;HipAbductors] | practice=Plyometric landing mechanics | motion=SingleLegVerticalJumpStickLanding | mode=Repetition | presentation=Motion | holdFrame=0 | side=ScreenLeftThenRight | direction=None | blocks=[488:ScreenLeft:None:False:Full;488:ScreenRight:None:True:Full] | sessionMovement= | insect=Incompatible | hardFloor=Incompatible","name=Single-Leg Vertical Jump with Stick Landing | demand=2 | primary=CalfDeepPosteriorLegAndPlantarFoot | secondary=[Soleus;GlutealExtensors;PosteriorThighAndKneeFlexors;MedialAndDeepKneeExtensors;LateralKneeExtensors;HipAbductors;PelvicFloorAndPerineum] | practice=Plyometric landing mechanics | motion=SingleLegVerticalJumpStickLanding | mode=Repetition | presentation=Motion | holdFrame=0 | side=ScreenLeftThenRight | direction=None | blocks=[488:ScreenLeft:None:False:Full;488:ScreenRight:None:True:Full] | sessionMovement= | insect=Incompatible | hardFloor=Incompatible","The complete packaged loop demonstrates Single-Leg Vertical Jump with Stick Landing as named.","secondaryCanonicalGroups: [""Soleus"",""GlutealExtensors"",""PosteriorThighAndKneeFlexors"",""MedialAndDeepKneeExtensors"",""LateralKneeExtensors"",""HipAbductors""] => [""Soleus"",""GlutealExtensors"",""PosteriorThighAndKneeFlexors"",""MedialAndDeepKneeExtensors"",""LateralKneeExtensors"",""HipAbductors"",""PelvicFloorAndPerineum""]","Associations were trimmed to meaningful visible mechanics; pelvic-floor involvement is retained only as evidence-supported secondary work for gait, single-leg support, or impact.","PASS","PASS","PASS","PASS","PASS","PASS","PASS or not applicable","PASS"
"489","PASS","Standing Side-Leg Tapping Roll-Down","Standing Side-Leg Tapping Roll-Down","name=Standing Side-Leg Tapping Roll-Down | demand=0 | primary=SpinalExtensors | secondary=[DeepAndIntersegmentalBack;PosteriorThighAndKneeFlexors;GlutealExtensors] | practice=Qigong body tapping | motion=StandingSideLegTappingRollDown | mode=Repetition | presentation=Motion | holdFrame=0 | side=Continuous | direction=None | blocks=[489:None:None:False:Full] | sessionMovement= | insect=Incompatible | hardFloor=Compatible","name=Standing Side-Leg Tapping Roll-Down | demand=0 | primary=SpinalExtensors | secondary=[DeepAndIntersegmentalBack;PosteriorThighAndKneeFlexors;GlutealExtensors] | practice=Qigong body tapping | motion=StandingSideLegTappingRollDown | mode=Repetition | presentation=Motion | holdFrame=0 | side=Continuous | direction=None | blocks=[489:None:None:False:Full] | sessionMovement= | insect=Incompatible | hardFloor=Compatible","The complete packaged loop demonstrates Standing Side-Leg Tapping Roll-Down as named.","None.","Full-loop review found the name, demand, anatomy, structure, and packaged media coherent.","PASS","PASS","PASS","PASS","PASS","PASS","PASS or not applicable","PASS"
"490","PASS","Track One Thumb Side to Side","Track One Thumb Side to Side","name=Track One Thumb Side to Side | demand=0 | primary=CranialMuscles | secondary=[] | practice=Oculomotor rehabilitation | motion=EyeTracking | mode=Repetition | presentation=Motion | holdFrame=0 | side=Continuous | direction=None | blocks=[490:None:None:False:Full] | sessionMovement= | insect=Incompatible | hardFloor=Compatible","name=Track One Thumb Side to Side | demand=0 | primary=CranialMuscles | secondary=[] | practice=Oculomotor rehabilitation | motion=EyeTracking | mode=Repetition | presentation=Motion | holdFrame=0 | side=Continuous | direction=None | blocks=[490:None:None:False:Full] | sessionMovement= | insect=Incompatible | hardFloor=Compatible","The complete packaged loop demonstrates Track One Thumb Side to Side as named.","None.","Full-loop review found the name, demand, anatomy, structure, and packaged media coherent.","PASS","PASS","PASS","PASS","PASS","PASS","PASS or not applicable","PASS"
"491","PASS","Keep Eyes on Thumb While Nodding","Keep Eyes on Thumb While Nodding","name=Keep Eyes on Thumb While Nodding | demand=0 | primary=CranialMuscles | secondary=[PosteriorNeckAndSuboccipitalMuscles;AnteriorLateralNeckAndHyoidMuscles] | practice=Vestibular rehabilitation | motion=GazeStabilityHeadNod | mode=Repetition | presentation=Motion | holdFrame=0 | side=Continuous | direction=None | blocks=[491:None:None:False:Full;501:None:None:False:Full] | sessionMovement= | insect=Incompatible | hardFloor=Compatible","name=Keep Eyes on Thumb While Nodding | demand=0 | primary=CranialMuscles | secondary=[PosteriorNeckAndSuboccipitalMuscles;AnteriorLateralNeckAndHyoidMuscles] | practice=Vestibular rehabilitation | motion=GazeStabilityHeadNod | mode=Repetition | presentation=Motion | holdFrame=0 | side=Continuous | direction=None | blocks=[491:None:None:False:Full;501:None:None:False:Full] | sessionMovement= | insect=Incompatible | hardFloor=Compatible","The complete packaged loop demonstrates Keep Eyes on Thumb While Nodding as named.","None.","Full-loop review found the name, demand, anatomy, structure, and packaged media coherent.","PASS","PASS","PASS","PASS","PASS","PASS","PASS or not applicable","PASS"
"492","PASS","Track One Thumb Up and Down","Track One Thumb Up and Down","name=Track One Thumb Up and Down | demand=0 | primary=CranialMuscles | secondary=[] | practice=Oculomotor rehabilitation | motion=EyeTracking | mode=Repetition | presentation=Motion | holdFrame=0 | side=Continuous | direction=None | blocks=[492:None:None:False:Full] | sessionMovement= | insect=Incompatible | hardFloor=Compatible","name=Track One Thumb Up and Down | demand=0 | primary=CranialMuscles | secondary=[] | practice=Oculomotor rehabilitation | motion=EyeTracking | mode=Repetition | presentation=Motion | holdFrame=0 | side=Continuous | direction=None | blocks=[492:None:None:False:Full] | sessionMovement= | insect=Incompatible | hardFloor=Compatible","The complete packaged loop demonstrates Track One Thumb Up and Down as named.","None.","Full-loop review found the name, demand, anatomy, structure, and packaged media coherent.","PASS","PASS","PASS","PASS","PASS","PASS","PASS or not applicable","PASS"
"493","PASS","Track Finger Upper-Right to Lower-Left","Track Finger Upper-Right to Lower-Left","name=Track Finger Upper-Right to Lower-Left | demand=0 | primary=CranialMuscles | secondary=[] | practice=Oculomotor rehabilitation | motion=EyeTracking | mode=Repetition | presentation=Motion | holdFrame=0 | side=Continuous | direction=None | blocks=[493:None:None:False:Full] | sessionMovement= | insect=Incompatible | hardFloor=Compatible","name=Track Finger Upper-Right to Lower-Left | demand=0 | primary=CranialMuscles | secondary=[] | practice=Oculomotor rehabilitation | motion=EyeTracking | mode=Repetition | presentation=Motion | holdFrame=0 | side=Continuous | direction=None | blocks=[493:None:None:False:Full] | sessionMovement= | insect=Incompatible | hardFloor=Compatible","The complete packaged loop demonstrates Track Finger Upper-Right to Lower-Left as named.","None.","Full-loop review found the name, demand, anatomy, structure, and packaged media coherent.","PASS","PASS","PASS","PASS","PASS","PASS","PASS or not applicable","PASS"
"494","PASS","Front Clap with Backward Arm Swing","Front Clap with Backward Arm Swing","name=Front Clap with Backward Arm Swing | demand=1 | primary=ShoulderAdductorsAndExtensors | secondary=[] | practice=Shoulder mobility | motion=FrontClapBackwardArmSwing | mode=Repetition | presentation=Motion | holdFrame=0 | side=Continuous | direction=None | blocks=[494:None:None:False:Full] | sessionMovement= | insect=Incompatible | hardFloor=Compatible","name=Front Clap with Backward Arm Swing | demand=1 | primary=ShoulderAdductorsAndExtensors | secondary=[] | practice=Shoulder mobility | motion=FrontClapBackwardArmSwing | mode=Repetition | presentation=Motion | holdFrame=0 | side=Continuous | direction=None | blocks=[494:None:None:False:Full] | sessionMovement= | insect=Incompatible | hardFloor=Compatible","The complete packaged loop demonstrates Front Clap with Backward Arm Swing as named.","None.","Full-loop review found the name, demand, anatomy, structure, and packaged media coherent.","PASS","PASS","PASS","PASS","PASS","PASS","PASS or not applicable","PASS"
"495","PASS","Track Finger Toward and Away from Nose","Track Finger Toward and Away from Nose","name=Track Finger Toward and Away from Nose | demand=0 | primary=CranialMuscles | secondary=[] | practice=Oculomotor rehabilitation | motion=EyeTracking | mode=Repetition | presentation=Motion | holdFrame=0 | side=Continuous | direction=None | blocks=[495:None:None:False:Full] | sessionMovement= | insect=Incompatible | hardFloor=Compatible","name=Track Finger Toward and Away from Nose | demand=0 | primary=CranialMuscles | secondary=[] | practice=Oculomotor rehabilitation | motion=EyeTracking | mode=Repetition | presentation=Motion | holdFrame=0 | side=Continuous | direction=None | blocks=[495:None:None:False:Full] | sessionMovement= | insect=Incompatible | hardFloor=Compatible","The complete packaged loop demonstrates Track Finger Toward and Away from Nose as named.","None.","Full-loop review found the name, demand, anatomy, structure, and packaged media coherent.","PASS","PASS","PASS","PASS","PASS","PASS","PASS or not applicable","PASS"
"496","PASS","Standing Wide-Arm Claps","Standing Wide-Arm Claps","name=Standing Wide-Arm Claps | demand=1 | primary=Chest | secondary=[ScapularGirdle] | practice=Chest and shoulder mobility | motion=WideArmClap | mode=Repetition | presentation=Motion | holdFrame=0 | side=Continuous | direction=None | blocks=[496:None:None:False:Full] | sessionMovement= | insect=Incompatible | hardFloor=Compatible","name=Standing Wide-Arm Claps | demand=1 | primary=Chest | secondary=[ScapularGirdle] | practice=Chest and shoulder mobility | motion=WideArmClap | mode=Repetition | presentation=Motion | holdFrame=0 | side=Continuous | direction=None | blocks=[496:None:None:False:Full] | sessionMovement= | insect=Incompatible | hardFloor=Compatible","The complete packaged loop demonstrates Standing Wide-Arm Claps as named.","None.","Full-loop review found the name, demand, anatomy, structure, and packaged media coherent.","PASS","PASS","PASS","PASS","PASS","PASS","PASS or not applicable","PASS"
"497","PASS","Eyebrow Raise","Eyebrow Raise","name=Eyebrow Raise | demand=0 | primary=CranialMuscles | secondary=[] | practice=Facial movement exercise | motion=EyebrowRaise | mode=Repetition | presentation=Motion | holdFrame=0 | side=Continuous | direction=None | blocks=[497:None:None:False:Full] | sessionMovement= | insect=Incompatible | hardFloor=Compatible","name=Eyebrow Raise | demand=0 | primary=CranialMuscles | secondary=[] | practice=Facial movement exercise | motion=EyebrowRaise | mode=Repetition | presentation=Motion | holdFrame=0 | side=Continuous | direction=None | blocks=[497:None:None:False:Full] | sessionMovement= | insect=Incompatible | hardFloor=Compatible","The complete packaged loop demonstrates Eyebrow Raise as named.","None.","Full-loop review found the name, demand, anatomy, structure, and packaged media coherent.","PASS","PASS","PASS","PASS","PASS","PASS","PASS or not applicable","PASS"
"498","PASS","Firm Eye Closure","Firm Eye Closure","name=Firm Eye Closure | demand=0 | primary=CranialMuscles | secondary=[] | practice=Facial movement exercise | motion=FirmEyeClosure | mode=Repetition | presentation=Motion | holdFrame=0 | side=Continuous | direction=None | blocks=[498:None:None:False:Full] | sessionMovement= | insect=Incompatible | hardFloor=Compatible","name=Firm Eye Closure | demand=0 | primary=CranialMuscles | secondary=[] | practice=Facial movement exercise | motion=FirmEyeClosure | mode=Repetition | presentation=Motion | holdFrame=0 | side=Continuous | direction=None | blocks=[498:None:None:False:Full] | sessionMovement= | insect=Incompatible | hardFloor=Compatible","The complete packaged loop demonstrates Firm Eye Closure as named.","None.","Full-loop review found the name, demand, anatomy, structure, and packaged media coherent.","PASS","PASS","PASS","PASS","PASS","PASS","PASS or not applicable","PASS"
"499","PASS","Track Finger in a Near-Far Spiral","Track Finger in a Near-Far Spiral","name=Track Finger in a Near-Far Spiral | demand=0 | primary=CranialMuscles | secondary=[] | practice=Oculomotor rehabilitation | motion=EyeTracking | mode=Repetition | presentation=Motion | holdFrame=0 | side=Continuous | direction=None | blocks=[499:None:None:False:Full] | sessionMovement= | insect=Incompatible | hardFloor=Compatible","name=Track Finger in a Near-Far Spiral | demand=0 | primary=CranialMuscles | secondary=[] | practice=Oculomotor rehabilitation | motion=EyeTracking | mode=Repetition | presentation=Motion | holdFrame=0 | side=Continuous | direction=None | blocks=[499:None:None:False:Full] | sessionMovement= | insect=Incompatible | hardFloor=Compatible","The complete packaged loop demonstrates Track Finger in a Near-Far Spiral as named.","None.","Full-loop review found the name, demand, anatomy, structure, and packaged media coherent.","PASS","PASS","PASS","PASS","PASS","PASS","PASS or not applicable","PASS"
"500","PASS","Straight Jaw Opening","Straight Jaw Opening","name=Straight Jaw Opening | demand=0 | primary=CranialMuscles | secondary=[] | practice=Jaw mobility | motion=JawMotion | mode=Repetition | presentation=Motion | holdFrame=0 | side=Continuous | direction=None | blocks=[500:None:None:False:Full;505:None:None:False:Full;506:None:None:False:Full] | sessionMovement= | insect=Incompatible | hardFloor=Compatible","name=Straight Jaw Opening | demand=0 | primary=CranialMuscles | secondary=[] | practice=Jaw mobility | motion=JawMotion | mode=Repetition | presentation=Motion | holdFrame=0 | side=Continuous | direction=None | blocks=[500:None:None:False:Full;505:None:None:False:Full;506:None:None:False:Full] | sessionMovement= | insect=Incompatible | hardFloor=Compatible","The complete packaged loop demonstrates Straight Jaw Opening as named.","None.","Full-loop review found the name, demand, anatomy, structure, and packaged media coherent.","PASS","PASS","PASS","PASS","PASS","PASS","PASS or not applicable","PASS"
"501","PASS","Keep Eyes on Thumb While Turning Head","Keep Eyes on Thumb While Turning Head","name=Keep Eyes on Thumb While Turning Head | demand=0 | primary=CranialMuscles | secondary=[AnteriorLateralNeckAndHyoidMuscles;PosteriorNeckAndSuboccipitalMuscles] | practice=Vestibular rehabilitation | motion=GazeStabilityHeadTurn | mode=Repetition | presentation=Motion | holdFrame=0 | side=Continuous | direction=None | blocks=[] | sessionMovement= | insect=Incompatible | hardFloor=Compatible","name=Keep Eyes on Thumb While Turning Head | demand=0 | primary=CranialMuscles | secondary=[AnteriorLateralNeckAndHyoidMuscles;PosteriorNeckAndSuboccipitalMuscles] | practice=Vestibular rehabilitation | motion=GazeStabilityHeadTurn | mode=Repetition | presentation=Motion | holdFrame=0 | side=Continuous | direction=None | blocks=[] | sessionMovement= | insect=Incompatible | hardFloor=Compatible","The complete packaged loop demonstrates Keep Eyes on Thumb While Turning Head as named.","None.","Full-loop review found the name, demand, anatomy, structure, and packaged media coherent.","PASS","PASS","PASS","PASS","PASS","PASS","PASS or not applicable","PASS"
"502","PASS","Standing Levator-Scapulae Stretch","Standing Levator-Scapulae Stretch","name=Standing Levator-Scapulae Stretch | demand=0 | primary=PosteriorNeckAndSuboccipitalMuscles | secondary=[ScapularGirdle;AnteriorLateralNeckAndHyoidMuscles] | practice=Clinical stretching | motion=NeckStretch | mode=Hold | presentation=Still | holdFrame=50 | side=ScreenLeftThenRight | direction=None | blocks=[502:ScreenLeft:None:False:Full;502:ScreenRight:None:True:Full;503:ScreenLeft:None:False:Full;503:ScreenRight:None:True:Full] | sessionMovement= | insect=Incompatible | hardFloor=Compatible","name=Standing Levator-Scapulae Stretch | demand=0 | primary=PosteriorNeckAndSuboccipitalMuscles | secondary=[ScapularGirdle;AnteriorLateralNeckAndHyoidMuscles] | practice=Clinical stretching | motion=NeckStretch | mode=Hold | presentation=Still | holdFrame=50 | side=ScreenLeftThenRight | direction=None | blocks=[502:ScreenLeft:None:False:Full;502:ScreenRight:None:True:Full;503:ScreenLeft:None:False:Full;503:ScreenRight:None:True:Full] | sessionMovement= | insect=Incompatible | hardFloor=Compatible","The complete packaged loop demonstrates Standing Levator-Scapulae Stretch as named.","None.","Full-loop review found the name, demand, anatomy, structure, and packaged media coherent.","PASS","PASS","PASS","PASS","PASS","PASS","PASS or not applicable","PASS"
"503","PASS","Overhead-Assisted Upper-Trapezius Stretch","Overhead-Assisted Upper-Trapezius Stretch","name=Overhead-Assisted Upper-Trapezius Stretch | demand=0 | primary=PosteriorNeckAndSuboccipitalMuscles | secondary=[ScapularGirdle;AnteriorLateralNeckAndHyoidMuscles] | practice=Clinical stretching | motion=NeckStretch | mode=Hold | presentation=Still | holdFrame=50 | side=ScreenLeftThenRight | direction=None | blocks=[] | sessionMovement= | insect=Incompatible | hardFloor=Compatible","name=Overhead-Assisted Upper-Trapezius Stretch | demand=0 | primary=PosteriorNeckAndSuboccipitalMuscles | secondary=[ScapularGirdle;AnteriorLateralNeckAndHyoidMuscles] | practice=Clinical stretching | motion=NeckStretch | mode=Hold | presentation=Still | holdFrame=50 | side=ScreenLeftThenRight | direction=None | blocks=[] | sessionMovement= | insect=Incompatible | hardFloor=Compatible","The complete packaged loop demonstrates Overhead-Assisted Upper-Trapezius Stretch as named.","None.","Full-loop review found the name, demand, anatomy, structure, and packaged media coherent.","PASS","PASS","PASS","PASS","PASS","PASS","PASS or not applicable","PASS"
"504","PASS","Hands-on-Head Posterior-Neck Stretch","Hands-on-Head Posterior-Neck Stretch","name=Hands-on-Head Posterior-Neck Stretch | demand=0 | primary=PosteriorNeckAndSuboccipitalMuscles | secondary=[AnteriorLateralNeckAndHyoidMuscles] | practice=Clinical stretching | motion=NeckStretch | mode=Hold | presentation=Still | holdFrame=50 | side=Continuous | direction=None | blocks=[504:None:None:False:Full] | sessionMovement= | insect=Incompatible | hardFloor=Compatible","name=Hands-on-Head Posterior-Neck Stretch | demand=0 | primary=PosteriorNeckAndSuboccipitalMuscles | secondary=[AnteriorLateralNeckAndHyoidMuscles] | practice=Clinical stretching | motion=NeckStretch | mode=Hold | presentation=Still | holdFrame=50 | side=Continuous | direction=None | blocks=[504:None:None:False:Full] | sessionMovement= | insect=Incompatible | hardFloor=Compatible","The complete packaged loop demonstrates Hands-on-Head Posterior-Neck Stretch as named.","None.","Full-loop review found the name, demand, anatomy, structure, and packaged media coherent.","PASS","PASS","PASS","PASS","PASS","PASS","PASS or not applicable","PASS"
"505","PASS","Jaw Side-to-Side Glides","Jaw Side-to-Side Glides","name=Jaw Side-to-Side Glides | demand=0 | primary=CranialMuscles | secondary=[] | practice=Jaw mobility | motion=JawMotion | mode=Repetition | presentation=Motion | holdFrame=0 | side=Continuous | direction=None | blocks=[] | sessionMovement= | insect=Incompatible | hardFloor=Compatible","name=Jaw Side-to-Side Glides | demand=0 | primary=CranialMuscles | secondary=[] | practice=Jaw mobility | motion=JawMotion | mode=Repetition | presentation=Motion | holdFrame=0 | side=Continuous | direction=None | blocks=[] | sessionMovement= | insect=Incompatible | hardFloor=Compatible","The complete packaged loop demonstrates Jaw Side-to-Side Glides as named.","None.","Full-loop review found the name, demand, anatomy, structure, and packaged media coherent.","PASS","PASS","PASS","PASS","PASS","PASS","PASS or not applicable","PASS"
"506","PASS","Jaw Forward Glide and Relax","Jaw Forward Glide and Relax","name=Jaw Forward Glide and Relax | demand=0 | primary=CranialMuscles | secondary=[] | practice=Jaw mobility | motion=JawMotion | mode=Repetition | presentation=Motion | holdFrame=0 | side=Continuous | direction=None | blocks=[] | sessionMovement= | insect=Incompatible | hardFloor=Compatible","name=Jaw Forward Glide and Relax | demand=0 | primary=CranialMuscles | secondary=[] | practice=Jaw mobility | motion=JawMotion | mode=Repetition | presentation=Motion | holdFrame=0 | side=Continuous | direction=None | blocks=[] | sessionMovement= | insect=Incompatible | hardFloor=Compatible","The complete packaged loop demonstrates Jaw Forward Glide and Relax as named.","None.","Full-loop review found the name, demand, anatomy, structure, and packaged media coherent.","PASS","PASS","PASS","PASS","PASS","PASS","PASS or not applicable","PASS"
"507","PASS","Single-Side Knee Raise with Elbow Pull","Single-Side Knee Raise with Elbow Pull","name=Single-Side Knee Raise with Elbow Pull | demand=1 | primary=ScapularGirdle | secondary=[ShoulderAdductorsAndExtensors;ElbowFlexors;HipFlexors;AbdominalWall] | practice=Standing upper-back conditioning | motion=KneeRaiseElbowPull | mode=Repetition | presentation=Motion | holdFrame=0 | side=ScreenRightThenLeft | direction=None | blocks=[507:ScreenRight:None:False:Full;507:ScreenLeft:None:True:Full] | sessionMovement= | insect=Compatible | hardFloor=Compatible","name=Single-Side Knee Raise with Elbow Pull | demand=1 | primary=ScapularGirdle | secondary=[ShoulderAdductorsAndExtensors;ElbowFlexors;HipFlexors;AbdominalWall] | practice=Standing upper-back conditioning | motion=KneeRaiseElbowPull | mode=Repetition | presentation=Motion | holdFrame=0 | side=ScreenRightThenLeft | direction=None | blocks=[507:ScreenRight:None:False:Full;507:ScreenLeft:None:True:Full] | sessionMovement= | insect=Compatible | hardFloor=Compatible","The complete packaged loop demonstrates Single-Side Knee Raise with Elbow Pull as named.","None.","Full-loop review found the name, demand, anatomy, structure, and packaged media coherent.","PASS","PASS","PASS","PASS","PASS","PASS","PASS or not applicable","PASS"
"508","PASS","Side-Step with Two-Arm Overhead Reach","Side-Step with Two-Arm Overhead Reach","name=Side-Step with Two-Arm Overhead Reach | demand=1 | primary=ShoulderAbductors | secondary=[ScapularGirdle;HipAbductors;CalfDeepPosteriorLegAndPlantarFoot;AnteriorLateralLowerLegAndDorsalFoot;AbdominalWall] | practice=Standing upper-body conditioning | motion=SideStepOverheadReach | mode=Repetition | presentation=Motion | holdFrame=0 | side=Alternating | direction=None | blocks=[508:None:None:False:Full] | sessionMovement= | insect=Compatible | hardFloor=Compatible","name=Side-Step with Two-Arm Overhead Reach | demand=1 | primary=ShoulderAbductors | secondary=[ScapularGirdle;HipAbductors;CalfDeepPosteriorLegAndPlantarFoot;AnteriorLateralLowerLegAndDorsalFoot;AbdominalWall] | practice=Standing upper-body conditioning | motion=SideStepOverheadReach | mode=Repetition | presentation=Motion | holdFrame=0 | side=Alternating | direction=None | blocks=[508:None:None:False:Full] | sessionMovement= | insect=Compatible | hardFloor=Compatible","The complete packaged loop demonstrates Side-Step with Two-Arm Overhead Reach as named.","None.","Full-loop review found the name, demand, anatomy, structure, and packaged media coherent.","PASS","PASS","PASS","PASS","PASS","PASS","PASS or not applicable","PASS"
"509","PASS","Split-Stance Lunge Pulse with Overhead Reach","Split-Stance Lunge Pulse with Overhead Reach","name=Split-Stance Lunge Pulse with Overhead Reach | demand=2 | primary=MedialAndDeepKneeExtensors | secondary=[LateralKneeExtensors;GlutealExtensors;CalfDeepPosteriorLegAndPlantarFoot;ShoulderAbductors;AbdominalWall] | practice=Standing bodyweight conditioning | motion=LungePulse | mode=Repetition | presentation=Motion | holdFrame=0 | side=ScreenLeftThenRight | direction=None | blocks=[509:ScreenLeft:None:False:Full;509:ScreenRight:None:True:Full] | sessionMovement= | insect=Incompatible | hardFloor=Compatible","name=Split-Stance Lunge Pulse with Overhead Reach | demand=2 | primary=MedialAndDeepKneeExtensors | secondary=[LateralKneeExtensors;GlutealExtensors;CalfDeepPosteriorLegAndPlantarFoot;ShoulderAbductors;AbdominalWall] | practice=Standing bodyweight conditioning | motion=LungePulse | mode=Repetition | presentation=Motion | holdFrame=0 | side=ScreenLeftThenRight | direction=None | blocks=[509:ScreenLeft:None:False:Full;509:ScreenRight:None:True:Full] | sessionMovement= | insect=Incompatible | hardFloor=Compatible","The complete packaged loop demonstrates Split-Stance Lunge Pulse with Overhead Reach as named.","None.","Full-loop review found the name, demand, anatomy, structure, and packaged media coherent.","PASS","PASS","PASS","PASS","PASS","PASS","PASS or not applicable","PASS"
"510","PASS","Clasped-Hands Chest-Opening Forward-Fold Hold","Clasped-Hands Chest-Opening Forward-Fold Hold","name=Clasped-Hands Chest-Opening Forward-Fold Hold | demand=0 | primary=PosteriorThighAndKneeFlexors | secondary=[Chest;ShoulderAdductorsAndExtensors;SpinalExtensors] | practice=Standing bodyweight conditioning | motion=ForwardFold | mode=Hold | presentation=Still | holdFrame=80 | side=Continuous | direction=None | blocks=[510:None:None:False:Full] | sessionMovement= | insect=Incompatible | hardFloor=Compatible","name=Clasped-Hands Chest-Opening Forward-Fold Hold | demand=0 | primary=PosteriorThighAndKneeFlexors | secondary=[Chest;ShoulderAdductorsAndExtensors;SpinalExtensors] | practice=Standing bodyweight conditioning | motion=ForwardFold | mode=Hold | presentation=Still | holdFrame=80 | side=Continuous | direction=None | blocks=[510:None:None:False:Full] | sessionMovement= | insect=Incompatible | hardFloor=Compatible","The complete packaged loop demonstrates Clasped-Hands Chest-Opening Forward-Fold Hold as named.","None.","Full-loop review found the name, demand, anatomy, structure, and packaged media coherent.","PASS","PASS","PASS","PASS","PASS","PASS","PASS or not applicable","PASS"
"511","PASS","Lip Pucker","Lip Pucker","name=Lip Pucker | demand=0 | primary=CranialMuscles | secondary=[] | practice=Facial movement exercise | motion=LipPucker | mode=Repetition | presentation=Motion | holdFrame=0 | side=Continuous | direction=None | blocks=[511:None:None:False:Full] | sessionMovement= | insect=Incompatible | hardFloor=Compatible","name=Lip Pucker | demand=0 | primary=CranialMuscles | secondary=[] | practice=Facial movement exercise | motion=LipPucker | mode=Repetition | presentation=Motion | holdFrame=0 | side=Continuous | direction=None | blocks=[511:None:None:False:Full] | sessionMovement= | insect=Incompatible | hardFloor=Compatible","The complete packaged loop demonstrates Lip Pucker as named.","None.","Full-loop review found the name, demand, anatomy, structure, and packaged media coherent.","PASS","PASS","PASS","PASS","PASS","PASS","PASS or not applicable","PASS"
"512","PASS","Standing Upper-Back and Neck Hug Stretch","Standing Upper-Back and Neck Hug Stretch","name=Standing Upper-Back and Neck Hug Stretch | demand=0 | primary=PosteriorNeckAndSuboccipitalMuscles | secondary=[SpinalExtensors;DeepAndIntersegmentalBack] | practice=Standing yoga | motion=NeckStretch | mode=Hold | presentation=Still | holdFrame=72 | side=ScreenRightThenLeft | direction=None | blocks=[512:ScreenRight:None:False:Full;512:ScreenLeft:None:True:Full] | sessionMovement= | insect=Incompatible | hardFloor=Compatible","name=Standing Upper-Back and Neck Hug Stretch | demand=0 | primary=PosteriorNeckAndSuboccipitalMuscles | secondary=[SpinalExtensors;DeepAndIntersegmentalBack] | practice=Standing yoga | motion=NeckStretch | mode=Hold | presentation=Still | holdFrame=72 | side=ScreenRightThenLeft | direction=None | blocks=[512:ScreenRight:None:False:Full;512:ScreenLeft:None:True:Full] | sessionMovement= | insect=Incompatible | hardFloor=Compatible","The complete packaged loop demonstrates Standing Upper-Back and Neck Hug Stretch as named.","None.","Full-loop review found the name, demand, anatomy, structure, and packaged media coherent.","PASS","PASS","PASS","PASS","PASS","PASS","PASS or not applicable","PASS"
"513","PASS","Single-Leg Head Nods","Single-Leg Head Nods","name=Single-Leg Head Nods | demand=1 | primary=PosteriorNeckAndSuboccipitalMuscles | secondary=[AnteriorLateralNeckAndHyoidMuscles;HipAbductors;CalfDeepPosteriorLegAndPlantarFoot] | practice=Vestibular rehabilitation | motion=SingleLegHeadNod | mode=Repetition | presentation=Motion | holdFrame=0 | side=ScreenLeftThenRight | direction=None | blocks=[513:ScreenLeft:None:False:Full;513:ScreenRight:None:True:Full] | sessionMovement= | insect=Incompatible | hardFloor=Compatible","name=Single-Leg Head Nods | demand=1 | primary=PosteriorNeckAndSuboccipitalMuscles | secondary=[AnteriorLateralNeckAndHyoidMuscles;HipAbductors;CalfDeepPosteriorLegAndPlantarFoot] | practice=Vestibular rehabilitation | motion=SingleLegHeadNod | mode=Repetition | presentation=Motion | holdFrame=0 | side=ScreenLeftThenRight | direction=None | blocks=[513:ScreenLeft:None:False:Full;513:ScreenRight:None:True:Full] | sessionMovement= | insect=Incompatible | hardFloor=Compatible","The complete packaged loop demonstrates Single-Leg Head Nods as named.","None.","Full-loop review found the name, demand, anatomy, structure, and packaged media coherent.","PASS","PASS","PASS","PASS","PASS","PASS","PASS or not applicable","PASS"
"514","PASS","Symmetric Smile","Symmetric Smile","name=Symmetric Smile | demand=0 | primary=CranialMuscles | secondary=[] | practice=Facial movement exercise | motion=SymmetricSmile | mode=Repetition | presentation=Motion | holdFrame=0 | side=Continuous | direction=None | blocks=[514:None:None:False:Full] | sessionMovement=514 | insect=Incompatible | hardFloor=Compatible","name=Symmetric Smile | demand=0 | primary=CranialMuscles | secondary=[] | practice=Facial movement exercise | motion=SymmetricSmile | mode=Repetition | presentation=Motion | holdFrame=0 | side=Continuous | direction=None | blocks=[514:None:None:False:Full] | sessionMovement=514 | insect=Incompatible | hardFloor=Compatible","The complete packaged loop demonstrates Symmetric Smile as named.","None.","Full-loop review found the name, demand, anatomy, structure, and packaged media coherent.","PASS","PASS","PASS","PASS","PASS","PASS","PASS or not applicable","PASS"
"515","PASS","Mirror One-Eyebrow Isolation Practice","Mirror One-Eyebrow Isolation Practice","name=Mirror One-Eyebrow Isolation Practice | demand=0 | primary=CranialMuscles | secondary=[] | practice=Facial action isolation | motion=OneEyebrowIsolation | mode=Repetition | presentation=Motion | holdFrame=0 | side=Alternating | direction=None | blocks=[515:None:None:False:Full] | sessionMovement= | insect=Incompatible | hardFloor=Compatible","name=Mirror One-Eyebrow Isolation Practice | demand=0 | primary=CranialMuscles | secondary=[] | practice=Facial action isolation | motion=OneEyebrowIsolation | mode=Repetition | presentation=Motion | holdFrame=0 | side=Alternating | direction=None | blocks=[515:None:None:False:Full] | sessionMovement= | insect=Incompatible | hardFloor=Compatible","The complete packaged loop demonstrates Mirror One-Eyebrow Isolation Practice as named.","None.","Full-loop review found the name, demand, anatomy, structure, and packaged media coherent.","PASS","PASS","PASS","PASS","PASS","PASS","PASS or not applicable","PASS"
"516","PASS","Bent-Elbow Shoulder Circles","Bent-Elbow Shoulder Circles","name=Bent-Elbow Shoulder Circles | demand=1 | primary=ScapularGirdle | secondary=[ShoulderAbductors] | practice=Shoulder mobility | motion=BentElbowShoulderCircle | mode=Repetition | presentation=Motion | holdFrame=0 | side=Continuous | direction=None | blocks=[516:None:None:False:Full] | sessionMovement= | insect=Incompatible | hardFloor=Compatible","name=Bent-Elbow Shoulder Circles | demand=1 | primary=ScapularGirdle | secondary=[ShoulderAbductors] | practice=Shoulder mobility | motion=BentElbowShoulderCircle | mode=Repetition | presentation=Motion | holdFrame=0 | side=Continuous | direction=None | blocks=[516:None:None:False:Full] | sessionMovement= | insect=Incompatible | hardFloor=Compatible","The complete packaged loop demonstrates Bent-Elbow Shoulder Circles as named.","None.","Full-loop review found the name, demand, anatomy, structure, and packaged media coherent.","PASS","PASS","PASS","PASS","PASS","PASS","PASS or not applicable","PASS"
"517","CORRECTED","Standing Breath of Joy with Ha Exhale","Standing Breath of Joy with Ha Exhale","name=Standing Breath of Joy with Ha Exhale | demand=0 | primary=BreathingMuscles | secondary=[AbdominalWall;ShoulderAbductors;ShoulderAdductorsAndExtensors;ScapularGirdle;RotatorCuff;SpinalExtensors;DeepAndIntersegmentalBack;GlutealExtensors;PosteriorThighAndKneeFlexors] | practice=Yoga breathing | motion=BreathOfJoyHaExhale | mode=Repetition | presentation=Motion | holdFrame=0 | side=Continuous | direction=None | blocks=[517:None:None:False:Full] | sessionMovement= | insect=Incompatible | hardFloor=Compatible","name=Standing Breath of Joy with Ha Exhale | demand=0 | primary=BreathingMuscles | secondary=[ShoulderAbductors;ShoulderAdductorsAndExtensors;ScapularGirdle;SpinalExtensors;PosteriorThighAndKneeFlexors] | practice=Yoga breathing | motion=BreathOfJoyHaExhale | mode=Repetition | presentation=Motion | holdFrame=0 | side=Continuous | direction=None | blocks=[517:None:None:False:Full] | sessionMovement= | insect=Incompatible | hardFloor=Compatible","The complete packaged loop demonstrates Standing Breath of Joy with Ha Exhale as named.","secondaryCanonicalGroups: [""AbdominalWall"",""ShoulderAbductors"",""ShoulderAdductorsAndExtensors"",""ScapularGirdle"",""RotatorCuff"",""SpinalExtensors"",""DeepAndIntersegmentalBack"",""GlutealExtensors"",""PosteriorThighAndKneeFlexors""] => [""ShoulderAbductors"",""ShoulderAdductorsAndExtensors"",""ScapularGirdle"",""SpinalExtensors"",""PosteriorThighAndKneeFlexors""]","The full loop supports the named movement, but inherited or duplicative secondary associations were removed so only meaningful involvement remains.","PASS","PASS","PASS","PASS","PASS","PASS","PASS or not applicable","PASS"
"518","PASS","Standing Throat Hee Laughter","Standing Throat Hee Laughter","name=Standing Throat Hee Laughter | demand=0 | primary=BreathingMuscles | secondary=[CranialMuscles] | practice=Laughter yoga | motion=ThroatLaughter | mode=Repetition | presentation=Motion | holdFrame=0 | side=Continuous | direction=None | blocks=[518:None:None:False:Full] | sessionMovement= | insect=Incompatible | hardFloor=Compatible","name=Standing Throat Hee Laughter | demand=0 | primary=BreathingMuscles | secondary=[CranialMuscles] | practice=Laughter yoga | motion=ThroatLaughter | mode=Repetition | presentation=Motion | holdFrame=0 | side=Continuous | direction=None | blocks=[518:None:None:False:Full] | sessionMovement= | insect=Incompatible | hardFloor=Compatible","The complete packaged loop demonstrates Standing Throat Hee Laughter as named.","None.","Full-loop review found the name, demand, anatomy, structure, and packaged media coherent.","PASS","PASS","PASS","PASS","PASS","PASS","PASS or not applicable","PASS"
"519","PASS","Standing Yes Pullbacks","Standing Yes Pullbacks","name=Standing Yes Pullbacks | demand=1 | primary=ShoulderAdductorsAndExtensors | secondary=[ElbowFlexors;ScapularGirdle] | practice=Laughter yoga | motion=StandingYesPullback | mode=Repetition | presentation=Motion | holdFrame=0 | side=Continuous | direction=None | blocks=[519:None:None:False:Full] | sessionMovement= | insect=Incompatible | hardFloor=Compatible","name=Standing Yes Pullbacks | demand=1 | primary=ShoulderAdductorsAndExtensors | secondary=[ElbowFlexors;ScapularGirdle] | practice=Laughter yoga | motion=StandingYesPullback | mode=Repetition | presentation=Motion | holdFrame=0 | side=Continuous | direction=None | blocks=[519:None:None:False:Full] | sessionMovement= | insect=Incompatible | hardFloor=Compatible","The complete packaged loop demonstrates Standing Yes Pullbacks as named.","None.","Full-loop review found the name, demand, anatomy, structure, and packaged media coherent.","PASS","PASS","PASS","PASS","PASS","PASS","PASS or not applicable","PASS"
"520","PASS","Mirror Facial-Expression Practice","Mirror Facial-Expression Practice","name=Mirror Facial-Expression Practice | demand=0 | primary=CranialMuscles | secondary=[] | practice=Acting facial-expression control | motion=MirrorFacialExpressionPractice | mode=Repetition | presentation=Motion | holdFrame=0 | side=Continuous | direction=None | blocks=[520:None:None:False:Full] | sessionMovement= | insect=Incompatible | hardFloor=Compatible","name=Mirror Facial-Expression Practice | demand=0 | primary=CranialMuscles | secondary=[] | practice=Acting facial-expression control | motion=MirrorFacialExpressionPractice | mode=Repetition | presentation=Motion | holdFrame=0 | side=Continuous | direction=None | blocks=[520:None:None:False:Full] | sessionMovement= | insect=Incompatible | hardFloor=Compatible","The complete packaged loop demonstrates Mirror Facial-Expression Practice as named.","None.","Full-loop review found the name, demand, anatomy, structure, and packaged media coherent.","PASS","PASS","PASS","PASS","PASS","PASS","PASS or not applicable","PASS"
"521","PASS","Smile at Yourself in the Mirror","Smile at Yourself in the Mirror","name=Smile at Yourself in the Mirror | demand=0 | primary=CranialMuscles | secondary=[] | practice=Facial movement exercise | motion=MirrorSmile | mode=Repetition | presentation=Motion | holdFrame=0 | side=Continuous | direction=None | blocks=[521:None:None:False:Full] | sessionMovement=514 | insect=Incompatible | hardFloor=Compatible","name=Smile at Yourself in the Mirror | demand=0 | primary=CranialMuscles | secondary=[] | practice=Facial movement exercise | motion=MirrorSmile | mode=Repetition | presentation=Motion | holdFrame=0 | side=Continuous | direction=None | blocks=[521:None:None:False:Full] | sessionMovement=514 | insect=Incompatible | hardFloor=Compatible","The complete packaged loop demonstrates Smile at Yourself in the Mirror as named.","None.","Full-loop review found the name, demand, anatomy, structure, and packaged media coherent.","PASS","PASS","PASS","PASS","PASS","PASS","PASS or not applicable","PASS"
"522","PASS","Mirror Tutting Box Sequence","Mirror Tutting Box Sequence","name=Mirror Tutting Box Sequence | demand=1 | primary=IntrinsicHand | secondary=[ForearmFlexorsAndPronators;ForearmExtensorsAndSupinators;ElbowFlexors;ElbowExtensors;ShoulderAbductors;ScapularGirdle;RotatorCuff] | practice=Tutting | motion=TuttingBox | mode=Repetition | presentation=Motion | holdFrame=0 | side=Continuous | direction=None | blocks=[522:None:None:False:Full] | sessionMovement= | insect=Incompatible | hardFloor=Compatible","name=Mirror Tutting Box Sequence | demand=1 | primary=IntrinsicHand | secondary=[ForearmFlexorsAndPronators;ForearmExtensorsAndSupinators;ElbowFlexors;ElbowExtensors;ShoulderAbductors;ScapularGirdle;RotatorCuff] | practice=Tutting | motion=TuttingBox | mode=Repetition | presentation=Motion | holdFrame=0 | side=Continuous | direction=None | blocks=[522:None:None:False:Full] | sessionMovement= | insect=Incompatible | hardFloor=Compatible","The complete packaged loop demonstrates Mirror Tutting Box Sequence as named.","None.","Full-loop review found the name, demand, anatomy, structure, and packaged media coherent.","PASS","PASS","PASS","PASS","PASS","PASS","PASS or not applicable","PASS"
"523","PASS","Mirror Arm-Wave Isolation Practice","Mirror Arm-Wave Isolation Practice","name=Mirror Arm-Wave Isolation Practice | demand=1 | primary=ShoulderAbductors | secondary=[ScapularGirdle;RotatorCuff;ElbowFlexors;ElbowExtensors;ForearmFlexorsAndPronators;ForearmExtensorsAndSupinators;IntrinsicHand] | practice=Popping and waving | motion=ArmWaveIsolation | mode=Repetition | presentation=Motion | holdFrame=0 | side=Continuous | direction=None | blocks=[523:None:None:False:Full] | sessionMovement= | insect=Incompatible | hardFloor=Compatible","name=Mirror Arm-Wave Isolation Practice | demand=1 | primary=ShoulderAbductors | secondary=[ScapularGirdle;RotatorCuff;ElbowFlexors;ElbowExtensors;ForearmFlexorsAndPronators;ForearmExtensorsAndSupinators;IntrinsicHand] | practice=Popping and waving | motion=ArmWaveIsolation | mode=Repetition | presentation=Motion | holdFrame=0 | side=Continuous | direction=None | blocks=[523:None:None:False:Full] | sessionMovement= | insect=Incompatible | hardFloor=Compatible","The complete packaged loop demonstrates Mirror Arm-Wave Isolation Practice as named.","None.","Full-loop review found the name, demand, anatomy, structure, and packaged media coherent.","PASS","PASS","PASS","PASS","PASS","PASS","PASS or not applicable","PASS"
"524","PASS","Mirror Front Double-Biceps Pose Hold","Mirror Front Double-Biceps Pose Hold","name=Mirror Front Double-Biceps Pose Hold | demand=2 | primary=ElbowFlexors | secondary=[ShoulderAbductors;ScapularGirdle;ShoulderAdductorsAndExtensors;Chest;ForearmFlexorsAndPronators;ForearmExtensorsAndSupinators;IntrinsicHand;AbdominalWall;MedialAndDeepKneeExtensors;LateralKneeExtensors;CalfDeepPosteriorLegAndPlantarFoot] | practice=Bodybuilding posing | motion=FrontDoubleBicepsPose | mode=Hold | presentation=Still | holdFrame=33 | side=Continuous | direction=None | blocks=[524:None:None:False:Full] | sessionMovement= | insect=Incompatible | hardFloor=Compatible","name=Mirror Front Double-Biceps Pose Hold | demand=2 | primary=ElbowFlexors | secondary=[ShoulderAbductors;ScapularGirdle;ShoulderAdductorsAndExtensors;Chest;ForearmFlexorsAndPronators;ForearmExtensorsAndSupinators;IntrinsicHand;AbdominalWall;MedialAndDeepKneeExtensors;LateralKneeExtensors;CalfDeepPosteriorLegAndPlantarFoot] | practice=Bodybuilding posing | motion=FrontDoubleBicepsPose | mode=Hold | presentation=Still | holdFrame=33 | side=Continuous | direction=None | blocks=[524:None:None:False:Full] | sessionMovement= | insect=Incompatible | hardFloor=Compatible","The complete packaged loop demonstrates Mirror Front Double-Biceps Pose Hold as named.","None.","Full-loop review found the name, demand, anatomy, structure, and packaged media coherent.","PASS","PASS","PASS","PASS","PASS","PASS","PASS or not applicable","PASS"
"525","PASS","Mirror Front Lat-Spread Pose Hold","Mirror Front Lat-Spread Pose Hold","name=Mirror Front Lat-Spread Pose Hold | demand=2 | primary=ShoulderAdductorsAndExtensors | secondary=[ScapularGirdle;Chest;ShoulderAbductors;RotatorCuff;AbdominalWall;MedialAndDeepKneeExtensors;LateralKneeExtensors;CalfDeepPosteriorLegAndPlantarFoot] | practice=Bodybuilding posing | motion=FrontLatSpreadPose | mode=Hold | presentation=Still | holdFrame=50 | side=Continuous | direction=None | blocks=[525:None:None:False:Full] | sessionMovement= | insect=Incompatible | hardFloor=Compatible","name=Mirror Front Lat-Spread Pose Hold | demand=2 | primary=ShoulderAdductorsAndExtensors | secondary=[ScapularGirdle;Chest;ShoulderAbductors;RotatorCuff;AbdominalWall;MedialAndDeepKneeExtensors;LateralKneeExtensors;CalfDeepPosteriorLegAndPlantarFoot] | practice=Bodybuilding posing | motion=FrontLatSpreadPose | mode=Hold | presentation=Still | holdFrame=50 | side=Continuous | direction=None | blocks=[525:None:None:False:Full] | sessionMovement= | insect=Incompatible | hardFloor=Compatible","The complete packaged loop demonstrates Mirror Front Lat-Spread Pose Hold as named.","None.","Full-loop review found the name, demand, anatomy, structure, and packaged media coherent.","PASS","PASS","PASS","PASS","PASS","PASS","PASS or not applicable","PASS"
"526","PASS","Mirror Side-Chest Pose Hold","Mirror Side-Chest Pose Hold","name=Mirror Side-Chest Pose Hold | demand=2 | primary=Chest | secondary=[ElbowFlexors;ShoulderAdductorsAndExtensors;ShoulderAbductors;ScapularGirdle;ForearmFlexorsAndPronators;AbdominalWall;PosteriorThighAndKneeFlexors;MedialAndDeepKneeExtensors;LateralKneeExtensors;CalfDeepPosteriorLegAndPlantarFoot;Soleus] | practice=Bodybuilding posing | motion=SideChestPose | mode=Hold | presentation=Still | holdFrame=50 | side=ScreenLeftThenRight | direction=None | blocks=[526:ScreenLeft:None:False:Full;526:ScreenRight:None:True:Full] | sessionMovement= | insect=Incompatible | hardFloor=Compatible","name=Mirror Side-Chest Pose Hold | demand=2 | primary=Chest | secondary=[ElbowFlexors;ShoulderAdductorsAndExtensors;ShoulderAbductors;ScapularGirdle;ForearmFlexorsAndPronators;AbdominalWall;PosteriorThighAndKneeFlexors;MedialAndDeepKneeExtensors;LateralKneeExtensors;CalfDeepPosteriorLegAndPlantarFoot;Soleus] | practice=Bodybuilding posing | motion=SideChestPose | mode=Hold | presentation=Still | holdFrame=50 | side=ScreenLeftThenRight | direction=None | blocks=[526:ScreenLeft:None:False:Full;526:ScreenRight:None:True:Full] | sessionMovement= | insect=Incompatible | hardFloor=Compatible","The complete packaged loop demonstrates Mirror Side-Chest Pose Hold as named.","None.","Full-loop review found the name, demand, anatomy, structure, and packaged media coherent.","PASS","PASS","PASS","PASS","PASS","PASS","PASS or not applicable","PASS"
"527","PASS","Mirror Side-Triceps Pose Hold","Mirror Side-Triceps Pose Hold","name=Mirror Side-Triceps Pose Hold | demand=2 | primary=ElbowExtensors | secondary=[ShoulderAdductorsAndExtensors;ShoulderAbductors;ScapularGirdle;Chest;ForearmFlexorsAndPronators;AbdominalWall;PosteriorThighAndKneeFlexors;MedialAndDeepKneeExtensors;LateralKneeExtensors;CalfDeepPosteriorLegAndPlantarFoot;Soleus] | practice=Bodybuilding posing | motion=SideTricepsPose | mode=Hold | presentation=Still | holdFrame=50 | side=ScreenLeftThenRight | direction=None | blocks=[527:ScreenLeft:None:False:Full;527:ScreenRight:None:True:Full] | sessionMovement= | insect=Incompatible | hardFloor=Compatible","name=Mirror Side-Triceps Pose Hold | demand=2 | primary=ElbowExtensors | secondary=[ShoulderAdductorsAndExtensors;ShoulderAbductors;ScapularGirdle;Chest;ForearmFlexorsAndPronators;AbdominalWall;PosteriorThighAndKneeFlexors;MedialAndDeepKneeExtensors;LateralKneeExtensors;CalfDeepPosteriorLegAndPlantarFoot;Soleus] | practice=Bodybuilding posing | motion=SideTricepsPose | mode=Hold | presentation=Still | holdFrame=50 | side=ScreenLeftThenRight | direction=None | blocks=[527:ScreenLeft:None:False:Full;527:ScreenRight:None:True:Full] | sessionMovement= | insect=Incompatible | hardFloor=Compatible","The complete packaged loop demonstrates Mirror Side-Triceps Pose Hold as named.","None.","Full-loop review found the name, demand, anatomy, structure, and packaged media coherent.","PASS","PASS","PASS","PASS","PASS","PASS","PASS or not applicable","PASS"
"528","PASS","Mirror Abdominals-and-Thighs Pose Hold","Mirror Abdominals-and-Thighs Pose Hold","name=Mirror Abdominals-and-Thighs Pose Hold | demand=2 | primary=AbdominalWall | secondary=[HipFlexors;MedialAndDeepKneeExtensors;LateralKneeExtensors;Chest;ShoulderAbductors;ElbowFlexors;CalfDeepPosteriorLegAndPlantarFoot;Soleus] | practice=Bodybuilding posing | motion=AbdominalsAndThighsPose | mode=Hold | presentation=Still | holdFrame=25 | side=Continuous | direction=None | blocks=[528:None:None:False:Full] | sessionMovement= | insect=Incompatible | hardFloor=Compatible","name=Mirror Abdominals-and-Thighs Pose Hold | demand=2 | primary=AbdominalWall | secondary=[HipFlexors;MedialAndDeepKneeExtensors;LateralKneeExtensors;Chest;ShoulderAbductors;ElbowFlexors;CalfDeepPosteriorLegAndPlantarFoot;Soleus] | practice=Bodybuilding posing | motion=AbdominalsAndThighsPose | mode=Hold | presentation=Still | holdFrame=25 | side=Continuous | direction=None | blocks=[528:None:None:False:Full] | sessionMovement= | insect=Incompatible | hardFloor=Compatible","The complete packaged loop demonstrates Mirror Abdominals-and-Thighs Pose Hold as named.","None.","Full-loop review found the name, demand, anatomy, structure, and packaged media coherent.","PASS","PASS","PASS","PASS","PASS","PASS","PASS or not applicable","PASS"
"529","PASS","Alternating Single-Leg Bodyweight Deadlifts","Alternating Single-Leg Bodyweight Deadlifts","name=Alternating Single-Leg Bodyweight Deadlifts | demand=2 | primary=PosteriorThighAndKneeFlexors | secondary=[GlutealExtensors;SpinalExtensors;DeepAndIntersegmentalBack;HipAbductors;CalfDeepPosteriorLegAndPlantarFoot] | practice=Bodyweight conditioning | motion=SingleLegDeadlift | mode=Repetition | presentation=Motion | holdFrame=0 | side=Alternating | direction=None | blocks=[] | sessionMovement= | insect=Compatible | hardFloor=Compatible","name=Alternating Single-Leg Bodyweight Deadlifts | demand=2 | primary=PosteriorThighAndKneeFlexors | secondary=[GlutealExtensors;SpinalExtensors;DeepAndIntersegmentalBack;HipAbductors;CalfDeepPosteriorLegAndPlantarFoot] | practice=Bodyweight conditioning | motion=SingleLegDeadlift | mode=Repetition | presentation=Motion | holdFrame=0 | side=Alternating | direction=None | blocks=[] | sessionMovement= | insect=Compatible | hardFloor=Compatible","The complete packaged loop demonstrates Alternating Single-Leg Bodyweight Deadlifts as named.","None.","Full-loop review found the name, demand, anatomy, structure, and packaged media coherent.","PASS","PASS","PASS","PASS","PASS","PASS","PASS or not applicable","PASS"
"530","CORRECTED","Alternating Standing Lateral Leg Raises","Alternating Standing Lateral Leg Raises","name=Alternating Standing Lateral Leg Raises | demand=1 | primary=PelvicFloorAndPerineum | secondary=[HipAbductors;GlutealExtensors;DeepHipRotators;CalfDeepPosteriorLegAndPlantarFoot] | practice=Bodyweight conditioning | motion=HipAbduction | mode=Repetition | presentation=Motion | holdFrame=0 | side=Alternating | direction=None | blocks=[] | sessionMovement= | insect=Incompatible | hardFloor=Compatible","name=Alternating Standing Lateral Leg Raises | demand=1 | primary=HipAbductors | secondary=[GlutealExtensors;DeepHipRotators] | practice=Bodyweight conditioning | motion=HipAbduction | mode=Repetition | presentation=Motion | holdFrame=0 | side=Alternating | direction=None | blocks=[] | sessionMovement= | insect=Incompatible | hardFloor=Compatible","The complete packaged loop demonstrates Alternating Standing Lateral Leg Raises as named.","primaryCanonicalGroup: PelvicFloorAndPerineum => HipAbductors | secondaryCanonicalGroups: [""HipAbductors"",""GlutealExtensors"",""DeepHipRotators"",""CalfDeepPosteriorLegAndPlantarFoot""] => [""GlutealExtensors"",""DeepHipRotators""]","The primary and secondary anatomy now follow the movement that supplies the visible mechanical demand, with inherited or duplicative associations removed.","PASS","PASS","PASS","PASS","PASS","PASS","PASS or not applicable","PASS"
"531","PASS","Alternating Standing Shoulder CARs","Alternating Standing Shoulder CARs","name=Alternating Standing Shoulder CARs | demand=0 | primary=RotatorCuff | secondary=[ShoulderAbductors;ScapularGirdle] | practice=Shoulder mobility | motion=ShoulderCAR | mode=Repetition | presentation=Motion | holdFrame=0 | side=Alternating | direction=None | blocks=[] | sessionMovement= | insect=Incompatible | hardFloor=Compatible","name=Alternating Standing Shoulder CARs | demand=0 | primary=RotatorCuff | secondary=[ShoulderAbductors;ScapularGirdle] | practice=Shoulder mobility | motion=ShoulderCAR | mode=Repetition | presentation=Motion | holdFrame=0 | side=Alternating | direction=None | blocks=[] | sessionMovement= | insect=Incompatible | hardFloor=Compatible","The complete packaged loop demonstrates Alternating Standing Shoulder CARs as named.","None.","Full-loop review found the name, demand, anatomy, structure, and packaged media coherent.","PASS","PASS","PASS","PASS","PASS","PASS","PASS or not applicable","PASS"
"532","PASS","Alternating Pistol Squats","Alternating Pistol Squats","name=Alternating Pistol Squats | demand=2 | primary=LateralKneeExtensors | secondary=[MedialAndDeepKneeExtensors;GlutealExtensors;HipFlexors;AbdominalWall;CalfDeepPosteriorLegAndPlantarFoot] | practice=Bodyweight conditioning | motion=SingleLegSquat | mode=Repetition | presentation=Motion | holdFrame=0 | side=Alternating | direction=None | blocks=[] | sessionMovement= | insect=Compatible | hardFloor=Compatible","name=Alternating Pistol Squats | demand=2 | primary=LateralKneeExtensors | secondary=[MedialAndDeepKneeExtensors;GlutealExtensors;HipFlexors;AbdominalWall;CalfDeepPosteriorLegAndPlantarFoot] | practice=Bodyweight conditioning | motion=SingleLegSquat | mode=Repetition | presentation=Motion | holdFrame=0 | side=Alternating | direction=None | blocks=[] | sessionMovement= | insect=Compatible | hardFloor=Compatible","The complete packaged loop demonstrates Alternating Pistol Squats as named.","None.","Full-loop review found the name, demand, anatomy, structure, and packaged media coherent.","PASS","PASS","PASS","PASS","PASS","PASS","PASS or not applicable","PASS"
"533","PASS","Alternating Standing Donkey Kicks","Alternating Standing Donkey Kicks","name=Alternating Standing Donkey Kicks | demand=1 | primary=GlutealExtensors | secondary=[PosteriorThighAndKneeFlexors] | practice=Bodyweight conditioning | motion=LegFront | mode=Repetition | presentation=Motion | holdFrame=0 | side=Alternating | direction=None | blocks=[] | sessionMovement= | insect=Incompatible | hardFloor=Compatible","name=Alternating Standing Donkey Kicks | demand=1 | primary=GlutealExtensors | secondary=[PosteriorThighAndKneeFlexors] | practice=Bodyweight conditioning | motion=LegFront | mode=Repetition | presentation=Motion | holdFrame=0 | side=Alternating | direction=None | blocks=[] | sessionMovement= | insect=Incompatible | hardFloor=Compatible","The complete packaged loop demonstrates Alternating Standing Donkey Kicks as named.","None.","Full-loop review found the name, demand, anatomy, structure, and packaged media coherent.","PASS","PASS","PASS","PASS","PASS","PASS","PASS or not applicable","PASS"
"534","PASS","Alternating Standing Front Snap Kicks","Alternating Standing Front Snap Kicks","name=Alternating Standing Front Snap Kicks | demand=1 | primary=LateralKneeExtensors | secondary=[MedialAndDeepKneeExtensors;HipFlexors] | practice=Martial-arts conditioning | motion=FrontSnapKick | mode=Repetition | presentation=Motion | holdFrame=0 | side=Alternating | direction=None | blocks=[] | sessionMovement= | insect=Compatible | hardFloor=Compatible","name=Alternating Standing Front Snap Kicks | demand=1 | primary=LateralKneeExtensors | secondary=[MedialAndDeepKneeExtensors;HipFlexors] | practice=Martial-arts conditioning | motion=FrontSnapKick | mode=Repetition | presentation=Motion | holdFrame=0 | side=Alternating | direction=None | blocks=[] | sessionMovement= | insect=Compatible | hardFloor=Compatible","The complete packaged loop demonstrates Alternating Standing Front Snap Kicks as named.","None.","Full-loop review found the name, demand, anatomy, structure, and packaged media coherent.","PASS","PASS","PASS","PASS","PASS","PASS","PASS or not applicable","PASS"
"535","PASS","Alternating Crescent Kicks","Alternating Crescent Kicks","name=Alternating Crescent Kicks | demand=1 | primary=DeepHipRotators | secondary=[HipFlexors;HipAbductors;MedialAndDeepKneeExtensors;LateralKneeExtensors] | practice=Martial-arts conditioning | motion=LegFront | mode=Repetition | presentation=Motion | holdFrame=0 | side=Alternating | direction=None | blocks=[] | sessionMovement= | insect=Compatible | hardFloor=Compatible","name=Alternating Crescent Kicks | demand=1 | primary=DeepHipRotators | secondary=[HipFlexors;HipAbductors;MedialAndDeepKneeExtensors;LateralKneeExtensors] | practice=Martial-arts conditioning | motion=LegFront | mode=Repetition | presentation=Motion | holdFrame=0 | side=Alternating | direction=None | blocks=[] | sessionMovement= | insect=Compatible | hardFloor=Compatible","The complete packaged loop demonstrates Alternating Crescent Kicks as named.","None.","Full-loop review found the name, demand, anatomy, structure, and packaged media coherent.","PASS","PASS","PASS","PASS","PASS","PASS","PASS or not applicable","PASS"
"536","PASS","Alternating Standing Side Thrust Kicks","Alternating Standing Side Thrust Kicks","name=Alternating Standing Side Thrust Kicks | demand=1 | primary=HipAbductors | secondary=[MedialAndDeepKneeExtensors;LateralKneeExtensors;GlutealExtensors;DeepHipRotators] | practice=Martial-arts conditioning | motion=LegSide | mode=Repetition | presentation=Motion | holdFrame=0 | side=Alternating | direction=None | blocks=[] | sessionMovement= | insect=Compatible | hardFloor=Compatible","name=Alternating Standing Side Thrust Kicks | demand=1 | primary=HipAbductors | secondary=[MedialAndDeepKneeExtensors;LateralKneeExtensors;GlutealExtensors;DeepHipRotators] | practice=Martial-arts conditioning | motion=LegSide | mode=Repetition | presentation=Motion | holdFrame=0 | side=Alternating | direction=None | blocks=[] | sessionMovement= | insect=Compatible | hardFloor=Compatible","The complete packaged loop demonstrates Alternating Standing Side Thrust Kicks as named.","None.","Full-loop review found the name, demand, anatomy, structure, and packaged media coherent.","PASS","PASS","PASS","PASS","PASS","PASS","PASS or not applicable","PASS"
"537","CORRECTED","Alternating Single-Leg Deadlifts to Runner March","Alternating Single-Leg Deadlifts to Runner March","name=Alternating Single-Leg Deadlifts to Runner March | demand=2 | primary=PosteriorThighAndKneeFlexors | secondary=[GlutealExtensors;HipFlexors;SpinalExtensors;DeepAndIntersegmentalBack;AbdominalWall;HipAbductors] | practice=Bodyweight conditioning | motion=DeadliftKneeDrive | mode=Repetition | presentation=Motion | holdFrame=0 | side=Alternating | direction=None | blocks=[] | sessionMovement= | insect=Compatible | hardFloor=Compatible","name=Alternating Single-Leg Deadlifts to Runner March | demand=2 | primary=PosteriorThighAndKneeFlexors | secondary=[GlutealExtensors;HipFlexors;SpinalExtensors;DeepAndIntersegmentalBack;AbdominalWall;HipAbductors;PelvicFloorAndPerineum] | practice=Bodyweight conditioning | motion=DeadliftKneeDrive | mode=Repetition | presentation=Motion | holdFrame=0 | side=Alternating | direction=None | blocks=[] | sessionMovement= | insect=Compatible | hardFloor=Compatible","The complete packaged loop demonstrates Alternating Single-Leg Deadlifts to Runner March as named.","secondaryCanonicalGroups: [""GlutealExtensors"",""HipFlexors"",""SpinalExtensors"",""DeepAndIntersegmentalBack"",""AbdominalWall"",""HipAbductors""] => [""GlutealExtensors"",""HipFlexors"",""SpinalExtensors"",""DeepAndIntersegmentalBack"",""AbdominalWall"",""HipAbductors"",""PelvicFloorAndPerineum""]","Associations were trimmed to meaningful visible mechanics; pelvic-floor involvement is retained only as evidence-supported secondary work for gait, single-leg support, or impact.","PASS","PASS","PASS","PASS","PASS","PASS","PASS or not applicable","PASS"
"538","PASS","Alternating Reverse Lunge to Front Kicks","Alternating Reverse Lunge to Front Kicks","name=Alternating Reverse Lunge to Front Kicks | demand=2 | primary=HipFlexors | secondary=[GlutealExtensors;MedialAndDeepKneeExtensors;LateralKneeExtensors;AbdominalWall] | practice=Bodyweight conditioning | motion=Lunge | mode=Repetition | presentation=Motion | holdFrame=0 | side=Alternating | direction=None | blocks=[] | sessionMovement= | insect=Compatible | hardFloor=Compatible","name=Alternating Reverse Lunge to Front Kicks | demand=2 | primary=HipFlexors | secondary=[GlutealExtensors;MedialAndDeepKneeExtensors;LateralKneeExtensors;AbdominalWall] | practice=Bodyweight conditioning | motion=Lunge | mode=Repetition | presentation=Motion | holdFrame=0 | side=Alternating | direction=None | blocks=[] | sessionMovement= | insect=Compatible | hardFloor=Compatible","The complete packaged loop demonstrates Alternating Reverse Lunge to Front Kicks as named.","None.","Full-loop review found the name, demand, anatomy, structure, and packaged media coherent.","PASS","PASS","PASS","PASS","PASS","PASS","PASS or not applicable","PASS"
"539","PASS","Alternating Hip-Hinge Rear-Leg Raises","Alternating Hip-Hinge Rear-Leg Raises","name=Alternating Hip-Hinge Rear-Leg Raises | demand=1 | primary=PosteriorThighAndKneeFlexors | secondary=[HipFlexors;MedialAndDeepKneeExtensors;LateralKneeExtensors] | practice=Standing posterior-chain conditioning | motion=HipHingeRearLegRaise | mode=Repetition | presentation=Motion | holdFrame=0 | side=Alternating | direction=None | blocks=[] | sessionMovement= | insect=Compatible | hardFloor=Compatible","name=Alternating Hip-Hinge Rear-Leg Raises | demand=1 | primary=PosteriorThighAndKneeFlexors | secondary=[HipFlexors;MedialAndDeepKneeExtensors;LateralKneeExtensors] | practice=Standing posterior-chain conditioning | motion=HipHingeRearLegRaise | mode=Repetition | presentation=Motion | holdFrame=0 | side=Alternating | direction=None | blocks=[] | sessionMovement= | insect=Compatible | hardFloor=Compatible","The complete packaged loop demonstrates Alternating Hip-Hinge Rear-Leg Raises as named.","None.","Full-loop review found the name, demand, anatomy, structure, and packaged media coherent.","PASS","PASS","PASS","PASS","PASS","PASS","PASS or not applicable","PASS"
"540","PASS","Alternating Figure-Four Squats","Alternating Figure-Four Squats","name=Alternating Figure-Four Squats | demand=2 | primary=DeepHipRotators | secondary=[GlutealExtensors;HipAbductors;MedialAndDeepKneeExtensors;LateralKneeExtensors;CalfDeepPosteriorLegAndPlantarFoot] | practice=Balance training | motion=HipOpenClose | mode=Repetition | presentation=Motion | holdFrame=0 | side=Alternating | direction=None | blocks=[] | sessionMovement= | insect=Compatible | hardFloor=Compatible","name=Alternating Figure-Four Squats | demand=2 | primary=DeepHipRotators | secondary=[GlutealExtensors;HipAbductors;MedialAndDeepKneeExtensors;LateralKneeExtensors;CalfDeepPosteriorLegAndPlantarFoot] | practice=Balance training | motion=HipOpenClose | mode=Repetition | presentation=Motion | holdFrame=0 | side=Alternating | direction=None | blocks=[] | sessionMovement= | insect=Compatible | hardFloor=Compatible","The complete packaged loop demonstrates Alternating Figure-Four Squats as named.","None.","Full-loop review found the name, demand, anatomy, structure, and packaged media coherent.","PASS","PASS","PASS","PASS","PASS","PASS","PASS or not applicable","PASS"
"541","PASS","Alternating Karate Inside Blocks","Alternating Karate Inside Blocks","name=Alternating Karate Inside Blocks | demand=1 | primary=ElbowFlexors | secondary=[ForearmFlexorsAndPronators;IntrinsicHand] | practice=Karate | motion=InsideBlock | mode=Repetition | presentation=Motion | holdFrame=0 | side=Alternating | direction=None | blocks=[] | sessionMovement= | insect=Compatible | hardFloor=Compatible","name=Alternating Karate Inside Blocks | demand=1 | primary=ElbowFlexors | secondary=[ForearmFlexorsAndPronators;IntrinsicHand] | practice=Karate | motion=InsideBlock | mode=Repetition | presentation=Motion | holdFrame=0 | side=Alternating | direction=None | blocks=[] | sessionMovement= | insect=Compatible | hardFloor=Compatible","The complete packaged loop demonstrates Alternating Karate Inside Blocks as named.","None.","Full-loop review found the name, demand, anatomy, structure, and packaged media coherent.","PASS","PASS","PASS","PASS","PASS","PASS","PASS or not applicable","PASS"
"542","PASS","Alternating Standing Bird Dogs","Alternating Standing Bird Dogs","name=Alternating Standing Bird Dogs | demand=1 | primary=SpinalExtensors | secondary=[DeepAndIntersegmentalBack;AbdominalWall;GlutealExtensors;ShoulderAbductors] | practice=Balance training | motion=BirdDog | mode=Repetition | presentation=Motion | holdFrame=0 | side=Alternating | direction=None | blocks=[] | sessionMovement= | insect=Compatible | hardFloor=Compatible","name=Alternating Standing Bird Dogs | demand=1 | primary=SpinalExtensors | secondary=[DeepAndIntersegmentalBack;AbdominalWall;GlutealExtensors;ShoulderAbductors] | practice=Balance training | motion=BirdDog | mode=Repetition | presentation=Motion | holdFrame=0 | side=Alternating | direction=None | blocks=[] | sessionMovement= | insect=Compatible | hardFloor=Compatible","The complete packaged loop demonstrates Alternating Standing Bird Dogs as named.","None.","Full-loop review found the name, demand, anatomy, structure, and packaged media coherent.","PASS","PASS","PASS","PASS","PASS","PASS","PASS or not applicable","PASS"
"543","PASS","Alternating Karate Rising Blocks","Alternating Karate Rising Blocks","name=Alternating Karate Rising Blocks | demand=1 | primary=ElbowFlexors | secondary=[ForearmFlexorsAndPronators;IntrinsicHand;ShoulderAdductorsAndExtensors;ScapularGirdle;RotatorCuff] | practice=Karate | motion=RisingBlock | mode=Repetition | presentation=Motion | holdFrame=0 | side=Alternating | direction=None | blocks=[] | sessionMovement= | insect=Incompatible | hardFloor=Compatible","name=Alternating Karate Rising Blocks | demand=1 | primary=ElbowFlexors | secondary=[ForearmFlexorsAndPronators;IntrinsicHand;ShoulderAdductorsAndExtensors;ScapularGirdle;RotatorCuff] | practice=Karate | motion=RisingBlock | mode=Repetition | presentation=Motion | holdFrame=0 | side=Alternating | direction=None | blocks=[] | sessionMovement= | insect=Incompatible | hardFloor=Compatible","The complete packaged loop demonstrates Alternating Karate Rising Blocks as named.","None.","Full-loop review found the name, demand, anatomy, structure, and packaged media coherent.","PASS","PASS","PASS","PASS","PASS","PASS","PASS or not applicable","PASS"
"544","PASS","Standing Overhead Slam","Standing Overhead Slam","name=Standing Overhead Slam | demand=2 | primary=ShoulderAdductorsAndExtensors | secondary=[ShoulderAbductors;ElbowExtensors;ScapularGirdle;RotatorCuff;ForearmFlexorsAndPronators;MedialAndDeepKneeExtensors;LateralKneeExtensors] | practice=Bodyweight conditioning | motion=ArmRaise | mode=Repetition | presentation=Motion | holdFrame=0 | side=Continuous | direction=None | blocks=[544:None:None:False:Full] | sessionMovement= | insect=Compatible | hardFloor=Compatible","name=Standing Overhead Slam | demand=2 | primary=ShoulderAdductorsAndExtensors | secondary=[ShoulderAbductors;ElbowExtensors;ScapularGirdle;RotatorCuff;ForearmFlexorsAndPronators;MedialAndDeepKneeExtensors;LateralKneeExtensors] | practice=Bodyweight conditioning | motion=ArmRaise | mode=Repetition | presentation=Motion | holdFrame=0 | side=Continuous | direction=None | blocks=[544:None:None:False:Full] | sessionMovement= | insect=Compatible | hardFloor=Compatible","The complete packaged loop demonstrates Standing Overhead Slam as named.","None.","Full-loop review found the name, demand, anatomy, structure, and packaged media coherent.","PASS","PASS","PASS","PASS","PASS","PASS","PASS or not applicable","PASS"
"545","PASS","Alternating Karate Outside Blocks","Alternating Karate Outside Blocks","name=Alternating Karate Outside Blocks | demand=1 | primary=ElbowFlexors | secondary=[ForearmFlexorsAndPronators;ForearmExtensorsAndSupinators;IntrinsicHand] | practice=Karate | motion=OutsideBlock | mode=Repetition | presentation=Motion | holdFrame=0 | side=Alternating | direction=None | blocks=[] | sessionMovement= | insect=Compatible | hardFloor=Compatible","name=Alternating Karate Outside Blocks | demand=1 | primary=ElbowFlexors | secondary=[ForearmFlexorsAndPronators;ForearmExtensorsAndSupinators;IntrinsicHand] | practice=Karate | motion=OutsideBlock | mode=Repetition | presentation=Motion | holdFrame=0 | side=Alternating | direction=None | blocks=[] | sessionMovement= | insect=Compatible | hardFloor=Compatible","The complete packaged loop demonstrates Alternating Karate Outside Blocks as named.","None.","Full-loop review found the name, demand, anatomy, structure, and packaged media coherent.","PASS","PASS","PASS","PASS","PASS","PASS","PASS or not applicable","PASS"
"546","PASS","Alternating Muay Thai Horizontal Elbow Strikes","Alternating Muay Thai Horizontal Elbow Strikes","name=Alternating Muay Thai Horizontal Elbow Strikes | demand=1 | primary=ElbowFlexors | secondary=[Chest;RotatorCuff;AbdominalWall;ShoulderAdductorsAndExtensors] | practice=Muay Thai | motion=MartialHand | mode=Repetition | presentation=Motion | holdFrame=0 | side=Alternating | direction=None | blocks=[] | sessionMovement= | insect=Compatible | hardFloor=Compatible","name=Alternating Muay Thai Horizontal Elbow Strikes | demand=1 | primary=ElbowFlexors | secondary=[Chest;RotatorCuff;AbdominalWall;ShoulderAdductorsAndExtensors] | practice=Muay Thai | motion=MartialHand | mode=Repetition | presentation=Motion | holdFrame=0 | side=Alternating | direction=None | blocks=[] | sessionMovement= | insect=Compatible | hardFloor=Compatible","The complete packaged loop demonstrates Alternating Muay Thai Horizontal Elbow Strikes as named.","None.","Full-loop review found the name, demand, anatomy, structure, and packaged media coherent.","PASS","PASS","PASS","PASS","PASS","PASS","PASS or not applicable","PASS"
"547","PASS","Alternating Standing Rotation Claps","Alternating Standing Rotation Claps","name=Alternating Standing Rotation Claps | demand=0 | primary=DeepAndIntersegmentalBack | secondary=[AbdominalWall;Chest;ShoulderAdductorsAndExtensors;ScapularGirdle] | practice=Aerobics | motion=StandingRotationClap | mode=Repetition | presentation=Motion | holdFrame=0 | side=Alternating | direction=None | blocks=[547:None:None:False:Full] | sessionMovement= | insect=Compatible | hardFloor=Compatible","name=Alternating Standing Rotation Claps | demand=0 | primary=DeepAndIntersegmentalBack | secondary=[AbdominalWall;Chest;ShoulderAdductorsAndExtensors;ScapularGirdle] | practice=Aerobics | motion=StandingRotationClap | mode=Repetition | presentation=Motion | holdFrame=0 | side=Alternating | direction=None | blocks=[547:None:None:False:Full] | sessionMovement= | insect=Compatible | hardFloor=Compatible","The complete packaged loop demonstrates Alternating Standing Rotation Claps as named.","None.","Full-loop review found the name, demand, anatomy, structure, and packaged media coherent.","PASS","PASS","PASS","PASS","PASS","PASS","PASS or not applicable","PASS"
"548","CORRECTED","Marching Cross-Body Knee Taps","Marching Cross-Body Knee Taps","name=Marching Cross-Body Knee Taps | demand=1 | primary=HipFlexors | secondary=[AbdominalWall;DeepAndIntersegmentalBack;ShoulderAbductors;ShoulderAdductorsAndExtensors] | practice=Coordination training | motion=CrossBodyKneeTap | mode=Repetition | presentation=Motion | holdFrame=0 | side=Alternating | direction=None | blocks=[548:None:None:False:Full] | sessionMovement= | insect=Compatible | hardFloor=Compatible","name=Marching Cross-Body Knee Taps | demand=1 | primary=HipFlexors | secondary=[AbdominalWall;DeepAndIntersegmentalBack;ShoulderAbductors;ShoulderAdductorsAndExtensors;PelvicFloorAndPerineum] | practice=Coordination training | motion=CrossBodyKneeTap | mode=Repetition | presentation=Motion | holdFrame=0 | side=Alternating | direction=None | blocks=[548:None:None:False:Full] | sessionMovement= | insect=Compatible | hardFloor=Compatible","The complete packaged loop demonstrates Marching Cross-Body Knee Taps as named.","secondaryCanonicalGroups: [""AbdominalWall"",""DeepAndIntersegmentalBack"",""ShoulderAbductors"",""ShoulderAdductorsAndExtensors""] => [""AbdominalWall"",""DeepAndIntersegmentalBack"",""ShoulderAbductors"",""ShoulderAdductorsAndExtensors"",""PelvicFloorAndPerineum""]","Associations were trimmed to meaningful visible mechanics; pelvic-floor involvement is retained only as evidence-supported secondary work for gait, single-leg support, or impact.","PASS","PASS","PASS","PASS","PASS","PASS","PASS or not applicable","PASS"
"549","CORRECTED","Calf Raise with Arm Swings","Calf Raise with Arm Swings","name=Calf Raise with Arm Swings | demand=1 | primary=CalfDeepPosteriorLegAndPlantarFoot | secondary=[Soleus;ShoulderAbductors;ShoulderAdductorsAndExtensors;ScapularGirdle;Chest;AbdominalWall;DeepAndIntersegmentalBack] | practice=Calf strengthening | motion=CalfRaiseArmSwing | mode=Repetition | presentation=Motion | holdFrame=0 | side=Continuous | direction=None | blocks=[549:None:None:False:Full] | sessionMovement= | insect=Compatible | hardFloor=Incompatible","name=Calf Raise with Arm Swings | demand=1 | primary=CalfDeepPosteriorLegAndPlantarFoot | secondary=[Soleus;ShoulderAbductors;ShoulderAdductorsAndExtensors;ScapularGirdle] | practice=Calf strengthening | motion=CalfRaiseArmSwing | mode=Repetition | presentation=Motion | holdFrame=0 | side=Continuous | direction=None | blocks=[549:None:None:False:Full] | sessionMovement= | insect=Compatible | hardFloor=Incompatible","The complete packaged loop demonstrates Calf Raise with Arm Swings as named.","secondaryCanonicalGroups: [""Soleus"",""ShoulderAbductors"",""ShoulderAdductorsAndExtensors"",""ScapularGirdle"",""Chest"",""AbdominalWall"",""DeepAndIntersegmentalBack""] => [""Soleus"",""ShoulderAbductors"",""ShoulderAdductorsAndExtensors"",""ScapularGirdle""]","The full loop supports the named movement, but inherited or duplicative secondary associations were removed so only meaningful involvement remains.","PASS","PASS","PASS","PASS","PASS","PASS","PASS or not applicable","PASS"
"550","CORRECTED","Squat to Calf Raise with Overhead Reach","Squat to Calf Raise with Overhead Reach","name=Squat to Calf Raise with Overhead Reach | demand=2 | primary=LateralKneeExtensors | secondary=[MedialAndDeepKneeExtensors;GlutealExtensors;PosteriorThighAndKneeFlexors;CalfDeepPosteriorLegAndPlantarFoot;Soleus;ShoulderAbductors;ScapularGirdle;ElbowExtensors;AbdominalWall;DeepAndIntersegmentalBack;SpinalExtensors;PelvicFloorAndPerineum;HipAbductors;DeepHipRotators] | practice=Full-body strength training | motion=SquatCalfRaiseOverheadReach | mode=Repetition | presentation=Motion | holdFrame=0 | side=Continuous | direction=None | blocks=[550:None:None:False:Full] | sessionMovement= | insect=Compatible | hardFloor=Incompatible","name=Squat to Calf Raise with Overhead Reach | demand=2 | primary=LateralKneeExtensors | secondary=[MedialAndDeepKneeExtensors;GlutealExtensors;CalfDeepPosteriorLegAndPlantarFoot;Soleus;ShoulderAbductors;ScapularGirdle] | practice=Full-body strength training | motion=SquatCalfRaiseOverheadReach | mode=Repetition | presentation=Motion | holdFrame=0 | side=Continuous | direction=None | blocks=[550:None:None:False:Full] | sessionMovement= | insect=Compatible | hardFloor=Incompatible","The complete packaged loop demonstrates Squat to Calf Raise with Overhead Reach as named.","secondaryCanonicalGroups: [""MedialAndDeepKneeExtensors"",""GlutealExtensors"",""PosteriorThighAndKneeFlexors"",""CalfDeepPosteriorLegAndPlantarFoot"",""Soleus"",""ShoulderAbductors"",""ScapularGirdle"",""ElbowExtensors"",""AbdominalWall"",""DeepAndIntersegmentalBack"",""SpinalExtensors"",""PelvicFloorAndPerineum"",""HipAbductors"",""DeepHipRotators""] => [""MedialAndDeepKneeExtensors"",""GlutealExtensors"",""CalfDeepPosteriorLegAndPlantarFoot"",""Soleus"",""ShoulderAbductors"",""ScapularGirdle""]","The full loop supports the named movement, but inherited or duplicative secondary associations were removed so only meaningful involvement remains.","PASS","PASS","PASS","PASS","PASS","PASS","PASS or not applicable","PASS"
"551","CORRECTED","Squat to Overhead Reach and Calf Raise","Squat to Overhead Reach and Calf Raise","name=Squat to Overhead Reach and Calf Raise | demand=2 | primary=LateralKneeExtensors | secondary=[MedialAndDeepKneeExtensors;GlutealExtensors;PosteriorThighAndKneeFlexors;CalfDeepPosteriorLegAndPlantarFoot;Soleus;ShoulderAbductors;ScapularGirdle;ElbowExtensors;AbdominalWall;DeepAndIntersegmentalBack;SpinalExtensors;PelvicFloorAndPerineum;HipAbductors;DeepHipRotators] | practice=Full-body strength training | motion=SquatOverheadReachCalfRaise | mode=Repetition | presentation=Motion | holdFrame=0 | side=Continuous | direction=None | blocks=[551:None:None:False:Full] | sessionMovement= | insect=Compatible | hardFloor=Incompatible","name=Squat to Overhead Reach and Calf Raise | demand=2 | primary=LateralKneeExtensors | secondary=[MedialAndDeepKneeExtensors;GlutealExtensors;CalfDeepPosteriorLegAndPlantarFoot;Soleus;ShoulderAbductors;ScapularGirdle] | practice=Full-body strength training | motion=SquatOverheadReachCalfRaise | mode=Repetition | presentation=Motion | holdFrame=0 | side=Continuous | direction=None | blocks=[551:None:None:False:Full] | sessionMovement= | insect=Compatible | hardFloor=Incompatible","The complete packaged loop demonstrates Squat to Overhead Reach and Calf Raise as named.","secondaryCanonicalGroups: [""MedialAndDeepKneeExtensors"",""GlutealExtensors"",""PosteriorThighAndKneeFlexors"",""CalfDeepPosteriorLegAndPlantarFoot"",""Soleus"",""ShoulderAbductors"",""ScapularGirdle"",""ElbowExtensors"",""AbdominalWall"",""DeepAndIntersegmentalBack"",""SpinalExtensors"",""PelvicFloorAndPerineum"",""HipAbductors"",""DeepHipRotators""] => [""MedialAndDeepKneeExtensors"",""GlutealExtensors"",""CalfDeepPosteriorLegAndPlantarFoot"",""Soleus"",""ShoulderAbductors"",""ScapularGirdle""]","The full loop supports the named movement, but inherited or duplicative secondary associations were removed so only meaningful involvement remains.","PASS","PASS","PASS","PASS","PASS","PASS","PASS or not applicable","PASS"
"552","CORRECTED","Lateral Arm Raise to Calf Raise","Lateral Arm Raise to Calf Raise","name=Lateral Arm Raise to Calf Raise | demand=1 | primary=CalfDeepPosteriorLegAndPlantarFoot | secondary=[Soleus;ShoulderAbductors;ScapularGirdle;RotatorCuff;AbdominalWall;DeepAndIntersegmentalBack;HipAbductors;DeepHipRotators] | practice=Calf strengthening | motion=LateralArmRaiseCalfRaise | mode=Repetition | presentation=Motion | holdFrame=0 | side=Continuous | direction=None | blocks=[552:None:None:False:Full] | sessionMovement= | insect=Compatible | hardFloor=Incompatible","name=Lateral Arm Raise to Calf Raise | demand=1 | primary=CalfDeepPosteriorLegAndPlantarFoot | secondary=[Soleus;ShoulderAbductors;ScapularGirdle] | practice=Calf strengthening | motion=LateralArmRaiseCalfRaise | mode=Repetition | presentation=Motion | holdFrame=0 | side=Continuous | direction=None | blocks=[552:None:None:False:Full] | sessionMovement= | insect=Compatible | hardFloor=Incompatible","The complete packaged loop demonstrates Lateral Arm Raise to Calf Raise as named.","secondaryCanonicalGroups: [""Soleus"",""ShoulderAbductors"",""ScapularGirdle"",""RotatorCuff"",""AbdominalWall"",""DeepAndIntersegmentalBack"",""HipAbductors"",""DeepHipRotators""] => [""Soleus"",""ShoulderAbductors"",""ScapularGirdle""]","The full loop supports the named movement, but inherited or duplicative secondary associations were removed so only meaningful involvement remains.","PASS","PASS","PASS","PASS","PASS","PASS","PASS or not applicable","PASS"
"553","RETIRED","T-Raise to Calf Raise","<retired>","name=T-Raise to Calf Raise | demand=1 | primary=CalfDeepPosteriorLegAndPlantarFoot | secondary=[Soleus;ShoulderAbductors;ScapularGirdle;RotatorCuff;Chest;AbdominalWall;DeepAndIntersegmentalBack;HipAbductors] | practice=Calf strengthening | motion=TRaiseCalfRaise | mode=Repetition | presentation=Motion | holdFrame=0 | side=Continuous | direction=None | blocks=[553:None:None:False:Full] | sessionMovement= | insect=Compatible | hardFloor=Incompatible","<retired>","A T-raise performed while visibly holding dumbbells, so it is not a zero-equipment exercise.","Retired the ID and removed its runtime media and sequence/session references.","The final demonstration visibly requires dumbbells and violates the zero-equipment contract.","PASS","PASS","PASS","PASS","PASS","PASS","PASS or not applicable","FAIL: visible external equipment"
"554","CORRECTED","Half Squat Arm Swing to Heel Raise","Half Squat Arm Swing to Heel Raise","name=Half Squat Arm Swing to Heel Raise | demand=2 | primary=LateralKneeExtensors | secondary=[MedialAndDeepKneeExtensors;GlutealExtensors;PosteriorThighAndKneeFlexors;CalfDeepPosteriorLegAndPlantarFoot;Soleus;ShoulderAbductors;ShoulderAdductorsAndExtensors;ScapularGirdle;Chest;AbdominalWall;DeepAndIntersegmentalBack;SpinalExtensors;PelvicFloorAndPerineum;HipAbductors;DeepHipRotators] | practice=Full-body strength training | motion=HalfSquatArmSwingHeelRaise | mode=Repetition | presentation=Motion | holdFrame=0 | side=Continuous | direction=None | blocks=[554:None:None:False:Full] | sessionMovement= | insect=Compatible | hardFloor=Incompatible","name=Half Squat Arm Swing to Heel Raise | demand=2 | primary=LateralKneeExtensors | secondary=[MedialAndDeepKneeExtensors;GlutealExtensors;CalfDeepPosteriorLegAndPlantarFoot;Soleus;ShoulderAbductors;ShoulderAdductorsAndExtensors;ScapularGirdle] | practice=Full-body strength training | motion=HalfSquatArmSwingHeelRaise | mode=Repetition | presentation=Motion | holdFrame=0 | side=Continuous | direction=None | blocks=[554:None:None:False:Full] | sessionMovement= | insect=Compatible | hardFloor=Incompatible","The complete packaged loop demonstrates Half Squat Arm Swing to Heel Raise as named.","secondaryCanonicalGroups: [""MedialAndDeepKneeExtensors"",""GlutealExtensors"",""PosteriorThighAndKneeFlexors"",""CalfDeepPosteriorLegAndPlantarFoot"",""Soleus"",""ShoulderAbductors"",""ShoulderAdductorsAndExtensors"",""ScapularGirdle"",""Chest"",""AbdominalWall"",""DeepAndIntersegmentalBack"",""SpinalExtensors"",""PelvicFloorAndPerineum"",""HipAbductors"",""DeepHipRotators""] => [""MedialAndDeepKneeExtensors"",""GlutealExtensors"",""CalfDeepPosteriorLegAndPlantarFoot"",""Soleus"",""ShoulderAbductors"",""ShoulderAdductorsAndExtensors"",""ScapularGirdle""]","The full loop supports the named movement, but inherited or duplicative secondary associations were removed so only meaningful involvement remains.","PASS","PASS","PASS","PASS","PASS","PASS","PASS or not applicable","PASS"
"555","CORRECTED","Heel Raise with Walking Arms","Heel Raise with Walking Arms","name=Heel Raise with Walking Arms | demand=1 | primary=CalfDeepPosteriorLegAndPlantarFoot | secondary=[Soleus;ShoulderAbductors;ShoulderAdductorsAndExtensors;ScapularGirdle;RotatorCuff;ElbowFlexors;ElbowExtensors;Chest;AbdominalWall;DeepAndIntersegmentalBack;HipFlexors;HipAbductors] | practice=Coordination training | motion=HeelRaiseWalkingArms | mode=Repetition | presentation=Motion | holdFrame=0 | side=Continuous | direction=None | blocks=[555:None:None:False:Full] | sessionMovement= | insect=Compatible | hardFloor=Incompatible","name=Heel Raise with Walking Arms | demand=1 | primary=CalfDeepPosteriorLegAndPlantarFoot | secondary=[Soleus;ShoulderAbductors;ShoulderAdductorsAndExtensors;ScapularGirdle;ElbowFlexors;ElbowExtensors] | practice=Coordination training | motion=HeelRaiseWalkingArms | mode=Repetition | presentation=Motion | holdFrame=0 | side=Continuous | direction=None | blocks=[555:None:None:False:Full] | sessionMovement= | insect=Compatible | hardFloor=Incompatible","The complete packaged loop demonstrates Heel Raise with Walking Arms as named.","secondaryCanonicalGroups: [""Soleus"",""ShoulderAbductors"",""ShoulderAdductorsAndExtensors"",""ScapularGirdle"",""RotatorCuff"",""ElbowFlexors"",""ElbowExtensors"",""Chest"",""AbdominalWall"",""DeepAndIntersegmentalBack"",""HipFlexors"",""HipAbductors""] => [""Soleus"",""ShoulderAbductors"",""ShoulderAdductorsAndExtensors"",""ScapularGirdle"",""ElbowFlexors"",""ElbowExtensors""]","The full loop supports the named movement, but inherited or duplicative secondary associations were removed so only meaningful involvement remains.","PASS","PASS","PASS","PASS","PASS","PASS","PASS or not applicable","PASS"
"556","CORRECTED","Tiptoe Raises with Fist Clenches","Standing Fist Clench and Release","name=Tiptoe Raises with Fist Clenches | demand=1 | primary=CalfDeepPosteriorLegAndPlantarFoot | secondary=[Soleus;ForearmFlexorsAndPronators;ForearmExtensorsAndSupinators;IntrinsicHand;ElbowFlexors;ShoulderAbductors;ScapularGirdle;AbdominalWall;DeepAndIntersegmentalBack] | practice=Lymphatic exercise | motion=TiptoeFistClench | mode=Repetition | presentation=Motion | holdFrame=0 | side=Continuous | direction=None | blocks=[556:None:None:False:Full] | sessionMovement= | insect=Compatible | hardFloor=Incompatible","name=Standing Fist Clench and Release | demand=0 | primary=ForearmFlexorsAndPronators | secondary=[IntrinsicHand;BreathingMuscles] | practice=Hand mobility and breathing | motion=FistClenchRelease | mode=Repetition | presentation=Motion | holdFrame=0 | side=Continuous | direction=None | blocks=[556:None:None:False:Full] | sessionMovement= | insect=Incompatible | hardFloor=Compatible","Standing two-hand fist clench and release with breathing; both heels remain down.","hardFloorCompatibility: Incompatible => Compatible | insectCompatibility: Compatible => Incompatible | motionProfile: TiptoeFistClench => FistClenchRelease | muscularDemand: 1 => 0 | name: Tiptoe Raises with Fist Clenches => Standing Fist Clench and Release | practice: Lymphatic exercise => Hand mobility and breathing | primaryCanonicalGroup: CalfDeepPosteriorLegAndPlantarFoot => ForearmFlexorsAndPronators | secondaryCanonicalGroups: [""Soleus"",""ForearmFlexorsAndPronators"",""ForearmExtensorsAndSupinators"",""IntrinsicHand"",""ElbowFlexors"",""ShoulderAbductors"",""ScapularGirdle"",""AbdominalWall"",""DeepAndIntersegmentalBack""] => [""IntrinsicHand"",""BreathingMuscles""]","The heels never rise; the meaningful action is an easy hand/forearm clench-and-release movement.","PASS","PASS","PASS","PASS","PASS","PASS","PASS or not applicable","PASS"
"557","CORRECTED","Tiptoe Forward Punches","Tiptoe Forward Punches","name=Tiptoe Forward Punches | demand=1 | primary=CalfDeepPosteriorLegAndPlantarFoot | secondary=[Soleus;Chest;ElbowExtensors;ElbowFlexors;ForearmFlexorsAndPronators;ForearmExtensorsAndSupinators;IntrinsicHand;ShoulderAbductors;ShoulderAdductorsAndExtensors;ScapularGirdle;RotatorCuff;AbdominalWall;DeepAndIntersegmentalBack;DeepHipRotators] | practice=Tai chi | motion=TiptoeForwardPunch | mode=Repetition | presentation=Motion | holdFrame=0 | side=Alternating | direction=None | blocks=[557:None:None:False:Full] | sessionMovement= | insect=Compatible | hardFloor=Incompatible","name=Tiptoe Forward Punches | demand=1 | primary=CalfDeepPosteriorLegAndPlantarFoot | secondary=[Soleus;ElbowExtensors;Chest;ShoulderAdductorsAndExtensors;ScapularGirdle;ForearmFlexorsAndPronators] | practice=Tai chi | motion=TiptoeForwardPunch | mode=Repetition | presentation=Motion | holdFrame=0 | side=Alternating | direction=None | blocks=[557:None:None:False:Full] | sessionMovement= | insect=Compatible | hardFloor=Incompatible","The complete packaged loop demonstrates Tiptoe Forward Punches as named.","secondaryCanonicalGroups: [""Soleus"",""Chest"",""ElbowExtensors"",""ElbowFlexors"",""ForearmFlexorsAndPronators"",""ForearmExtensorsAndSupinators"",""IntrinsicHand"",""ShoulderAbductors"",""ShoulderAdductorsAndExtensors"",""ScapularGirdle"",""RotatorCuff"",""AbdominalWall"",""DeepAndIntersegmentalBack"",""DeepHipRotators""] => [""Soleus"",""ElbowExtensors"",""Chest"",""ShoulderAdductorsAndExtensors"",""ScapularGirdle"",""ForearmFlexorsAndPronators""]","The full loop supports the named movement, but inherited or duplicative secondary associations were removed so only meaningful involvement remains.","PASS","PASS","PASS","PASS","PASS","PASS","PASS or not applicable","PASS"
"558","RETIRED","Tiptoe One-Leg Circular Arm-and-Torso Sweep","<retired>","name=Tiptoe One-Leg Circular Arm-and-Torso Sweep | demand=2 | primary=CalfDeepPosteriorLegAndPlantarFoot | secondary=[Soleus;AnteriorLateralLowerLegAndDorsalFoot;HipFlexors;HipAbductors;DeepHipRotators;GlutealExtensors;ShoulderAbductors;ShoulderAdductorsAndExtensors;ScapularGirdle;RotatorCuff;Chest;ElbowFlexors;ElbowExtensors;AbdominalWall;DeepAndIntersegmentalBack;SpinalExtensors;AnteriorLateralNeckAndHyoidMuscles;PosteriorNeckAndSuboccipitalMuscles;CranialMuscles;BreathingMuscles] | practice=Ballet | motion=TiptoeCircularPortDeBras | mode=Repetition | presentation=Motion | holdFrame=0 | side=ScreenLeftThenRight | direction=None | blocks=[558:ScreenLeft:None:False:Full;558:ScreenRight:None:True:Full] | sessionMovement= | insect=Compatible | hardFloor=Incompatible","<retired>","A one-leg circular arm-and-torso sweep performed while using a ballet barre for support.","Retired the ID and removed its runtime media and sequence/session references.","The final demonstration requires a ballet barre and cannot be reproduced under the equipment contract.","PASS","PASS","PASS","PASS","PASS","PASS","PASS or not applicable","FAIL: visible external equipment"
"559","RETIRED","Tiptoe High Side-Leg Hold with Circular Arm Sweep","<retired>","name=Tiptoe High Side-Leg Hold with Circular Arm Sweep | demand=2 | primary=CalfDeepPosteriorLegAndPlantarFoot | secondary=[Soleus;AnteriorLateralLowerLegAndDorsalFoot;HipFlexors;HipAbductors;DeepHipRotators;GlutealExtensors;AbdominalWall;DeepAndIntersegmentalBack;SpinalExtensors;ShoulderAbductors;ShoulderAdductorsAndExtensors;ScapularGirdle;RotatorCuff;Chest;ElbowFlexors;ElbowExtensors;AnteriorLateralNeckAndHyoidMuscles;PosteriorNeckAndSuboccipitalMuscles;CranialMuscles;BreathingMuscles] | practice=Ballet | motion=TiptoeOneLegPortDeBras | mode=Repetition | presentation=Motion | holdFrame=0 | side=ScreenLeftThenRight | direction=None | blocks=[559:ScreenLeft:None:False:Full;559:ScreenRight:None:True:Full] | sessionMovement= | insect=Compatible | hardFloor=Incompatible","<retired>","A tiptoe side-leg hold with a circular arm sweep performed while using a ballet barre for support.","Retired the ID and removed its runtime media and sequence/session references.","The final demonstration requires a ballet barre and cannot be reproduced under the equipment contract.","PASS","PASS","PASS","PASS","PASS","PASS","PASS or not applicable","FAIL: visible external equipment"
"560","CORRECTED","Tiptoe Forward-and-Back Torso-and-Arm Sweep","Tiptoe Forward-and-Back Torso-and-Arm Sweep","name=Tiptoe Forward-and-Back Torso-and-Arm Sweep | demand=1 | primary=CalfDeepPosteriorLegAndPlantarFoot | secondary=[Soleus;AnteriorLateralLowerLegAndDorsalFoot;ShoulderAbductors;ShoulderAdductorsAndExtensors;ScapularGirdle;RotatorCuff;Chest;ElbowFlexors;ElbowExtensors;AbdominalWall;DeepAndIntersegmentalBack;SpinalExtensors;HipAbductors;DeepHipRotators;AnteriorLateralNeckAndHyoidMuscles;PosteriorNeckAndSuboccipitalMuscles;CranialMuscles;BreathingMuscles] | practice=Ballet | motion=TiptoeForwardBackPortDeBras | mode=Repetition | presentation=Motion | holdFrame=0 | side=Continuous | direction=None | blocks=[560:None:None:False:Full] | sessionMovement= | insect=Compatible | hardFloor=Incompatible","name=Tiptoe Forward-and-Back Torso-and-Arm Sweep | demand=1 | primary=CalfDeepPosteriorLegAndPlantarFoot | secondary=[Soleus;ShoulderAbductors;ShoulderAdductorsAndExtensors;ScapularGirdle;DeepAndIntersegmentalBack;SpinalExtensors;AbdominalWall] | practice=Ballet | motion=TiptoeForwardBackPortDeBras | mode=Repetition | presentation=Motion | holdFrame=0 | side=Continuous | direction=None | blocks=[560:None:None:False:Full] | sessionMovement= | insect=Compatible | hardFloor=Incompatible","The complete packaged loop demonstrates Tiptoe Forward-and-Back Torso-and-Arm Sweep as named.","secondaryCanonicalGroups: [""Soleus"",""AnteriorLateralLowerLegAndDorsalFoot"",""ShoulderAbductors"",""ShoulderAdductorsAndExtensors"",""ScapularGirdle"",""RotatorCuff"",""Chest"",""ElbowFlexors"",""ElbowExtensors"",""AbdominalWall"",""DeepAndIntersegmentalBack"",""SpinalExtensors"",""HipAbductors"",""DeepHipRotators"",""AnteriorLateralNeckAndHyoidMuscles"",""PosteriorNeckAndSuboccipitalMuscles"",""CranialMuscles"",""BreathingMuscles""] => [""Soleus"",""ShoulderAbductors"",""ShoulderAdductorsAndExtensors"",""ScapularGirdle"",""DeepAndIntersegmentalBack"",""SpinalExtensors"",""AbdominalWall""]","The full loop supports the named movement, but inherited or duplicative secondary associations were removed so only meaningful involvement remains.","PASS","PASS","PASS","PASS","PASS","PASS","PASS or not applicable","PASS"
"561","CORRECTED","Tiptoe Bourree Steps with Head Spot","Tiptoe Running Steps with Head Spot","name=Tiptoe Bourree Steps with Head Spot | demand=1 | primary=CalfDeepPosteriorLegAndPlantarFoot | secondary=[Soleus;AnteriorLateralLowerLegAndDorsalFoot;MajorHipAdductors;AccessoryHipAdductors;MedialAndDeepKneeExtensors;LateralKneeExtensors;GlutealExtensors;HipAbductors;DeepHipRotators;AbdominalWall;DeepAndIntersegmentalBack;SpinalExtensors;AnteriorLateralNeckAndHyoidMuscles;PosteriorNeckAndSuboccipitalMuscles;CranialMuscles] | practice=Ballet | motion=BourreeHeadSpot | mode=Repetition | presentation=Motion | holdFrame=0 | side=Continuous | direction=None | blocks=[561:None:None:False:Full] | sessionMovement= | insect=Compatible | hardFloor=Incompatible","name=Tiptoe Running Steps with Head Spot | demand=1 | primary=CalfDeepPosteriorLegAndPlantarFoot | secondary=[Soleus;AnteriorLateralLowerLegAndDorsalFoot;MajorHipAdductors;AccessoryHipAdductors;MedialAndDeepKneeExtensors;LateralKneeExtensors;AnteriorLateralNeckAndHyoidMuscles;PosteriorNeckAndSuboccipitalMuscles;CranialMuscles;PelvicFloorAndPerineum] | practice=Ballet | motion=TiptoeRunningHeadSpot | mode=Repetition | presentation=Motion | holdFrame=0 | side=Continuous | direction=None | blocks=[561:None:None:False:Full] | sessionMovement= | insect=Compatible | hardFloor=Incompatible","Rapid small tiptoe running steps with a full-body turn and a spotting head action.","motionProfile: BourreeHeadSpot => TiptoeRunningHeadSpot | name: Tiptoe Bourree Steps with Head Spot => Tiptoe Running Steps with Head Spot | secondaryCanonicalGroups: [""Soleus"",""AnteriorLateralLowerLegAndDorsalFoot"",""MajorHipAdductors"",""AccessoryHipAdductors"",""MedialAndDeepKneeExtensors"",""LateralKneeExtensors"",""GlutealExtensors"",""HipAbductors"",""DeepHipRotators"",""AbdominalWall"",""DeepAndIntersegmentalBack"",""SpinalExtensors"",""AnteriorLateralNeckAndHyoidMuscles"",""PosteriorNeckAndSuboccipitalMuscles"",""CranialMuscles""] => [""Soleus"",""AnteriorLateralLowerLegAndDorsalFoot"",""MajorHipAdductors"",""AccessoryHipAdductors"",""MedialAndDeepKneeExtensors"",""LateralKneeExtensors"",""AnteriorLateralNeckAndHyoidMuscles"",""PosteriorNeckAndSuboccipitalMuscles"",""CranialMuscles"",""PelvicFloorAndPerineum""]","The loop is rapid tiptoe running with spotting rather than a classical bourree; the name and anatomy were narrowed to actions actually shown.","PASS","PASS","PASS","PASS","PASS","PASS","PASS or not applicable","PASS"
"562","CORRECTED","Ballet Rises with Arm Movement","Ballet Calf Raises with Arm Sweeps","name=Ballet Rises with Arm Movement | demand=1 | primary=CalfDeepPosteriorLegAndPlantarFoot | secondary=[Soleus;AnteriorLateralLowerLegAndDorsalFoot;MajorHipAdductors;AccessoryHipAdductors;MedialAndDeepKneeExtensors;LateralKneeExtensors;GlutealExtensors;HipAbductors;DeepHipRotators;AbdominalWall;DeepAndIntersegmentalBack;SpinalExtensors;ShoulderAbductors;ShoulderAdductorsAndExtensors;ScapularGirdle;RotatorCuff;Chest;ElbowFlexors;ElbowExtensors;AnteriorLateralNeckAndHyoidMuscles;PosteriorNeckAndSuboccipitalMuscles;CranialMuscles;BreathingMuscles] | practice=Ballet | motion=BalletRiseArmMovement | mode=Repetition | presentation=Motion | holdFrame=0 | side=Continuous | direction=None | blocks=[562:None:None:False:Full] | sessionMovement= | insect=Compatible | hardFloor=Incompatible","name=Ballet Calf Raises with Arm Sweeps | demand=1 | primary=CalfDeepPosteriorLegAndPlantarFoot | secondary=[Soleus;MajorHipAdductors;ShoulderAbductors;ShoulderAdductorsAndExtensors;ScapularGirdle] | practice=Ballet | motion=BalletCalfRaiseArmSweep | mode=Repetition | presentation=Motion | holdFrame=0 | side=Continuous | direction=None | blocks=[562:None:None:False:Full] | sessionMovement= | insect=Compatible | hardFloor=Incompatible","Repeated ballet calf raises coordinated with broad arm sweeps.","motionProfile: BalletRiseArmMovement => BalletCalfRaiseArmSweep | name: Ballet Rises with Arm Movement => Ballet Calf Raises with Arm Sweeps | secondaryCanonicalGroups: [""Soleus"",""AnteriorLateralLowerLegAndDorsalFoot"",""MajorHipAdductors"",""AccessoryHipAdductors"",""MedialAndDeepKneeExtensors"",""LateralKneeExtensors"",""GlutealExtensors"",""HipAbductors"",""DeepHipRotators"",""AbdominalWall"",""DeepAndIntersegmentalBack"",""SpinalExtensors"",""ShoulderAbductors"",""ShoulderAdductorsAndExtensors"",""ScapularGirdle"",""RotatorCuff"",""Chest"",""ElbowFlexors"",""ElbowExtensors"",""AnteriorLateralNeckAndHyoidMuscles"",""PosteriorNeckAndSuboccipitalMuscles"",""CranialMuscles"",""BreathingMuscles""] => [""Soleus"",""MajorHipAdductors"",""ShoulderAbductors"",""ShoulderAdductorsAndExtensors"",""ScapularGirdle""]","The generic label and inflated whole-body associations were replaced by the exact calf-raise and arm-sweep action.","PASS","PASS","PASS","PASS","PASS","PASS","PASS or not applicable","PASS"
"563","CORRECTED","Single-Leg Calf Raise with Head Turns","Single-Leg Calf Raise with Head Turns","name=Single-Leg Calf Raise with Head Turns | demand=2 | primary=CalfDeepPosteriorLegAndPlantarFoot | secondary=[Soleus;AnteriorLateralLowerLegAndDorsalFoot;HipAbductors;DeepHipRotators;GlutealExtensors;AbdominalWall;DeepAndIntersegmentalBack;SpinalExtensors;AnteriorLateralNeckAndHyoidMuscles;PosteriorNeckAndSuboccipitalMuscles;CranialMuscles] | practice=Balance training | motion=SingleLegCalfRaiseHeadTurn | mode=Repetition | presentation=Motion | holdFrame=0 | side=ScreenLeftThenRight | direction=None | blocks=[563:ScreenLeft:None:False:Full;563:ScreenRight:None:True:Full] | sessionMovement= | insect=Incompatible | hardFloor=Incompatible","name=Single-Leg Calf Raise with Head Turns | demand=2 | primary=CalfDeepPosteriorLegAndPlantarFoot | secondary=[Soleus;HipAbductors;DeepHipRotators;AnteriorLateralNeckAndHyoidMuscles;PosteriorNeckAndSuboccipitalMuscles;CranialMuscles] | practice=Balance training | motion=SingleLegCalfRaiseHeadTurn | mode=Repetition | presentation=Motion | holdFrame=0 | side=ScreenLeftThenRight | direction=None | blocks=[563:ScreenLeft:None:False:Full;563:ScreenRight:None:True:Full] | sessionMovement= | insect=Incompatible | hardFloor=Incompatible","The complete packaged loop demonstrates Single-Leg Calf Raise with Head Turns as named.","secondaryCanonicalGroups: [""Soleus"",""AnteriorLateralLowerLegAndDorsalFoot"",""HipAbductors"",""DeepHipRotators"",""GlutealExtensors"",""AbdominalWall"",""DeepAndIntersegmentalBack"",""SpinalExtensors"",""AnteriorLateralNeckAndHyoidMuscles"",""PosteriorNeckAndSuboccipitalMuscles"",""CranialMuscles""] => [""Soleus"",""HipAbductors"",""DeepHipRotators"",""AnteriorLateralNeckAndHyoidMuscles"",""PosteriorNeckAndSuboccipitalMuscles"",""CranialMuscles""]","The full loop supports the named movement, but inherited or duplicative secondary associations were removed so only meaningful involvement remains.","PASS","PASS","PASS","PASS","PASS","PASS","PASS or not applicable","PASS"
"564","CORRECTED","Calf Raise with Pelvic Floor Contraction","Parallel Calf Raises with Hands on Hips","name=Calf Raise with Pelvic Floor Contraction | demand=1 | primary=PelvicFloorAndPerineum | secondary=[CalfDeepPosteriorLegAndPlantarFoot;Soleus;MajorHipAdductors;AccessoryHipAdductors;GlutealExtensors;AbdominalWall;DeepAndIntersegmentalBack;BreathingMuscles] | practice=Pelvic floor training | motion=CalfRaisePelvicFloorContraction | mode=Repetition | presentation=Motion | holdFrame=0 | side=Continuous | direction=None | blocks=[564:None:None:False:Full] | sessionMovement= | insect=Incompatible | hardFloor=Incompatible","name=Parallel Calf Raises with Hands on Hips | demand=1 | primary=CalfDeepPosteriorLegAndPlantarFoot | secondary=[Soleus] | practice=Calf strengthening | motion=ParallelCalfRaiseHandsOnHips | mode=Repetition | presentation=Motion | holdFrame=0 | side=Continuous | direction=None | blocks=[564:None:None:False:Full] | sessionMovement= | insect=Incompatible | hardFloor=Incompatible","Parallel calf raises with hands resting on the hips; no visible pelvic-floor action can be inferred from the silent loop.","motionProfile: CalfRaisePelvicFloorContraction => ParallelCalfRaiseHandsOnHips | name: Calf Raise with Pelvic Floor Contraction => Parallel Calf Raises with Hands on Hips | practice: Pelvic floor training => Calf strengthening | primaryCanonicalGroup: PelvicFloorAndPerineum => CalfDeepPosteriorLegAndPlantarFoot | secondaryCanonicalGroups: [""CalfDeepPosteriorLegAndPlantarFoot"",""Soleus"",""MajorHipAdductors"",""AccessoryHipAdductors"",""GlutealExtensors"",""AbdominalWall"",""DeepAndIntersegmentalBack"",""BreathingMuscles""] => ""Soleus""","A silent visual demonstration cannot establish a voluntary pelvic-floor contraction; the visible calf raise is now the exercise.","PASS","PASS","PASS","PASS","PASS","PASS","PASS or not applicable","PASS"
"565","CORRECTED","Pelvic-Floor Mini Squat to Calf Raise","Mini Squat with Forward Reach","name=Pelvic-Floor Mini Squat to Calf Raise | demand=1 | primary=PelvicFloorAndPerineum | secondary=[MedialAndDeepKneeExtensors;LateralKneeExtensors;GlutealExtensors;PosteriorThighAndKneeFlexors;MajorHipAdductors;AccessoryHipAdductors;CalfDeepPosteriorLegAndPlantarFoot;Soleus;HipAbductors;DeepHipRotators;AbdominalWall;DeepAndIntersegmentalBack;SpinalExtensors;BreathingMuscles] | practice=Pelvic floor training | motion=PelvicFloorMiniSquatCalfRaise | mode=Repetition | presentation=Motion | holdFrame=0 | side=Continuous | direction=None | blocks=[565:None:None:False:Full] | sessionMovement= | insect=Compatible | hardFloor=Incompatible","name=Mini Squat with Forward Reach | demand=1 | primary=MedialAndDeepKneeExtensors | secondary=[LateralKneeExtensors;GlutealExtensors;ShoulderAbductors] | practice=Bodyweight conditioning | motion=MiniSquatForwardReach | mode=Repetition | presentation=Motion | holdFrame=0 | side=Continuous | direction=None | blocks=[565:None:None:False:Full] | sessionMovement= | insect=Compatible | hardFloor=Compatible","Repeated mini squats with a forward arm reach; the heels stay down.","hardFloorCompatibility: Incompatible => Compatible | motionProfile: PelvicFloorMiniSquatCalfRaise => MiniSquatForwardReach | name: Pelvic-Floor Mini Squat to Calf Raise => Mini Squat with Forward Reach | practice: Pelvic floor training => Bodyweight conditioning | primaryCanonicalGroup: PelvicFloorAndPerineum => MedialAndDeepKneeExtensors | secondaryCanonicalGroups: [""MedialAndDeepKneeExtensors"",""LateralKneeExtensors"",""GlutealExtensors"",""PosteriorThighAndKneeFlexors"",""MajorHipAdductors"",""AccessoryHipAdductors"",""CalfDeepPosteriorLegAndPlantarFoot"",""Soleus"",""HipAbductors"",""DeepHipRotators"",""AbdominalWall"",""DeepAndIntersegmentalBack"",""SpinalExtensors"",""BreathingMuscles""] => [""LateralKneeExtensors"",""GlutealExtensors"",""ShoulderAbductors""]","No calf raise or visible pelvic-floor action occurs; the demonstrated mini squat and reach are now authoritative.","PASS","PASS","PASS","PASS","PASS","PASS","PASS or not applicable","PASS"
"566","CORRECTED","Parallel Calf Raises for Pelvic-Floor Support","Parallel Calf Raises","name=Parallel Calf Raises for Pelvic-Floor Support | demand=1 | primary=PelvicFloorAndPerineum | secondary=[CalfDeepPosteriorLegAndPlantarFoot;Soleus;AnteriorLateralLowerLegAndDorsalFoot;MajorHipAdductors;AccessoryHipAdductors;HipAbductors;DeepHipRotators;GlutealExtensors;AbdominalWall;DeepAndIntersegmentalBack;BreathingMuscles] | practice=Pelvic floor training | motion=ParallelPelvicFloorCalfRaise | mode=Repetition | presentation=Motion | holdFrame=0 | side=Continuous | direction=None | blocks=[566:None:None:False:Full;581:None:None:False:Full;582:None:None:False:Full] | sessionMovement= | insect=Incompatible | hardFloor=Incompatible","name=Parallel Calf Raises | demand=1 | primary=CalfDeepPosteriorLegAndPlantarFoot | secondary=[Soleus] | practice=Calf strengthening | motion=ParallelCalfRaise | mode=Repetition | presentation=Motion | holdFrame=0 | side=Continuous | direction=None | blocks=[566:None:None:False:Full;581:None:None:False:Full;582:None:None:False:Full] | sessionMovement= | insect=Incompatible | hardFloor=Incompatible","Parallel two-leg calf raises.","motionProfile: ParallelPelvicFloorCalfRaise => ParallelCalfRaise | name: Parallel Calf Raises for Pelvic-Floor Support => Parallel Calf Raises | practice: Pelvic floor training => Calf strengthening | primaryCanonicalGroup: PelvicFloorAndPerineum => CalfDeepPosteriorLegAndPlantarFoot | secondaryCanonicalGroups: [""CalfDeepPosteriorLegAndPlantarFoot"",""Soleus"",""AnteriorLateralLowerLegAndDorsalFoot"",""MajorHipAdductors"",""AccessoryHipAdductors"",""HipAbductors"",""DeepHipRotators"",""GlutealExtensors"",""AbdominalWall"",""DeepAndIntersegmentalBack"",""BreathingMuscles""] => ""Soleus""","A silent loop cannot establish pelvic-floor support; only the visible calf-raise mechanics remain associated.","PASS","PASS","PASS","PASS","PASS","PASS","PASS or not applicable","PASS"
"567","CORRECTED","Breathing Calf Raises with Arm Folds","Breathing Calf Raises with Arm Folds","name=Breathing Calf Raises with Arm Folds | demand=1 | primary=BreathingMuscles | secondary=[CalfDeepPosteriorLegAndPlantarFoot;Soleus;AbdominalWall;DeepAndIntersegmentalBack;PelvicFloorAndPerineum;Chest;ScapularGirdle;ShoulderAdductorsAndExtensors] | practice=Breathing exercise | motion=BreathingCalfRaiseFoldedHands | mode=Repetition | presentation=Motion | holdFrame=0 | side=Continuous | direction=None | blocks=[567:None:None:False:Full] | sessionMovement= | insect=Compatible | hardFloor=Incompatible","name=Breathing Calf Raises with Arm Folds | demand=1 | primary=CalfDeepPosteriorLegAndPlantarFoot | secondary=[Soleus;ShoulderAdductorsAndExtensors;ScapularGirdle;BreathingMuscles] | practice=Breathing exercise | motion=BreathingCalfRaiseFoldedHands | mode=Repetition | presentation=Motion | holdFrame=0 | side=Continuous | direction=None | blocks=[567:None:None:False:Full] | sessionMovement= | insect=Compatible | hardFloor=Incompatible","The complete packaged loop demonstrates Breathing Calf Raises with Arm Folds as named.","primaryCanonicalGroup: BreathingMuscles => CalfDeepPosteriorLegAndPlantarFoot | secondaryCanonicalGroups: [""CalfDeepPosteriorLegAndPlantarFoot"",""Soleus"",""AbdominalWall"",""DeepAndIntersegmentalBack"",""PelvicFloorAndPerineum"",""Chest"",""ScapularGirdle"",""ShoulderAdductorsAndExtensors""] => [""Soleus"",""ShoulderAdductorsAndExtensors"",""ScapularGirdle"",""BreathingMuscles""]","The primary and secondary anatomy now follow the movement that supplies the visible mechanical demand, with inherited or duplicative associations removed.","PASS","PASS","PASS","PASS","PASS","PASS","PASS or not applicable","PASS"
"568","CORRECTED","Chest-Expansion Breathing Calf Raises","Chest-Expansion Breathing Calf Raises","name=Chest-Expansion Breathing Calf Raises | demand=1 | primary=BreathingMuscles | secondary=[CalfDeepPosteriorLegAndPlantarFoot;Soleus;Chest;ScapularGirdle;ShoulderAdductorsAndExtensors;ShoulderAbductors;RotatorCuff;ElbowFlexors;AbdominalWall;DeepAndIntersegmentalBack;SpinalExtensors;PelvicFloorAndPerineum] | practice=Breathing exercise | motion=ChestExpansionBreathingCalfRaise | mode=Repetition | presentation=Motion | holdFrame=0 | side=Continuous | direction=None | blocks=[568:None:None:False:Full] | sessionMovement= | insect=Compatible | hardFloor=Incompatible","name=Chest-Expansion Breathing Calf Raises | demand=1 | primary=CalfDeepPosteriorLegAndPlantarFoot | secondary=[Soleus;Chest;ScapularGirdle;ShoulderAbductors;ShoulderAdductorsAndExtensors;BreathingMuscles] | practice=Breathing exercise | motion=ChestExpansionBreathingCalfRaise | mode=Repetition | presentation=Motion | holdFrame=0 | side=Continuous | direction=None | blocks=[568:None:None:False:Full] | sessionMovement= | insect=Compatible | hardFloor=Incompatible","The complete packaged loop demonstrates Chest-Expansion Breathing Calf Raises as named.","primaryCanonicalGroup: BreathingMuscles => CalfDeepPosteriorLegAndPlantarFoot | secondaryCanonicalGroups: [""CalfDeepPosteriorLegAndPlantarFoot"",""Soleus"",""Chest"",""ScapularGirdle"",""ShoulderAdductorsAndExtensors"",""ShoulderAbductors"",""RotatorCuff"",""ElbowFlexors"",""AbdominalWall"",""DeepAndIntersegmentalBack"",""SpinalExtensors"",""PelvicFloorAndPerineum""] => [""Soleus"",""Chest"",""ScapularGirdle"",""ShoulderAbductors"",""ShoulderAdductorsAndExtensors"",""BreathingMuscles""]","The primary and secondary anatomy now follow the movement that supplies the visible mechanical demand, with inherited or duplicative associations removed.","PASS","PASS","PASS","PASS","PASS","PASS","PASS or not applicable","PASS"
"569","CORRECTED","Tiptoe Hip Hinge","Tiptoe Hip Hinge","name=Tiptoe Hip Hinge | demand=2 | primary=PosteriorThighAndKneeFlexors | secondary=[GlutealExtensors;SpinalExtensors;DeepAndIntersegmentalBack;AbdominalWall;CalfDeepPosteriorLegAndPlantarFoot;Soleus;AnteriorLateralLowerLegAndDorsalFoot;HipAbductors;DeepHipRotators;MajorHipAdductors;AccessoryHipAdductors;PelvicFloorAndPerineum] | practice=Full-body strength training | motion=TiptoeHipHinge | mode=Repetition | presentation=Motion | holdFrame=0 | side=Continuous | direction=None | blocks=[569:None:None:False:Full] | sessionMovement= | insect=Compatible | hardFloor=Incompatible","name=Tiptoe Hip Hinge | demand=2 | primary=PosteriorThighAndKneeFlexors | secondary=[GlutealExtensors;SpinalExtensors;CalfDeepPosteriorLegAndPlantarFoot;Soleus] | practice=Full-body strength training | motion=TiptoeHipHinge | mode=Repetition | presentation=Motion | holdFrame=0 | side=Continuous | direction=None | blocks=[569:None:None:False:Full] | sessionMovement= | insect=Compatible | hardFloor=Incompatible","The complete packaged loop demonstrates Tiptoe Hip Hinge as named.","secondaryCanonicalGroups: [""GlutealExtensors"",""SpinalExtensors"",""DeepAndIntersegmentalBack"",""AbdominalWall"",""CalfDeepPosteriorLegAndPlantarFoot"",""Soleus"",""AnteriorLateralLowerLegAndDorsalFoot"",""HipAbductors"",""DeepHipRotators"",""MajorHipAdductors"",""AccessoryHipAdductors"",""PelvicFloorAndPerineum""] => [""GlutealExtensors"",""SpinalExtensors"",""CalfDeepPosteriorLegAndPlantarFoot"",""Soleus""]","The full loop supports the named movement, but inherited or duplicative secondary associations were removed so only meaningful involvement remains.","PASS","PASS","PASS","PASS","PASS","PASS","PASS or not applicable","PASS"
"570","CORRECTED","Tiptoe Torso Twists","Tiptoe Torso Twists","name=Tiptoe Torso Twists | demand=1 | primary=DeepAndIntersegmentalBack | secondary=[AbdominalWall;SpinalExtensors;DeepHipRotators;HipAbductors;GlutealExtensors;CalfDeepPosteriorLegAndPlantarFoot;Soleus;AnteriorLateralLowerLegAndDorsalFoot;ShoulderAbductors;ShoulderAdductorsAndExtensors;ScapularGirdle;Chest;AnteriorLateralNeckAndHyoidMuscles;PosteriorNeckAndSuboccipitalMuscles;CranialMuscles;BreathingMuscles] | practice=Coordination training | motion=TiptoeTorsoTwist | mode=Repetition | presentation=Motion | holdFrame=0 | side=Alternating | direction=None | blocks=[570:None:None:False:Full] | sessionMovement= | insect=Compatible | hardFloor=Incompatible","name=Tiptoe Torso Twists | demand=1 | primary=DeepAndIntersegmentalBack | secondary=[AbdominalWall;CalfDeepPosteriorLegAndPlantarFoot;Soleus;ShoulderAbductors;ScapularGirdle] | practice=Coordination training | motion=TiptoeTorsoTwist | mode=Repetition | presentation=Motion | holdFrame=0 | side=Alternating | direction=None | blocks=[570:None:None:False:Full] | sessionMovement= | insect=Compatible | hardFloor=Incompatible","The complete packaged loop demonstrates Tiptoe Torso Twists as named.","secondaryCanonicalGroups: [""AbdominalWall"",""SpinalExtensors"",""DeepHipRotators"",""HipAbductors"",""GlutealExtensors"",""CalfDeepPosteriorLegAndPlantarFoot"",""Soleus"",""AnteriorLateralLowerLegAndDorsalFoot"",""ShoulderAbductors"",""ShoulderAdductorsAndExtensors"",""ScapularGirdle"",""Chest"",""AnteriorLateralNeckAndHyoidMuscles"",""PosteriorNeckAndSuboccipitalMuscles"",""CranialMuscles"",""BreathingMuscles""] => [""AbdominalWall"",""CalfDeepPosteriorLegAndPlantarFoot"",""Soleus"",""ShoulderAbductors"",""ScapularGirdle""]","The full loop supports the named movement, but inherited or duplicative secondary associations were removed so only meaningful involvement remains.","PASS","PASS","PASS","PASS","PASS","PASS","PASS or not applicable","PASS"
"571","CORRECTED","Hip Hinge to Squat and Calf Raise","Hip Hinge to Squat and Calf Raise","name=Hip Hinge to Squat and Calf Raise | demand=2 | primary=LateralKneeExtensors | secondary=[MedialAndDeepKneeExtensors;GlutealExtensors;PosteriorThighAndKneeFlexors;SpinalExtensors;DeepAndIntersegmentalBack;AbdominalWall;MajorHipAdductors;AccessoryHipAdductors;HipAbductors;DeepHipRotators;HipFlexors;CalfDeepPosteriorLegAndPlantarFoot;Soleus;AnteriorLateralLowerLegAndDorsalFoot;PelvicFloorAndPerineum] | practice=Full-body strength training | motion=HipHingeSquatCalfRaise | mode=Repetition | presentation=Motion | holdFrame=0 | side=Continuous | direction=None | blocks=[571:None:None:False:Full] | sessionMovement= | insect=Compatible | hardFloor=Incompatible","name=Hip Hinge to Squat and Calf Raise | demand=2 | primary=LateralKneeExtensors | secondary=[MedialAndDeepKneeExtensors;GlutealExtensors;PosteriorThighAndKneeFlexors;SpinalExtensors;CalfDeepPosteriorLegAndPlantarFoot;Soleus] | practice=Full-body strength training | motion=HipHingeSquatCalfRaise | mode=Repetition | presentation=Motion | holdFrame=0 | side=Continuous | direction=None | blocks=[571:None:None:False:Full] | sessionMovement= | insect=Compatible | hardFloor=Incompatible","The complete packaged loop demonstrates Hip Hinge to Squat and Calf Raise as named.","secondaryCanonicalGroups: [""MedialAndDeepKneeExtensors"",""GlutealExtensors"",""PosteriorThighAndKneeFlexors"",""SpinalExtensors"",""DeepAndIntersegmentalBack"",""AbdominalWall"",""MajorHipAdductors"",""AccessoryHipAdductors"",""HipAbductors"",""DeepHipRotators"",""HipFlexors"",""CalfDeepPosteriorLegAndPlantarFoot"",""Soleus"",""AnteriorLateralLowerLegAndDorsalFoot"",""PelvicFloorAndPerineum""] => [""MedialAndDeepKneeExtensors"",""GlutealExtensors"",""PosteriorThighAndKneeFlexors"",""SpinalExtensors"",""CalfDeepPosteriorLegAndPlantarFoot"",""Soleus""]","The full loop supports the named movement, but inherited or duplicative secondary associations were removed so only meaningful involvement remains.","PASS","PASS","PASS","PASS","PASS","PASS","PASS or not applicable","PASS"
"572","PASS","Standing Side-Lunge Adductor Stretch","Standing Side-Lunge Adductor Stretch","name=Standing Side-Lunge Adductor Stretch | demand=0 | primary=MajorHipAdductors | secondary=[AccessoryHipAdductors;MedialAndDeepKneeExtensors;LateralKneeExtensors;GlutealExtensors] | practice=Standing stretching | motion=SideLungeAdductorStretch | mode=Hold | presentation=Still | holdFrame=50 | side=ScreenRightThenLeft | direction=None | blocks=[572:ScreenRight:None:False:Full;572:ScreenLeft:None:True:Full] | sessionMovement= | insect=Incompatible | hardFloor=Compatible","name=Standing Side-Lunge Adductor Stretch | demand=0 | primary=MajorHipAdductors | secondary=[AccessoryHipAdductors;MedialAndDeepKneeExtensors;LateralKneeExtensors;GlutealExtensors] | practice=Standing stretching | motion=SideLungeAdductorStretch | mode=Hold | presentation=Still | holdFrame=50 | side=ScreenRightThenLeft | direction=None | blocks=[572:ScreenRight:None:False:Full;572:ScreenLeft:None:True:Full] | sessionMovement= | insect=Incompatible | hardFloor=Compatible","The complete packaged loop demonstrates Standing Side-Lunge Adductor Stretch as named.","None.","Full-loop review found the name, demand, anatomy, structure, and packaged media coherent.","PASS","PASS","PASS","PASS","PASS","PASS","PASS or not applicable","PASS"
"573","PASS","Backs-of-Hands Wrist Stretch","Backs-of-Hands Wrist Stretch","name=Backs-of-Hands Wrist Stretch | demand=0 | primary=ForearmExtensorsAndSupinators | secondary=[IntrinsicHand] | practice=Wrist mobility | motion=WristCurl | mode=Hold | presentation=Still | holdFrame=72 | side=Continuous | direction=None | blocks=[573:None:None:False:Full] | sessionMovement= | insect=Incompatible | hardFloor=Compatible","name=Backs-of-Hands Wrist Stretch | demand=0 | primary=ForearmExtensorsAndSupinators | secondary=[IntrinsicHand] | practice=Wrist mobility | motion=WristCurl | mode=Hold | presentation=Still | holdFrame=72 | side=Continuous | direction=None | blocks=[573:None:None:False:Full] | sessionMovement= | insect=Incompatible | hardFloor=Compatible","The complete packaged loop demonstrates Backs-of-Hands Wrist Stretch as named.","None.","Full-loop review found the name, demand, anatomy, structure, and packaged media coherent.","PASS","PASS","PASS","PASS","PASS","PASS","PASS or not applicable","PASS"
"574","CORRECTED","Tiptoe Overhead Side Bends","Tiptoe Overhead Side Bends","name=Tiptoe Overhead Side Bends | demand=1 | primary=DeepAndIntersegmentalBack | secondary=[AbdominalWall;SpinalExtensors;CalfDeepPosteriorLegAndPlantarFoot;Soleus;AnteriorLateralLowerLegAndDorsalFoot;ShoulderAbductors;ShoulderAdductorsAndExtensors;ScapularGirdle;RotatorCuff;Chest;ElbowExtensors;HipAbductors;DeepHipRotators;MajorHipAdductors;AccessoryHipAdductors;PelvicFloorAndPerineum;AnteriorLateralNeckAndHyoidMuscles;PosteriorNeckAndSuboccipitalMuscles;CranialMuscles;BreathingMuscles] | practice=Yoga | motion=TiptoeOverheadSideBend | mode=Repetition | presentation=Motion | holdFrame=0 | side=Alternating | direction=None | blocks=[574:None:None:False:Full] | sessionMovement= | insect=Compatible | hardFloor=Incompatible","name=Tiptoe Overhead Side Bends | demand=1 | primary=DeepAndIntersegmentalBack | secondary=[AbdominalWall;CalfDeepPosteriorLegAndPlantarFoot;Soleus;ShoulderAbductors;ShoulderAdductorsAndExtensors;ScapularGirdle] | practice=Yoga | motion=TiptoeOverheadSideBend | mode=Repetition | presentation=Motion | holdFrame=0 | side=Alternating | direction=None | blocks=[574:None:None:False:Full] | sessionMovement= | insect=Compatible | hardFloor=Incompatible","The complete packaged loop demonstrates Tiptoe Overhead Side Bends as named.","secondaryCanonicalGroups: [""AbdominalWall"",""SpinalExtensors"",""CalfDeepPosteriorLegAndPlantarFoot"",""Soleus"",""AnteriorLateralLowerLegAndDorsalFoot"",""ShoulderAbductors"",""ShoulderAdductorsAndExtensors"",""ScapularGirdle"",""RotatorCuff"",""Chest"",""ElbowExtensors"",""HipAbductors"",""DeepHipRotators"",""MajorHipAdductors"",""AccessoryHipAdductors"",""PelvicFloorAndPerineum"",""AnteriorLateralNeckAndHyoidMuscles"",""PosteriorNeckAndSuboccipitalMuscles"",""CranialMuscles"",""BreathingMuscles""] => [""AbdominalWall"",""CalfDeepPosteriorLegAndPlantarFoot"",""Soleus"",""ShoulderAbductors"",""ShoulderAdductorsAndExtensors"",""ScapularGirdle""]","The full loop supports the named movement, but inherited or duplicative secondary associations were removed so only meaningful involvement remains.","PASS","PASS","PASS","PASS","PASS","PASS","PASS or not applicable","PASS"
"575","CORRECTED","Boxer Bounce to Jab-Cross","Boxer Bounce to Jab-Cross","name=Boxer Bounce to Jab-Cross | demand=1 | primary=CalfDeepPosteriorLegAndPlantarFoot | secondary=[Soleus;AnteriorLateralLowerLegAndDorsalFoot;ElbowExtensors;Chest;ShoulderAdductorsAndExtensors;ScapularGirdle;RotatorCuff;ForearmFlexorsAndPronators;ForearmExtensorsAndSupinators;IntrinsicHand;AbdominalWall;DeepAndIntersegmentalBack;DeepHipRotators;HipAbductors] | practice=Boxing | motion=BoxerBounceJabCross | mode=Repetition | presentation=Motion | holdFrame=0 | side=ScreenLeftLeadThenRightLead | direction=None | blocks=[575:ShownLeadStance:None:False:Full;575:OppositeLeadStance:None:True:Full] | sessionMovement= | insect=Compatible | hardFloor=Incompatible","name=Boxer Bounce to Jab-Cross | demand=1 | primary=CalfDeepPosteriorLegAndPlantarFoot | secondary=[Soleus;ElbowExtensors;Chest;ShoulderAdductorsAndExtensors;ScapularGirdle;ForearmFlexorsAndPronators;PelvicFloorAndPerineum] | practice=Boxing | motion=BoxerBounceJabCross | mode=Repetition | presentation=Motion | holdFrame=0 | side=ScreenLeftLeadThenRightLead | direction=None | blocks=[575:ShownLeadStance:None:False:Full;575:OppositeLeadStance:None:True:Full] | sessionMovement= | insect=Compatible | hardFloor=Incompatible","The complete packaged loop demonstrates Boxer Bounce to Jab-Cross as named.","secondaryCanonicalGroups: [""Soleus"",""AnteriorLateralLowerLegAndDorsalFoot"",""ElbowExtensors"",""Chest"",""ShoulderAdductorsAndExtensors"",""ScapularGirdle"",""RotatorCuff"",""ForearmFlexorsAndPronators"",""ForearmExtensorsAndSupinators"",""IntrinsicHand"",""AbdominalWall"",""DeepAndIntersegmentalBack"",""DeepHipRotators"",""HipAbductors""] => [""Soleus"",""ElbowExtensors"",""Chest"",""ShoulderAdductorsAndExtensors"",""ScapularGirdle"",""ForearmFlexorsAndPronators"",""PelvicFloorAndPerineum""]","Associations were trimmed to meaningful visible mechanics; pelvic-floor involvement is retained only as evidence-supported secondary work for gait, single-leg support, or impact.","PASS","PASS","PASS","PASS","PASS","PASS","PASS or not applicable","PASS"
"576","PASS","Side-Step Rainbow Reach","Side-Step Rainbow Reach","name=Side-Step Rainbow Reach | demand=1 | primary=ShoulderAbductors | secondary=[ScapularGirdle;RotatorCuff] | practice=Low-impact conditioning | motion=SideStepRainbowReach | mode=Repetition | presentation=Motion | holdFrame=0 | side=Alternating | direction=None | blocks=[576:None:None:False:Full] | sessionMovement= | insect=Compatible | hardFloor=Compatible","name=Side-Step Rainbow Reach | demand=1 | primary=ShoulderAbductors | secondary=[ScapularGirdle;RotatorCuff] | practice=Low-impact conditioning | motion=SideStepRainbowReach | mode=Repetition | presentation=Motion | holdFrame=0 | side=Alternating | direction=None | blocks=[576:None:None:False:Full] | sessionMovement= | insect=Compatible | hardFloor=Compatible","The complete packaged loop demonstrates Side-Step Rainbow Reach as named.","None.","Full-loop review found the name, demand, anatomy, structure, and packaged media coherent.","PASS","PASS","PASS","PASS","PASS","PASS","PASS or not applicable","PASS"
"577","PASS","Single-Side Standing Side-Leg Raise with Side Reach","Single-Side Standing Side-Leg Raise with Side Reach","name=Single-Side Standing Side-Leg Raise with Side Reach | demand=1 | primary=HipAbductors | secondary=[GlutealExtensors;ShoulderAbductors;AbdominalWall;DeepAndIntersegmentalBack] | practice=Low-impact conditioning | motion=SideLegRaiseSideReach | mode=Repetition | presentation=Motion | holdFrame=0 | side=ScreenRightThenLeft | direction=None | blocks=[577:ScreenRight:None:False:Full;577:ScreenLeft:None:True:Full] | sessionMovement= | insect=Compatible | hardFloor=Compatible","name=Single-Side Standing Side-Leg Raise with Side Reach | demand=1 | primary=HipAbductors | secondary=[GlutealExtensors;ShoulderAbductors;AbdominalWall;DeepAndIntersegmentalBack] | practice=Low-impact conditioning | motion=SideLegRaiseSideReach | mode=Repetition | presentation=Motion | holdFrame=0 | side=ScreenRightThenLeft | direction=None | blocks=[577:ScreenRight:None:False:Full;577:ScreenLeft:None:True:Full] | sessionMovement= | insect=Compatible | hardFloor=Compatible","The complete packaged loop demonstrates Single-Side Standing Side-Leg Raise with Side Reach as named.","None.","Full-loop review found the name, demand, anatomy, structure, and packaged media coherent.","PASS","PASS","PASS","PASS","PASS","PASS","PASS or not applicable","PASS"
"578","CORRECTED","Bounce-Step Jab","Bounce-Step Jab","name=Bounce-Step Jab | demand=1 | primary=ElbowExtensors | secondary=[Chest;ShoulderAdductorsAndExtensors;ScapularGirdle;RotatorCuff;ForearmFlexorsAndPronators;ForearmExtensorsAndSupinators;IntrinsicHand;CalfDeepPosteriorLegAndPlantarFoot;Soleus;AnteriorLateralLowerLegAndDorsalFoot;AbdominalWall;DeepAndIntersegmentalBack;DeepHipRotators;HipAbductors] | practice=Boxing | motion=BounceStepJab | mode=Repetition | presentation=Motion | holdFrame=0 | side=ScreenLeftLeadThenRightLead | direction=None | blocks=[578:ShownLeadStance:None:False:Full;578:OppositeLeadStance:None:True:Full] | sessionMovement= | insect=Compatible | hardFloor=Incompatible","name=Bounce-Step Jab | demand=1 | primary=ElbowExtensors | secondary=[Chest;ShoulderAdductorsAndExtensors;ScapularGirdle;CalfDeepPosteriorLegAndPlantarFoot;Soleus;ForearmFlexorsAndPronators;PelvicFloorAndPerineum] | practice=Boxing | motion=BounceStepJab | mode=Repetition | presentation=Motion | holdFrame=0 | side=ScreenLeftLeadThenRightLead | direction=None | blocks=[578:ShownLeadStance:None:False:Full;578:OppositeLeadStance:None:True:Full] | sessionMovement= | insect=Compatible | hardFloor=Incompatible","The complete packaged loop demonstrates Bounce-Step Jab as named.","secondaryCanonicalGroups: [""Chest"",""ShoulderAdductorsAndExtensors"",""ScapularGirdle"",""RotatorCuff"",""ForearmFlexorsAndPronators"",""ForearmExtensorsAndSupinators"",""IntrinsicHand"",""CalfDeepPosteriorLegAndPlantarFoot"",""Soleus"",""AnteriorLateralLowerLegAndDorsalFoot"",""AbdominalWall"",""DeepAndIntersegmentalBack"",""DeepHipRotators"",""HipAbductors""] => [""Chest"",""ShoulderAdductorsAndExtensors"",""ScapularGirdle"",""CalfDeepPosteriorLegAndPlantarFoot"",""Soleus"",""ForearmFlexorsAndPronators"",""PelvicFloorAndPerineum""]","Associations were trimmed to meaningful visible mechanics; pelvic-floor involvement is retained only as evidence-supported secondary work for gait, single-leg support, or impact.","PASS","PASS","PASS","PASS","PASS","PASS","PASS or not applicable","PASS"
"581","CORRECTED","Toes-In Calf Raises for Pelvic-Floor Support","Toes-In Calf Raises","name=Toes-In Calf Raises for Pelvic-Floor Support | demand=1 | primary=PelvicFloorAndPerineum | secondary=[CalfDeepPosteriorLegAndPlantarFoot;Soleus;AnteriorLateralLowerLegAndDorsalFoot;MajorHipAdductors;AccessoryHipAdductors;HipAbductors;DeepHipRotators;GlutealExtensors;AbdominalWall;DeepAndIntersegmentalBack;BreathingMuscles] | practice=Pelvic floor training | motion=ToesInPelvicFloorCalfRaise | mode=Repetition | presentation=Motion | holdFrame=0 | side=Continuous | direction=None | blocks=[] | sessionMovement= | insect=Incompatible | hardFloor=Incompatible","name=Toes-In Calf Raises | demand=1 | primary=CalfDeepPosteriorLegAndPlantarFoot | secondary=[Soleus] | practice=Calf strengthening | motion=ToesInCalfRaise | mode=Repetition | presentation=Motion | holdFrame=0 | side=Continuous | direction=None | blocks=[] | sessionMovement= | insect=Incompatible | hardFloor=Incompatible","Two-leg calf raises with the toes turned inward.","motionProfile: ToesInPelvicFloorCalfRaise => ToesInCalfRaise | name: Toes-In Calf Raises for Pelvic-Floor Support => Toes-In Calf Raises | practice: Pelvic floor training => Calf strengthening | primaryCanonicalGroup: PelvicFloorAndPerineum => CalfDeepPosteriorLegAndPlantarFoot | secondaryCanonicalGroups: [""CalfDeepPosteriorLegAndPlantarFoot"",""Soleus"",""AnteriorLateralLowerLegAndDorsalFoot"",""MajorHipAdductors"",""AccessoryHipAdductors"",""HipAbductors"",""DeepHipRotators"",""GlutealExtensors"",""AbdominalWall"",""DeepAndIntersegmentalBack"",""BreathingMuscles""] => ""Soleus""","A silent loop cannot establish pelvic-floor support; only the visible toes-in calf-raise mechanics remain associated.","PASS","PASS","PASS","PASS","PASS","PASS","PASS or not applicable","PASS"
"582","CORRECTED","Toes-Out Calf Raises for Pelvic-Floor Support","Toes-Out Calf Raises","name=Toes-Out Calf Raises for Pelvic-Floor Support | demand=1 | primary=PelvicFloorAndPerineum | secondary=[CalfDeepPosteriorLegAndPlantarFoot;Soleus;AnteriorLateralLowerLegAndDorsalFoot;MajorHipAdductors;AccessoryHipAdductors;HipAbductors;DeepHipRotators;GlutealExtensors;AbdominalWall;DeepAndIntersegmentalBack;BreathingMuscles] | practice=Pelvic floor training | motion=ToesOutPelvicFloorCalfRaise | mode=Repetition | presentation=Motion | holdFrame=0 | side=Continuous | direction=None | blocks=[] | sessionMovement= | insect=Incompatible | hardFloor=Incompatible","name=Toes-Out Calf Raises | demand=1 | primary=CalfDeepPosteriorLegAndPlantarFoot | secondary=[Soleus] | practice=Calf strengthening | motion=ToesOutCalfRaise | mode=Repetition | presentation=Motion | holdFrame=0 | side=Continuous | direction=None | blocks=[] | sessionMovement= | insect=Incompatible | hardFloor=Incompatible","Two-leg calf raises with the toes turned outward.","motionProfile: ToesOutPelvicFloorCalfRaise => ToesOutCalfRaise | name: Toes-Out Calf Raises for Pelvic-Floor Support => Toes-Out Calf Raises | practice: Pelvic floor training => Calf strengthening | primaryCanonicalGroup: PelvicFloorAndPerineum => CalfDeepPosteriorLegAndPlantarFoot | secondaryCanonicalGroups: [""CalfDeepPosteriorLegAndPlantarFoot"",""Soleus"",""AnteriorLateralLowerLegAndDorsalFoot"",""MajorHipAdductors"",""AccessoryHipAdductors"",""HipAbductors"",""DeepHipRotators"",""GlutealExtensors"",""AbdominalWall"",""DeepAndIntersegmentalBack"",""BreathingMuscles""] => ""Soleus""","A silent loop cannot establish pelvic-floor support; only the visible toes-out calf-raise mechanics remain associated.","PASS","PASS","PASS","PASS","PASS","PASS","PASS or not applicable","PASS"
"583","CORRECTED","Bounce-Step Cross","Bounce-Step Cross","name=Bounce-Step Cross | demand=1 | primary=Chest | secondary=[ElbowExtensors;ShoulderAdductorsAndExtensors;ScapularGirdle;RotatorCuff;ForearmFlexorsAndPronators;ForearmExtensorsAndSupinators;IntrinsicHand;CalfDeepPosteriorLegAndPlantarFoot;Soleus;AnteriorLateralLowerLegAndDorsalFoot;AbdominalWall;DeepAndIntersegmentalBack;DeepHipRotators;HipAbductors] | practice=Boxing | motion=BounceStepCross | mode=Repetition | presentation=Motion | holdFrame=0 | side=ScreenLeftLeadThenRightLead | direction=None | blocks=[583:ShownLeadStance:None:False:Full;583:OppositeLeadStance:None:True:Full] | sessionMovement= | insect=Compatible | hardFloor=Incompatible","name=Bounce-Step Cross | demand=1 | primary=Chest | secondary=[ElbowExtensors;ShoulderAdductorsAndExtensors;ScapularGirdle;CalfDeepPosteriorLegAndPlantarFoot;Soleus;ForearmFlexorsAndPronators;PelvicFloorAndPerineum] | practice=Boxing | motion=BounceStepCross | mode=Repetition | presentation=Motion | holdFrame=0 | side=ScreenLeftLeadThenRightLead | direction=None | blocks=[583:ShownLeadStance:None:False:Full;583:OppositeLeadStance:None:True:Full] | sessionMovement= | insect=Compatible | hardFloor=Incompatible","The complete packaged loop demonstrates Bounce-Step Cross as named.","secondaryCanonicalGroups: [""ElbowExtensors"",""ShoulderAdductorsAndExtensors"",""ScapularGirdle"",""RotatorCuff"",""ForearmFlexorsAndPronators"",""ForearmExtensorsAndSupinators"",""IntrinsicHand"",""CalfDeepPosteriorLegAndPlantarFoot"",""Soleus"",""AnteriorLateralLowerLegAndDorsalFoot"",""AbdominalWall"",""DeepAndIntersegmentalBack"",""DeepHipRotators"",""HipAbductors""] => [""ElbowExtensors"",""ShoulderAdductorsAndExtensors"",""ScapularGirdle"",""CalfDeepPosteriorLegAndPlantarFoot"",""Soleus"",""ForearmFlexorsAndPronators"",""PelvicFloorAndPerineum""]","Associations were trimmed to meaningful visible mechanics; pelvic-floor involvement is retained only as evidence-supported secondary work for gait, single-leg support, or impact.","PASS","PASS","PASS","PASS","PASS","PASS","PASS or not applicable","PASS"
"588","PASS","Belly-Dance Alternating Shoulder Rolls","Belly-Dance Alternating Shoulder Rolls","name=Belly-Dance Alternating Shoulder Rolls | demand=1 | primary=ScapularGirdle | secondary=[RotatorCuff;ShoulderAbductors] | practice=Belly dance | motion=ShoulderCircle | mode=Repetition | presentation=Motion | holdFrame=0 | side=Alternating | direction=BackwardThenForward | blocks=[588:None:Backward:False:FirstDirection;588:None:Forward:False:SecondDirection] | sessionMovement= | insect=Incompatible | hardFloor=Compatible","name=Belly-Dance Alternating Shoulder Rolls | demand=1 | primary=ScapularGirdle | secondary=[RotatorCuff;ShoulderAbductors] | practice=Belly dance | motion=ShoulderCircle | mode=Repetition | presentation=Motion | holdFrame=0 | side=Alternating | direction=BackwardThenForward | blocks=[588:None:Backward:False:FirstDirection;588:None:Forward:False:SecondDirection] | sessionMovement= | insect=Incompatible | hardFloor=Compatible","The complete packaged loop demonstrates Belly-Dance Alternating Shoulder Rolls as named.","None.","Full-loop review found the name, demand, anatomy, structure, and packaged media coherent.","PASS","PASS","PASS","PASS","PASS","PASS","PASS or not applicable","PASS"
"591","CORRECTED","Shadow Boxing","Shadow Boxing","name=Shadow Boxing | demand=1 | primary=ShoulderAbductors | secondary=[ScapularGirdle;Chest;ElbowExtensors;ElbowFlexors;ForearmFlexorsAndPronators;RotatorCuff;AbdominalWall;DeepAndIntersegmentalBack;AnteriorLateralNeckAndHyoidMuscles;PosteriorNeckAndSuboccipitalMuscles;CranialMuscles;BreathingMuscles;CalfDeepPosteriorLegAndPlantarFoot;Soleus;AnteriorLateralLowerLegAndDorsalFoot] | practice=Boxing | motion=MartialHand | mode=Repetition | presentation=Motion | holdFrame=0 | side=ScreenLeftLeadThenRightLead | direction=None | blocks=[591:ShownLeadStance:None:False:Full;591:OppositeLeadStance:None:True:Full] | sessionMovement= | insect=Compatible | hardFloor=Compatible","name=Shadow Boxing | demand=1 | primary=ShoulderAbductors | secondary=[ScapularGirdle;Chest;ElbowExtensors;ElbowFlexors;RotatorCuff;AbdominalWall;CalfDeepPosteriorLegAndPlantarFoot] | practice=Boxing | motion=MartialHand | mode=Repetition | presentation=Motion | holdFrame=0 | side=ScreenLeftLeadThenRightLead | direction=None | blocks=[591:ShownLeadStance:None:False:Full;591:OppositeLeadStance:None:True:Full] | sessionMovement= | insect=Compatible | hardFloor=Compatible","The complete packaged loop demonstrates Shadow Boxing as named.","secondaryCanonicalGroups: [""ScapularGirdle"",""Chest"",""ElbowExtensors"",""ElbowFlexors"",""ForearmFlexorsAndPronators"",""RotatorCuff"",""AbdominalWall"",""DeepAndIntersegmentalBack"",""AnteriorLateralNeckAndHyoidMuscles"",""PosteriorNeckAndSuboccipitalMuscles"",""CranialMuscles"",""BreathingMuscles"",""CalfDeepPosteriorLegAndPlantarFoot"",""Soleus"",""AnteriorLateralLowerLegAndDorsalFoot""] => [""ScapularGirdle"",""Chest"",""ElbowExtensors"",""ElbowFlexors"",""RotatorCuff"",""AbdominalWall"",""CalfDeepPosteriorLegAndPlantarFoot""]","The full loop supports the named movement, but inherited or duplicative secondary associations were removed so only meaningful involvement remains.","PASS","PASS","PASS","PASS","PASS","PASS","PASS or not applicable","PASS"
"608","PASS","Hip Circles","Hip Circles","name=Hip Circles | demand=0 | primary=DeepHipRotators | secondary=[AbdominalWall;DeepAndIntersegmentalBack;HipAbductors] | practice=Standing mobility and movement practice | motion=HipCircle | mode=Repetition | presentation=Motion | holdFrame=0 | side=Continuous | direction=CounterclockwiseThenClockwise | blocks=[608:None:Counterclockwise:False:FirstDirection;608:None:Clockwise:False:SecondDirection] | sessionMovement= | insect=Incompatible | hardFloor=Compatible","name=Hip Circles | demand=0 | primary=DeepHipRotators | secondary=[AbdominalWall;DeepAndIntersegmentalBack;HipAbductors] | practice=Standing mobility and movement practice | motion=HipCircle | mode=Repetition | presentation=Motion | holdFrame=0 | side=Continuous | direction=CounterclockwiseThenClockwise | blocks=[608:None:Counterclockwise:False:FirstDirection;608:None:Clockwise:False:SecondDirection] | sessionMovement= | insect=Incompatible | hardFloor=Compatible","The complete packaged loop demonstrates Hip Circles as named.","None.","Full-loop review found the name, demand, anatomy, structure, and packaged media coherent.","PASS","PASS","PASS","PASS","PASS","PASS","PASS or not applicable","PASS"
"609","CORRECTED","First-Position Plié Squat and Rise","First-Position Plié Squat and Rise","name=First-Position Plié Squat and Rise | demand=1 | primary=PelvicFloorAndPerineum | secondary=[MajorHipAdductors;AccessoryHipAdductors;MedialAndDeepKneeExtensors;LateralKneeExtensors;GlutealExtensors;DeepHipRotators] | practice=Ballet conditioning | motion=Squat | mode=Repetition | presentation=Motion | holdFrame=0 | side=Continuous | direction=None | blocks=[609:None:None:False:Full] | sessionMovement= | insect=Compatible | hardFloor=Compatible","name=First-Position Plié Squat and Rise | demand=1 | primary=MajorHipAdductors | secondary=[AccessoryHipAdductors;MedialAndDeepKneeExtensors;LateralKneeExtensors;GlutealExtensors;DeepHipRotators] | practice=Ballet conditioning | motion=Squat | mode=Repetition | presentation=Motion | holdFrame=0 | side=Continuous | direction=None | blocks=[609:None:None:False:Full] | sessionMovement= | insect=Compatible | hardFloor=Compatible","The complete packaged loop demonstrates First-Position Plié Squat and Rise as named.","primaryCanonicalGroup: PelvicFloorAndPerineum => MajorHipAdductors | secondaryCanonicalGroups: [""MajorHipAdductors"",""AccessoryHipAdductors"",""MedialAndDeepKneeExtensors"",""LateralKneeExtensors"",""GlutealExtensors"",""DeepHipRotators""] => [""AccessoryHipAdductors"",""MedialAndDeepKneeExtensors"",""LateralKneeExtensors"",""GlutealExtensors"",""DeepHipRotators""]","The primary and secondary anatomy now follow the movement that supplies the visible mechanical demand, with inherited or duplicative associations removed.","PASS","PASS","PASS","PASS","PASS","PASS","PASS or not applicable","PASS"
"610","CORRECTED","Warrior II Hold","Warrior II Hold","name=Warrior II Hold | demand=2 | primary=PelvicFloorAndPerineum | secondary=[AbdominalWall;DeepAndIntersegmentalBack;GlutealExtensors;MedialAndDeepKneeExtensors;LateralKneeExtensors;MajorHipAdductors;AccessoryHipAdductors;HipAbductors;DeepHipRotators] | practice=Yoga | motion=Lunge | mode=Hold | presentation=Still | holdFrame=50 | side=ScreenRightThenLeft | direction=None | blocks=[610:ScreenRight:None:False:Full;610:ScreenLeft:None:True:Full;232:ScreenLeft:None:False:Full;232:ScreenRight:None:True:Full] | sessionMovement= | insect=Incompatible | hardFloor=Compatible","name=Warrior II Hold | demand=2 | primary=LateralKneeExtensors | secondary=[MedialAndDeepKneeExtensors;GlutealExtensors;MajorHipAdductors;AccessoryHipAdductors;HipAbductors;ShoulderAbductors;ScapularGirdle] | practice=Yoga | motion=Lunge | mode=Hold | presentation=Still | holdFrame=50 | side=ScreenRightThenLeft | direction=None | blocks=[610:ScreenRight:None:False:Full;610:ScreenLeft:None:True:Full;232:ScreenLeft:None:False:Full;232:ScreenRight:None:True:Full] | sessionMovement= | insect=Incompatible | hardFloor=Compatible","The complete packaged loop demonstrates Warrior II Hold as named.","primaryCanonicalGroup: PelvicFloorAndPerineum => LateralKneeExtensors | secondaryCanonicalGroups: [""AbdominalWall"",""DeepAndIntersegmentalBack"",""GlutealExtensors"",""MedialAndDeepKneeExtensors"",""LateralKneeExtensors"",""MajorHipAdductors"",""AccessoryHipAdductors"",""HipAbductors"",""DeepHipRotators""] => [""MedialAndDeepKneeExtensors"",""GlutealExtensors"",""MajorHipAdductors"",""AccessoryHipAdductors"",""HipAbductors"",""ShoulderAbductors"",""ScapularGirdle""]","The primary and secondary anatomy now follow the movement that supplies the visible mechanical demand, with inherited or duplicative associations removed.","PASS","PASS","PASS","PASS","PASS","PASS","PASS or not applicable","PASS"
"611","CORRECTED","Wide-Stance Hip Circles","Wide-Stance Hip Circles","name=Wide-Stance Hip Circles | demand=0 | primary=PelvicFloorAndPerineum | secondary=[AbdominalWall;DeepAndIntersegmentalBack;GlutealExtensors;MajorHipAdductors;AccessoryHipAdductors;HipAbductors;DeepHipRotators] | practice=Standing mobility | motion=HipCircle | mode=Repetition | presentation=Motion | holdFrame=0 | side=Continuous | direction=CounterclockwiseThenClockwise | blocks=[611:None:Counterclockwise:False:FirstDirection;611:None:Clockwise:False:SecondDirection] | sessionMovement= | insect=Incompatible | hardFloor=Compatible","name=Wide-Stance Hip Circles | demand=0 | primary=DeepHipRotators | secondary=[AbdominalWall;DeepAndIntersegmentalBack;HipAbductors;MajorHipAdductors;GlutealExtensors] | practice=Standing mobility | motion=HipCircle | mode=Repetition | presentation=Motion | holdFrame=0 | side=Continuous | direction=CounterclockwiseThenClockwise | blocks=[611:None:Counterclockwise:False:FirstDirection;611:None:Clockwise:False:SecondDirection] | sessionMovement= | insect=Incompatible | hardFloor=Compatible","The complete packaged loop demonstrates Wide-Stance Hip Circles as named.","primaryCanonicalGroup: PelvicFloorAndPerineum => DeepHipRotators | secondaryCanonicalGroups: [""AbdominalWall"",""DeepAndIntersegmentalBack"",""GlutealExtensors"",""MajorHipAdductors"",""AccessoryHipAdductors"",""HipAbductors"",""DeepHipRotators""] => [""AbdominalWall"",""DeepAndIntersegmentalBack"",""HipAbductors"",""MajorHipAdductors"",""GlutealExtensors""]","The primary and secondary anatomy now follow the movement that supplies the visible mechanical demand, with inherited or duplicative associations removed.","PASS","PASS","PASS","PASS","PASS","PASS","PASS or not applicable","PASS"
"612","CORRECTED","Standing Lateral Leg Lift","Standing Lateral Leg Lift","name=Standing Lateral Leg Lift | demand=1 | primary=PelvicFloorAndPerineum | secondary=[HipAbductors;GlutealExtensors;DeepHipRotators;CalfDeepPosteriorLegAndPlantarFoot] | practice=Bodyweight strength | motion=HipAbduction | mode=Repetition | presentation=Motion | holdFrame=0 | side=ScreenRightThenLeft | direction=None | blocks=[612:ScreenRight:None:False:Full;612:ScreenLeft:None:True:Full;530:None:None:False:Full] | sessionMovement= | insect=Incompatible | hardFloor=Compatible","name=Standing Lateral Leg Lift | demand=1 | primary=HipAbductors | secondary=[GlutealExtensors;DeepHipRotators] | practice=Bodyweight strength | motion=HipAbduction | mode=Repetition | presentation=Motion | holdFrame=0 | side=ScreenRightThenLeft | direction=None | blocks=[612:ScreenRight:None:False:Full;612:ScreenLeft:None:True:Full;530:None:None:False:Full] | sessionMovement= | insect=Incompatible | hardFloor=Compatible","The complete packaged loop demonstrates Standing Lateral Leg Lift as named.","primaryCanonicalGroup: PelvicFloorAndPerineum => HipAbductors | secondaryCanonicalGroups: [""HipAbductors"",""GlutealExtensors"",""DeepHipRotators"",""CalfDeepPosteriorLegAndPlantarFoot""] => [""GlutealExtensors"",""DeepHipRotators""]","The primary and secondary anatomy now follow the movement that supplies the visible mechanical demand, with inherited or duplicative associations removed.","PASS","PASS","PASS","PASS","PASS","PASS","PASS or not applicable","PASS"
"613","CORRECTED","Balance March","Balance March","name=Balance March | demand=1 | primary=PelvicFloorAndPerineum | secondary=[HipFlexors;AnteriorLateralLowerLegAndDorsalFoot;CalfDeepPosteriorLegAndPlantarFoot;AbdominalWall] | practice=Balance training | motion=BalanceMarch | mode=Repetition | presentation=Motion | holdFrame=0 | side=Alternating | direction=None | blocks=[613:None:None:False:Full] | sessionMovement= | insect=Compatible | hardFloor=Compatible","name=Balance March | demand=1 | primary=HipFlexors | secondary=[AnteriorLateralLowerLegAndDorsalFoot;CalfDeepPosteriorLegAndPlantarFoot;ShoulderAbductors;AbdominalWall;PelvicFloorAndPerineum] | practice=Balance training | motion=BalanceMarch | mode=Repetition | presentation=Motion | holdFrame=0 | side=Alternating | direction=None | blocks=[613:None:None:False:Full] | sessionMovement= | insect=Compatible | hardFloor=Compatible","The complete packaged loop demonstrates Balance March as named.","primaryCanonicalGroup: PelvicFloorAndPerineum => HipFlexors | secondaryCanonicalGroups: [""HipFlexors"",""AnteriorLateralLowerLegAndDorsalFoot"",""CalfDeepPosteriorLegAndPlantarFoot"",""AbdominalWall""] => [""AnteriorLateralLowerLegAndDorsalFoot"",""CalfDeepPosteriorLegAndPlantarFoot"",""ShoulderAbductors"",""AbdominalWall"",""PelvicFloorAndPerineum""]","Associations were trimmed to meaningful visible mechanics; pelvic-floor involvement is retained only as evidence-supported secondary work for gait, single-leg support, or impact.","PASS","PASS","PASS","PASS","PASS","PASS","PASS or not applicable","PASS"
"614","PASS","Alternating Reinforced Forearm Blocks","Alternating Reinforced Forearm Blocks","name=Alternating Reinforced Forearm Blocks | demand=1 | primary=ForearmFlexorsAndPronators | secondary=[ForearmExtensorsAndSupinators;ElbowFlexors;RotatorCuff;ScapularGirdle] | practice=Martial-arts conditioning | motion=ArmSweep | mode=Repetition | presentation=Motion | holdFrame=0 | side=Alternating | direction=None | blocks=[614:None:None:False:Full] | sessionMovement= | insect=Incompatible | hardFloor=Compatible","name=Alternating Reinforced Forearm Blocks | demand=1 | primary=ForearmFlexorsAndPronators | secondary=[ForearmExtensorsAndSupinators;ElbowFlexors;RotatorCuff;ScapularGirdle] | practice=Martial-arts conditioning | motion=ArmSweep | mode=Repetition | presentation=Motion | holdFrame=0 | side=Alternating | direction=None | blocks=[614:None:None:False:Full] | sessionMovement= | insect=Incompatible | hardFloor=Compatible","The complete packaged loop demonstrates Alternating Reinforced Forearm Blocks as named.","None.","Full-loop review found the name, demand, anatomy, structure, and packaged media coherent.","PASS","PASS","PASS","PASS","PASS","PASS","PASS or not applicable","PASS"
"615","CORRECTED","Hamstring Curl with Prayer Hands","Alternating Hamstring Curls with Prayer Hands","name=Hamstring Curl with Prayer Hands | demand=1 | primary=PelvicFloorAndPerineum | secondary=[AbdominalWall;GlutealExtensors;SpinalExtensors;DeepAndIntersegmentalBack] | practice=Standing pelvic mobility | motion=HamstringCurlPrayer | mode=Repetition | presentation=Motion | holdFrame=0 | side=Alternating | direction=None | blocks=[615:None:None:False:Full] | sessionMovement= | insect=Incompatible | hardFloor=Compatible","name=Alternating Hamstring Curls with Prayer Hands | demand=1 | primary=PosteriorThighAndKneeFlexors | secondary=[GlutealExtensors] | practice=Standing conditioning | motion=HamstringCurlPrayer | mode=Repetition | presentation=Motion | holdFrame=0 | side=Alternating | direction=None | blocks=[615:None:None:False:Full] | sessionMovement= | insect=Incompatible | hardFloor=Compatible","Alternating standing hamstring curls while the hands remain together in a prayer position.","name: Hamstring Curl with Prayer Hands => Alternating Hamstring Curls with Prayer Hands | practice: Standing pelvic mobility => Standing conditioning | primaryCanonicalGroup: PelvicFloorAndPerineum => PosteriorThighAndKneeFlexors | secondaryCanonicalGroups: [""AbdominalWall"",""GlutealExtensors"",""SpinalExtensors"",""DeepAndIntersegmentalBack""] => ""GlutealExtensors""","The loop clearly alternates hamstring curls; the name, primary muscle, and supporting associations now state that movement directly.","PASS","PASS","PASS","PASS","PASS","PASS","PASS or not applicable","PASS"
"616","CORRECTED","Standing Overhead Chop","Standing Overhead Chop","name=Standing Overhead Chop | demand=1 | primary=PelvicFloorAndPerineum | secondary=[AbdominalWall;ShoulderAdductorsAndExtensors;ScapularGirdle;DeepAndIntersegmentalBack] | practice=Standing mobility | motion=DiagonalReach | mode=Repetition | presentation=Motion | holdFrame=0 | side=Continuous | direction=None | blocks=[616:None:None:False:Full] | sessionMovement= | insect=Incompatible | hardFloor=Compatible","name=Standing Overhead Chop | demand=1 | primary=ShoulderAdductorsAndExtensors | secondary=[ScapularGirdle;DeepAndIntersegmentalBack;AbdominalWall] | practice=Standing mobility | motion=DiagonalReach | mode=Repetition | presentation=Motion | holdFrame=0 | side=Continuous | direction=None | blocks=[616:None:None:False:Full] | sessionMovement= | insect=Incompatible | hardFloor=Compatible","The complete packaged loop demonstrates Standing Overhead Chop as named.","primaryCanonicalGroup: PelvicFloorAndPerineum => ShoulderAdductorsAndExtensors | secondaryCanonicalGroups: [""AbdominalWall"",""ShoulderAdductorsAndExtensors"",""ScapularGirdle"",""DeepAndIntersegmentalBack""] => [""ScapularGirdle"",""DeepAndIntersegmentalBack"",""AbdominalWall""]","The primary and secondary anatomy now follow the movement that supplies the visible mechanical demand, with inherited or duplicative associations removed.","PASS","PASS","PASS","PASS","PASS","PASS","PASS or not applicable","PASS"
"617","PASS","Standing Forward Side-Leg Circles","Standing Forward Side-Leg Circles","name=Standing Forward Side-Leg Circles | demand=1 | primary=HipAbductors | secondary=[DeepHipRotators;GlutealExtensors;AbdominalWall] | practice=Standing mobility and movement practice | motion=HipCircle | mode=Repetition | presentation=Motion | holdFrame=0 | side=ScreenLeftThenRight | direction=None | blocks=[617:ScreenLeft:None:False:Full;617:ScreenRight:None:True:Full;620:ScreenLeft:None:False:Full;620:ScreenRight:None:True:Full] | sessionMovement= | insect=Incompatible | hardFloor=Compatible","name=Standing Forward Side-Leg Circles | demand=1 | primary=HipAbductors | secondary=[DeepHipRotators;GlutealExtensors;AbdominalWall] | practice=Standing mobility and movement practice | motion=HipCircle | mode=Repetition | presentation=Motion | holdFrame=0 | side=ScreenLeftThenRight | direction=None | blocks=[617:ScreenLeft:None:False:Full;617:ScreenRight:None:True:Full;620:ScreenLeft:None:False:Full;620:ScreenRight:None:True:Full] | sessionMovement= | insect=Incompatible | hardFloor=Compatible","The complete packaged loop demonstrates Standing Forward Side-Leg Circles as named.","None.","Full-loop review found the name, demand, anatomy, structure, and packaged media coherent.","PASS","PASS","PASS","PASS","PASS","PASS","PASS or not applicable","PASS"
"618","PASS","Single-Side High-Knee Hold with Side Reach","Single-Side High-Knee Hold with Side Reach","name=Single-Side High-Knee Hold with Side Reach | demand=1 | primary=HipFlexors | secondary=[SpinalExtensors;DeepAndIntersegmentalBack;AbdominalWall;ShoulderAbductors] | practice=Standing balance and mobility | motion=HighKneeSideReach | mode=Repetition | presentation=Motion | holdFrame=0 | side=ScreenLeftThenRight | direction=None | blocks=[618:ScreenLeft:None:False:Full;618:ScreenRight:None:True:Full] | sessionMovement= | insect=Compatible | hardFloor=Compatible","name=Single-Side High-Knee Hold with Side Reach | demand=1 | primary=HipFlexors | secondary=[SpinalExtensors;DeepAndIntersegmentalBack;AbdominalWall;ShoulderAbductors] | practice=Standing balance and mobility | motion=HighKneeSideReach | mode=Repetition | presentation=Motion | holdFrame=0 | side=ScreenLeftThenRight | direction=None | blocks=[618:ScreenLeft:None:False:Full;618:ScreenRight:None:True:Full] | sessionMovement= | insect=Compatible | hardFloor=Compatible","The complete packaged loop demonstrates Single-Side High-Knee Hold with Side Reach as named.","None.","Full-loop review found the name, demand, anatomy, structure, and packaged media coherent.","PASS","PASS","PASS","PASS","PASS","PASS","PASS or not applicable","PASS"
"619","CORRECTED","Squat with Forward Scoop","Squat with Forward Scoop","name=Squat with Forward Scoop | demand=2 | primary=PelvicFloorAndPerineum | secondary=[MedialAndDeepKneeExtensors;LateralKneeExtensors;GlutealExtensors;AbdominalWall] | practice=Standing pelvic-floor movement | motion=SquatReach | mode=Repetition | presentation=Motion | holdFrame=0 | side=Continuous | direction=None | blocks=[619:None:None:False:Full] | sessionMovement= | insect=Compatible | hardFloor=Compatible","name=Squat with Forward Scoop | demand=2 | primary=MedialAndDeepKneeExtensors | secondary=[LateralKneeExtensors;GlutealExtensors;ShoulderAbductors;ScapularGirdle] | practice=Standing pelvic-floor movement | motion=SquatReach | mode=Repetition | presentation=Motion | holdFrame=0 | side=Continuous | direction=None | blocks=[619:None:None:False:Full] | sessionMovement= | insect=Compatible | hardFloor=Compatible","The complete packaged loop demonstrates Squat with Forward Scoop as named.","primaryCanonicalGroup: PelvicFloorAndPerineum => MedialAndDeepKneeExtensors | secondaryCanonicalGroups: [""MedialAndDeepKneeExtensors"",""LateralKneeExtensors"",""GlutealExtensors"",""AbdominalWall""] => [""LateralKneeExtensors"",""GlutealExtensors"",""ShoulderAbductors"",""ScapularGirdle""]","The primary and secondary anatomy now follow the movement that supplies the visible mechanical demand, with inherited or duplicative associations removed.","PASS","PASS","PASS","PASS","PASS","PASS","PASS or not applicable","PASS"
"620","PASS","Standing Backward Side-Leg Circles","Standing Backward Side-Leg Circles","name=Standing Backward Side-Leg Circles | demand=1 | primary=HipAbductors | secondary=[DeepHipRotators;GlutealExtensors;AbdominalWall] | practice=Standing mobility and movement practice | motion=HipCircle | mode=Repetition | presentation=Motion | holdFrame=0 | side=ScreenLeftThenRight | direction=None | blocks=[] | sessionMovement= | insect=Incompatible | hardFloor=Compatible","name=Standing Backward Side-Leg Circles | demand=1 | primary=HipAbductors | secondary=[DeepHipRotators;GlutealExtensors;AbdominalWall] | practice=Standing mobility and movement practice | motion=HipCircle | mode=Repetition | presentation=Motion | holdFrame=0 | side=ScreenLeftThenRight | direction=None | blocks=[] | sessionMovement= | insect=Incompatible | hardFloor=Compatible","The complete packaged loop demonstrates Standing Backward Side-Leg Circles as named.","None.","Full-loop review found the name, demand, anatomy, structure, and packaged media coherent.","PASS","PASS","PASS","PASS","PASS","PASS","PASS or not applicable","PASS"
"625","PASS","Standing Roll-Down with Halfway Lift","Standing Roll-Down with Halfway Lift","name=Standing Roll-Down with Halfway Lift | demand=1 | primary=DeepAndIntersegmentalBack | secondary=[SpinalExtensors;PosteriorThighAndKneeFlexors;AbdominalWall] | practice=Standing Pilates | motion=RollDown | mode=Repetition | presentation=Motion | holdFrame=0 | side=Continuous | direction=None | blocks=[625:None:None:False:Full] | sessionMovement= | insect=Incompatible | hardFloor=Compatible","name=Standing Roll-Down with Halfway Lift | demand=1 | primary=DeepAndIntersegmentalBack | secondary=[SpinalExtensors;PosteriorThighAndKneeFlexors;AbdominalWall] | practice=Standing Pilates | motion=RollDown | mode=Repetition | presentation=Motion | holdFrame=0 | side=Continuous | direction=None | blocks=[625:None:None:False:Full] | sessionMovement= | insect=Incompatible | hardFloor=Compatible","The complete packaged loop demonstrates Standing Roll-Down with Halfway Lift as named.","None.","Full-loop review found the name, demand, anatomy, structure, and packaged media coherent.","PASS","PASS","PASS","PASS","PASS","PASS","PASS or not applicable","PASS"
"626","PASS","Sumo Squat Hold","Sumo Squat Hold","name=Sumo Squat Hold | demand=2 | primary=MajorHipAdductors | secondary=[AccessoryHipAdductors;MedialAndDeepKneeExtensors;LateralKneeExtensors;GlutealExtensors] | practice=Sumo | motion=HipOpenClose | mode=Hold | presentation=Still | holdFrame=55 | side=Continuous | direction=None | blocks=[] | sessionMovement=104 | insect=Incompatible | hardFloor=Compatible","name=Sumo Squat Hold | demand=2 | primary=MajorHipAdductors | secondary=[AccessoryHipAdductors;MedialAndDeepKneeExtensors;LateralKneeExtensors;GlutealExtensors] | practice=Sumo | motion=HipOpenClose | mode=Hold | presentation=Still | holdFrame=55 | side=Continuous | direction=None | blocks=[] | sessionMovement=104 | insect=Incompatible | hardFloor=Compatible","The complete packaged loop demonstrates Sumo Squat Hold as named.","None.","Full-loop review found the name, demand, anatomy, structure, and packaged media coherent.","PASS","PASS","PASS","PASS","PASS","PASS","PASS or not applicable","PASS"
"632","PASS","Hip-Flexor Side Stretch","Hip-Flexor Side Stretch","name=Hip-Flexor Side Stretch | demand=0 | primary=HipFlexors | secondary=[AbdominalWall] | practice=Stretching | motion=HipHinge | mode=Hold | presentation=Still | holdFrame=10 | side=ScreenRightThenLeft | direction=None | blocks=[632:ScreenRight:None:False:Full;632:ScreenLeft:None:True:Full] | sessionMovement= | insect=Incompatible | hardFloor=Compatible","name=Hip-Flexor Side Stretch | demand=0 | primary=HipFlexors | secondary=[AbdominalWall] | practice=Stretching | motion=HipHinge | mode=Hold | presentation=Still | holdFrame=10 | side=ScreenRightThenLeft | direction=None | blocks=[632:ScreenRight:None:False:Full;632:ScreenLeft:None:True:Full] | sessionMovement= | insect=Incompatible | hardFloor=Compatible","The complete packaged loop demonstrates Hip-Flexor Side Stretch as named.","None.","Full-loop review found the name, demand, anatomy, structure, and packaged media coherent.","PASS","PASS","PASS","PASS","PASS","PASS","PASS or not applicable","PASS"
"636","PASS","Curtsy-Lunge Hold","Curtsy-Lunge Hold","name=Curtsy-Lunge Hold | demand=2 | primary=GlutealExtensors | secondary=[MajorHipAdductors;AccessoryHipAdductors;MedialAndDeepKneeExtensors;LateralKneeExtensors;PosteriorThighAndKneeFlexors;AbdominalWall] | practice=Bodyweight isometrics | motion=CurtsyLungeHold | mode=Hold | presentation=Still | holdFrame=28 | side=ScreenRightThenLeft | direction=None | blocks=[636:ScreenRight:None:False:Full;636:ScreenLeft:None:True:Full] | sessionMovement=124 | insect=Incompatible | hardFloor=Compatible","name=Curtsy-Lunge Hold | demand=2 | primary=GlutealExtensors | secondary=[MajorHipAdductors;AccessoryHipAdductors;MedialAndDeepKneeExtensors;LateralKneeExtensors;PosteriorThighAndKneeFlexors;AbdominalWall] | practice=Bodyweight isometrics | motion=CurtsyLungeHold | mode=Hold | presentation=Still | holdFrame=28 | side=ScreenRightThenLeft | direction=None | blocks=[636:ScreenRight:None:False:Full;636:ScreenLeft:None:True:Full] | sessionMovement=124 | insect=Incompatible | hardFloor=Compatible","The complete packaged loop demonstrates Curtsy-Lunge Hold as named.","None.","Full-loop review found the name, demand, anatomy, structure, and packaged media coherent.","PASS","PASS","PASS","PASS","PASS","PASS","PASS or not applicable","PASS"
"647","PASS","Alternating Knee Lift with Overhead Reach","Alternating Knee Lift with Overhead Reach","name=Alternating Knee Lift with Overhead Reach | demand=1 | primary=HipFlexors | secondary=[AbdominalWall;ShoulderAbductors;ScapularGirdle] | practice=Bodyweight conditioning | motion=KneeDrive | mode=Repetition | presentation=Motion | holdFrame=0 | side=Alternating | direction=None | blocks=[647:None:None:False:Full] | sessionMovement= | insect=Compatible | hardFloor=Compatible","name=Alternating Knee Lift with Overhead Reach | demand=1 | primary=HipFlexors | secondary=[AbdominalWall;ShoulderAbductors;ScapularGirdle] | practice=Bodyweight conditioning | motion=KneeDrive | mode=Repetition | presentation=Motion | holdFrame=0 | side=Alternating | direction=None | blocks=[647:None:None:False:Full] | sessionMovement= | insect=Compatible | hardFloor=Compatible","The complete packaged loop demonstrates Alternating Knee Lift with Overhead Reach as named.","None.","Full-loop review found the name, demand, anatomy, structure, and packaged media coherent.","PASS","PASS","PASS","PASS","PASS","PASS","PASS or not applicable","PASS"
"648","PASS","Standing Back-Leg Lift","Standing Back-Leg Lift","name=Standing Back-Leg Lift | demand=1 | primary=GlutealExtensors | secondary=[PosteriorThighAndKneeFlexors;SpinalExtensors] | practice=Standing mobility and movement practice | motion=HipShift | mode=Repetition | presentation=Motion | holdFrame=0 | side=ScreenRightThenLeft | direction=None | blocks=[648:ScreenRight:None:False:Full;648:ScreenLeft:None:True:Full] | sessionMovement= | insect=Incompatible | hardFloor=Compatible","name=Standing Back-Leg Lift | demand=1 | primary=GlutealExtensors | secondary=[PosteriorThighAndKneeFlexors;SpinalExtensors] | practice=Standing mobility and movement practice | motion=HipShift | mode=Repetition | presentation=Motion | holdFrame=0 | side=ScreenRightThenLeft | direction=None | blocks=[648:ScreenRight:None:False:Full;648:ScreenLeft:None:True:Full] | sessionMovement= | insect=Incompatible | hardFloor=Compatible","The complete packaged loop demonstrates Standing Back-Leg Lift as named.","None.","Full-loop review found the name, demand, anatomy, structure, and packaged media coherent.","PASS","PASS","PASS","PASS","PASS","PASS","PASS or not applicable","PASS"
"649","PASS","Standing Bent-Knee Hip Abduction","Standing Bent-Knee Hip Abduction","name=Standing Bent-Knee Hip Abduction | demand=1 | primary=HipAbductors | secondary=[GlutealExtensors;DeepHipRotators] | practice=Standing conditioning | motion=HipAbductionBentKnee | mode=Repetition | presentation=Motion | holdFrame=0 | side=ScreenRightThenLeft | direction=None | blocks=[649:ScreenRight:None:False:Full;649:ScreenLeft:None:True:Full] | sessionMovement=159 | insect=Incompatible | hardFloor=Compatible","name=Standing Bent-Knee Hip Abduction | demand=1 | primary=HipAbductors | secondary=[GlutealExtensors;DeepHipRotators] | practice=Standing conditioning | motion=HipAbductionBentKnee | mode=Repetition | presentation=Motion | holdFrame=0 | side=ScreenRightThenLeft | direction=None | blocks=[649:ScreenRight:None:False:Full;649:ScreenLeft:None:True:Full] | sessionMovement=159 | insect=Incompatible | hardFloor=Compatible","The complete packaged loop demonstrates Standing Bent-Knee Hip Abduction as named.","None.","Full-loop review found the name, demand, anatomy, structure, and packaged media coherent.","PASS","PASS","PASS","PASS","PASS","PASS","PASS or not applicable","PASS"
"654","PASS","Single-Side Leg Lift to Overhead Knee Drive","Single-Side Leg Lift to Overhead Knee Drive","name=Single-Side Leg Lift to Overhead Knee Drive | demand=1 | primary=HipAbductors | secondary=[HipFlexors;GlutealExtensors;AbdominalWall;ShoulderAbductors;ScapularGirdle] | practice=Standing strength and balance | motion=LegLiftKneeDrive | mode=Repetition | presentation=Motion | holdFrame=0 | side=ScreenRightThenLeft | direction=None | blocks=[654:ScreenRight:None:False:Full;654:ScreenLeft:None:True:Full] | sessionMovement= | insect=Compatible | hardFloor=Compatible","name=Single-Side Leg Lift to Overhead Knee Drive | demand=1 | primary=HipAbductors | secondary=[HipFlexors;GlutealExtensors;AbdominalWall;ShoulderAbductors;ScapularGirdle] | practice=Standing strength and balance | motion=LegLiftKneeDrive | mode=Repetition | presentation=Motion | holdFrame=0 | side=ScreenRightThenLeft | direction=None | blocks=[654:ScreenRight:None:False:Full;654:ScreenLeft:None:True:Full] | sessionMovement= | insect=Compatible | hardFloor=Compatible","The complete packaged loop demonstrates Single-Side Leg Lift to Overhead Knee Drive as named.","None.","Full-loop review found the name, demand, anatomy, structure, and packaged media coherent.","PASS","PASS","PASS","PASS","PASS","PASS","PASS or not applicable","PASS"
"666","PASS","Ballet Arabesque","Ballet Arabesque","name=Ballet Arabesque | demand=1 | primary=SpinalExtensors | secondary=[GlutealExtensors;PosteriorThighAndKneeFlexors;DeepAndIntersegmentalBack] | practice=Ballet | motion=HipLegArc | mode=Repetition | presentation=Motion | holdFrame=0 | side=ScreenRightThenLeft | direction=None | blocks=[666:ScreenRight:None:False:Full;666:ScreenLeft:None:True:Full] | sessionMovement= | insect=Compatible | hardFloor=Compatible","name=Ballet Arabesque | demand=1 | primary=SpinalExtensors | secondary=[GlutealExtensors;PosteriorThighAndKneeFlexors;DeepAndIntersegmentalBack] | practice=Ballet | motion=HipLegArc | mode=Repetition | presentation=Motion | holdFrame=0 | side=ScreenRightThenLeft | direction=None | blocks=[666:ScreenRight:None:False:Full;666:ScreenLeft:None:True:Full] | sessionMovement= | insect=Compatible | hardFloor=Compatible","The complete packaged loop demonstrates Ballet Arabesque as named.","None.","Full-loop review found the name, demand, anatomy, structure, and packaged media coherent.","PASS","PASS","PASS","PASS","PASS","PASS","PASS or not applicable","PASS"
"677","PASS","Bent-Elbow Reverse-Fly Hold","Bent-Elbow Reverse-Fly Hold","name=Bent-Elbow Reverse-Fly Hold | demand=2 | primary=ScapularGirdle | secondary=[ShoulderAdductorsAndExtensors;RotatorCuff;ShoulderAbductors] | practice=Upper-back isometrics | motion=ReverseFlyHold | mode=Hold | presentation=Still | holdFrame=33 | side=Continuous | direction=None | blocks=[] | sessionMovement=261 | insect=Incompatible | hardFloor=Compatible","name=Bent-Elbow Reverse-Fly Hold | demand=2 | primary=ScapularGirdle | secondary=[ShoulderAdductorsAndExtensors;RotatorCuff;ShoulderAbductors] | practice=Upper-back isometrics | motion=ReverseFlyHold | mode=Hold | presentation=Still | holdFrame=33 | side=Continuous | direction=None | blocks=[] | sessionMovement=261 | insect=Incompatible | hardFloor=Compatible","The complete packaged loop demonstrates Bent-Elbow Reverse-Fly Hold as named.","None.","Full-loop review found the name, demand, anatomy, structure, and packaged media coherent.","PASS","PASS","PASS","PASS","PASS","PASS","PASS or not applicable","PASS"
"678","PASS","Overhead Arm Figure Eight","Overhead Arm Figure Eight","name=Overhead Arm Figure Eight | demand=1 | primary=RotatorCuff | secondary=[ShoulderAbductors;ScapularGirdle] | practice=Standing bodyweight conditioning | motion=OverheadFigureEight | mode=Repetition | presentation=Motion | holdFrame=0 | side=Continuous | direction=None | blocks=[678:None:None:False:Full] | sessionMovement= | insect=Incompatible | hardFloor=Compatible","name=Overhead Arm Figure Eight | demand=1 | primary=RotatorCuff | secondary=[ShoulderAbductors;ScapularGirdle] | practice=Standing bodyweight conditioning | motion=OverheadFigureEight | mode=Repetition | presentation=Motion | holdFrame=0 | side=Continuous | direction=None | blocks=[678:None:None:False:Full] | sessionMovement= | insect=Incompatible | hardFloor=Compatible","The complete packaged loop demonstrates Overhead Arm Figure Eight as named.","None.","Full-loop review found the name, demand, anatomy, structure, and packaged media coherent.","PASS","PASS","PASS","PASS","PASS","PASS","PASS or not applicable","PASS"
"681","PASS","Muay Thai Downward Elbow Strike","Muay Thai Downward Elbow Strike","name=Muay Thai Downward Elbow Strike | demand=1 | primary=ShoulderAdductorsAndExtensors | secondary=[ElbowFlexors;AbdominalWall;ScapularGirdle;RotatorCuff] | practice=Muay Thai | motion=MartialHand | mode=Repetition | presentation=Motion | holdFrame=0 | side=ScreenRightThenLeft | direction=None | blocks=[681:ScreenRight:None:False:Full;681:ScreenLeft:None:True:Full] | sessionMovement= | insect=Compatible | hardFloor=Compatible","name=Muay Thai Downward Elbow Strike | demand=1 | primary=ShoulderAdductorsAndExtensors | secondary=[ElbowFlexors;AbdominalWall;ScapularGirdle;RotatorCuff] | practice=Muay Thai | motion=MartialHand | mode=Repetition | presentation=Motion | holdFrame=0 | side=ScreenRightThenLeft | direction=None | blocks=[681:ScreenRight:None:False:Full;681:ScreenLeft:None:True:Full] | sessionMovement= | insect=Compatible | hardFloor=Compatible","The complete packaged loop demonstrates Muay Thai Downward Elbow Strike as named.","None.","Full-loop review found the name, demand, anatomy, structure, and packaged media coherent.","PASS","PASS","PASS","PASS","PASS","PASS","PASS or not applicable","PASS"
"683","PASS","Alternating Palm-Up Shoulder Rotations","Alternating Palm-Up Shoulder Rotations","name=Alternating Palm-Up Shoulder Rotations | demand=1 | primary=RotatorCuff | secondary=[ShoulderAbductors;ScapularGirdle;Chest] | practice=Shoulder mobility | motion=AlternatingPalmFlip | mode=Repetition | presentation=Motion | holdFrame=0 | side=Alternating | direction=None | blocks=[683:None:None:False:Full] | sessionMovement= | insect=Incompatible | hardFloor=Compatible","name=Alternating Palm-Up Shoulder Rotations | demand=1 | primary=RotatorCuff | secondary=[ShoulderAbductors;ScapularGirdle;Chest] | practice=Shoulder mobility | motion=AlternatingPalmFlip | mode=Repetition | presentation=Motion | holdFrame=0 | side=Alternating | direction=None | blocks=[683:None:None:False:Full] | sessionMovement= | insect=Incompatible | hardFloor=Compatible","The complete packaged loop demonstrates Alternating Palm-Up Shoulder Rotations as named.","None.","Full-loop review found the name, demand, anatomy, structure, and packaged media coherent.","PASS","PASS","PASS","PASS","PASS","PASS","PASS or not applicable","PASS"
"684","PASS","Knee Strike to Horizontal Elbow Strike","Knee Strike to Horizontal Elbow Strike","name=Knee Strike to Horizontal Elbow Strike | demand=1 | primary=AbdominalWall | secondary=[Chest;ShoulderAdductorsAndExtensors;DeepHipRotators] | practice=Martial-arts conditioning | motion=KneeElbowStrikeCombo | mode=Repetition | presentation=Motion | holdFrame=0 | side=ScreenLeftThenRight | direction=None | blocks=[684:ScreenLeft:None:False:Full;684:ScreenRight:None:True:Full] | sessionMovement= | insect=Compatible | hardFloor=Compatible","name=Knee Strike to Horizontal Elbow Strike | demand=1 | primary=AbdominalWall | secondary=[Chest;ShoulderAdductorsAndExtensors;DeepHipRotators] | practice=Martial-arts conditioning | motion=KneeElbowStrikeCombo | mode=Repetition | presentation=Motion | holdFrame=0 | side=ScreenLeftThenRight | direction=None | blocks=[684:ScreenLeft:None:False:Full;684:ScreenRight:None:True:Full] | sessionMovement= | insect=Compatible | hardFloor=Compatible","The complete packaged loop demonstrates Knee Strike to Horizontal Elbow Strike as named.","None.","Full-loop review found the name, demand, anatomy, structure, and packaged media coherent.","PASS","PASS","PASS","PASS","PASS","PASS","PASS or not applicable","PASS"
"685","PASS","Static-Stance Karate Reverse Punch","Static-Stance Karate Reverse Punch","name=Static-Stance Karate Reverse Punch | demand=1 | primary=ElbowExtensors | secondary=[Chest;ForearmFlexorsAndPronators;ShoulderAbductors;ScapularGirdle;RotatorCuff;IntrinsicHand;AbdominalWall] | practice=Karate | motion=ReversePunch | mode=Repetition | presentation=Motion | holdFrame=0 | side=ScreenLeftThenRight | direction=None | blocks=[685:ScreenLeft:None:False:Full;685:ScreenRight:None:True:Full] | sessionMovement=231 | insect=Incompatible | hardFloor=Compatible","name=Static-Stance Karate Reverse Punch | demand=1 | primary=ElbowExtensors | secondary=[Chest;ForearmFlexorsAndPronators;ShoulderAbductors;ScapularGirdle;RotatorCuff;IntrinsicHand;AbdominalWall] | practice=Karate | motion=ReversePunch | mode=Repetition | presentation=Motion | holdFrame=0 | side=ScreenLeftThenRight | direction=None | blocks=[685:ScreenLeft:None:False:Full;685:ScreenRight:None:True:Full] | sessionMovement=231 | insect=Incompatible | hardFloor=Compatible","The complete packaged loop demonstrates Static-Stance Karate Reverse Punch as named.","None.","Full-loop review found the name, demand, anatomy, structure, and packaged media coherent.","PASS","PASS","PASS","PASS","PASS","PASS","PASS or not applicable","PASS"
"686","PASS","Standing Knee-to-Chest Glute Stretch","Standing Knee-to-Chest Glute Stretch","name=Standing Knee-to-Chest Glute Stretch | demand=0 | primary=DeepHipRotators | secondary=[GlutealExtensors] | practice=Stretching | motion=LegBalance | mode=Hold | presentation=Still | holdFrame=50 | side=ScreenLeftThenRight | direction=None | blocks=[686:ScreenLeft:None:False:Full;686:ScreenRight:None:True:Full] | sessionMovement= | insect=Incompatible | hardFloor=Compatible","name=Standing Knee-to-Chest Glute Stretch | demand=0 | primary=DeepHipRotators | secondary=[GlutealExtensors] | practice=Stretching | motion=LegBalance | mode=Hold | presentation=Still | holdFrame=50 | side=ScreenLeftThenRight | direction=None | blocks=[686:ScreenLeft:None:False:Full;686:ScreenRight:None:True:Full] | sessionMovement= | insect=Incompatible | hardFloor=Compatible","The complete packaged loop demonstrates Standing Knee-to-Chest Glute Stretch as named.","None.","Full-loop review found the name, demand, anatomy, structure, and packaged media coherent.","PASS","PASS","PASS","PASS","PASS","PASS","PASS or not applicable","PASS"
"687","CORRECTED","Horse-Stance Alternating Straight Punches","Horse-Stance Alternating Straight Punches","name=Horse-Stance Alternating Straight Punches | demand=2 | primary=ElbowExtensors | secondary=[Chest;ForearmFlexorsAndPronators;ShoulderAbductors;ScapularGirdle;RotatorCuff;IntrinsicHand;AbdominalWall;MajorHipAdductors;AccessoryHipAdductors;MedialAndDeepKneeExtensors;LateralKneeExtensors;GlutealExtensors] | practice=Karate conditioning | motion=HorseStancePunch | mode=Repetition | presentation=Motion | holdFrame=0 | side=Alternating | direction=None | blocks=[687:None:None:False:Full] | sessionMovement= | insect=Incompatible | hardFloor=Compatible","name=Horse-Stance Alternating Straight Punches | demand=2 | primary=MedialAndDeepKneeExtensors | secondary=[LateralKneeExtensors;GlutealExtensors;MajorHipAdductors;AccessoryHipAdductors;ElbowExtensors;Chest;ShoulderAbductors] | practice=Karate conditioning | motion=HorseStancePunch | mode=Repetition | presentation=Motion | holdFrame=0 | side=Alternating | direction=None | blocks=[687:None:None:False:Full] | sessionMovement= | insect=Incompatible | hardFloor=Compatible","The complete packaged loop demonstrates Horse-Stance Alternating Straight Punches as named.","primaryCanonicalGroup: ElbowExtensors => MedialAndDeepKneeExtensors | secondaryCanonicalGroups: [""Chest"",""ForearmFlexorsAndPronators"",""ShoulderAbductors"",""ScapularGirdle"",""RotatorCuff"",""IntrinsicHand"",""AbdominalWall"",""MajorHipAdductors"",""AccessoryHipAdductors"",""MedialAndDeepKneeExtensors"",""LateralKneeExtensors"",""GlutealExtensors""] => [""LateralKneeExtensors"",""GlutealExtensors"",""MajorHipAdductors"",""AccessoryHipAdductors"",""ElbowExtensors"",""Chest"",""ShoulderAbductors""]","The primary and secondary anatomy now follow the movement that supplies the visible mechanical demand, with inherited or duplicative associations removed.","PASS","PASS","PASS","PASS","PASS","PASS","PASS or not applicable","PASS"
"712","PASS","Standing Arms-Back Chest-Opener Hold","Standing Arms-Back Chest-Opener Hold","name=Standing Arms-Back Chest-Opener Hold | demand=0 | primary=Chest | secondary=[ScapularGirdle;DeepAndIntersegmentalBack;ShoulderAdductorsAndExtensors] | practice=Standing mobility and stretching | motion=ChestOpenerHold | mode=Hold | presentation=Still | holdFrame=93 | side=Continuous | direction=None | blocks=[712:None:None:False:Full] | sessionMovement= | insect=Incompatible | hardFloor=Compatible","name=Standing Arms-Back Chest-Opener Hold | demand=0 | primary=Chest | secondary=[ScapularGirdle;DeepAndIntersegmentalBack;ShoulderAdductorsAndExtensors] | practice=Standing mobility and stretching | motion=ChestOpenerHold | mode=Hold | presentation=Still | holdFrame=93 | side=Continuous | direction=None | blocks=[712:None:None:False:Full] | sessionMovement= | insect=Incompatible | hardFloor=Compatible","The complete packaged loop demonstrates Standing Arms-Back Chest-Opener Hold as named.","None.","Full-loop review found the name, demand, anatomy, structure, and packaged media coherent.","PASS","PASS","PASS","PASS","PASS","PASS","PASS or not applicable","PASS"
"733","PASS","Alternating Side Lunge with Chest Push","Alternating Side Lunge with Chest Push","name=Alternating Side Lunge with Chest Push | demand=2 | primary=MajorHipAdductors | secondary=[MedialAndDeepKneeExtensors;LateralKneeExtensors;GlutealExtensors;HipFlexors;Chest;ElbowExtensors] | practice=Bodyweight conditioning | motion=Lunge | mode=Repetition | presentation=Motion | holdFrame=0 | side=Alternating | direction=None | blocks=[733:None:None:False:Full] | sessionMovement= | insect=Compatible | hardFloor=Compatible","name=Alternating Side Lunge with Chest Push | demand=2 | primary=MajorHipAdductors | secondary=[MedialAndDeepKneeExtensors;LateralKneeExtensors;GlutealExtensors;HipFlexors;Chest;ElbowExtensors] | practice=Bodyweight conditioning | motion=Lunge | mode=Repetition | presentation=Motion | holdFrame=0 | side=Alternating | direction=None | blocks=[733:None:None:False:Full] | sessionMovement= | insect=Compatible | hardFloor=Compatible","The complete packaged loop demonstrates Alternating Side Lunge with Chest Push as named.","None.","Full-loop review found the name, demand, anatomy, structure, and packaged media coherent.","PASS","PASS","PASS","PASS","PASS","PASS","PASS or not applicable","PASS"
"740","PASS","Clasped-Hand Upper-Back Stretch","Clasped-Hand Upper-Back Stretch","name=Clasped-Hand Upper-Back Stretch | demand=0 | primary=ScapularGirdle | secondary=[DeepAndIntersegmentalBack;RotatorCuff;ShoulderAdductorsAndExtensors] | practice=Stretching | motion=BackBalance | mode=Hold | presentation=Still | holdFrame=90 | side=Continuous | direction=None | blocks=[740:None:None:False:Full] | sessionMovement= | insect=Incompatible | hardFloor=Compatible","name=Clasped-Hand Upper-Back Stretch | demand=0 | primary=ScapularGirdle | secondary=[DeepAndIntersegmentalBack;RotatorCuff;ShoulderAdductorsAndExtensors] | practice=Stretching | motion=BackBalance | mode=Hold | presentation=Still | holdFrame=90 | side=Continuous | direction=None | blocks=[740:None:None:False:Full] | sessionMovement= | insect=Incompatible | hardFloor=Compatible","The complete packaged loop demonstrates Clasped-Hand Upper-Back Stretch as named.","None.","Full-loop review found the name, demand, anatomy, structure, and packaged media coherent.","PASS","PASS","PASS","PASS","PASS","PASS","PASS or not applicable","PASS"
"741","PASS","Cross-Body Shoulder Stretch","Cross-Body Shoulder Stretch","name=Cross-Body Shoulder Stretch | demand=0 | primary=RotatorCuff | secondary=[ShoulderAdductorsAndExtensors;ShoulderAbductors] | practice=Stretching | motion=ShoulderStretch | mode=Hold | presentation=Still | holdFrame=10 | side=ScreenRightThenLeft | direction=None | blocks=[741:ScreenRight:None:False:Full;741:ScreenLeft:None:True:Full] | sessionMovement= | insect=Incompatible | hardFloor=Compatible","name=Cross-Body Shoulder Stretch | demand=0 | primary=RotatorCuff | secondary=[ShoulderAdductorsAndExtensors;ShoulderAbductors] | practice=Stretching | motion=ShoulderStretch | mode=Hold | presentation=Still | holdFrame=10 | side=ScreenRightThenLeft | direction=None | blocks=[741:ScreenRight:None:False:Full;741:ScreenLeft:None:True:Full] | sessionMovement= | insect=Incompatible | hardFloor=Compatible","The complete packaged loop demonstrates Cross-Body Shoulder Stretch as named.","None.","Full-loop review found the name, demand, anatomy, structure, and packaged media coherent.","PASS","PASS","PASS","PASS","PASS","PASS","PASS or not applicable","PASS"
"742","PASS","Overhead Triceps Stretch","Overhead Triceps Stretch","name=Overhead Triceps Stretch | demand=0 | primary=ElbowExtensors | secondary=[ShoulderAbductors;ScapularGirdle] | practice=Stretching | motion=ArmRaise | mode=Hold | presentation=Still | holdFrame=20 | side=ScreenRightThenLeft | direction=None | blocks=[742:ScreenRight:None:False:Full;742:ScreenLeft:None:True:Full;338:ScreenLeft:None:False:Full;338:ScreenRight:None:True:Full] | sessionMovement= | insect=Incompatible | hardFloor=Compatible","name=Overhead Triceps Stretch | demand=0 | primary=ElbowExtensors | secondary=[ShoulderAbductors;ScapularGirdle] | practice=Stretching | motion=ArmRaise | mode=Hold | presentation=Still | holdFrame=20 | side=ScreenRightThenLeft | direction=None | blocks=[742:ScreenRight:None:False:Full;742:ScreenLeft:None:True:Full;338:ScreenLeft:None:False:Full;338:ScreenRight:None:True:Full] | sessionMovement= | insect=Incompatible | hardFloor=Compatible","The complete packaged loop demonstrates Overhead Triceps Stretch as named.","None.","Full-loop review found the name, demand, anatomy, structure, and packaged media coherent.","PASS","PASS","PASS","PASS","PASS","PASS","PASS or not applicable","PASS"
"743","PASS","Standing Large Arm Circles","Standing Large Arm Circles","name=Standing Large Arm Circles | demand=1 | primary=RotatorCuff | secondary=[ScapularGirdle;ShoulderAbductors;ShoulderAdductorsAndExtensors;Chest] | practice=Shoulder mobility | motion=ArmCircle | mode=Repetition | presentation=Motion | holdFrame=0 | side=Continuous | direction=BackwardThenForward | blocks=[743:None:Backward:False:FirstDirection;743:None:Forward:False:SecondDirection] | sessionMovement= | insect=Incompatible | hardFloor=Compatible","name=Standing Large Arm Circles | demand=1 | primary=RotatorCuff | secondary=[ScapularGirdle;ShoulderAbductors;ShoulderAdductorsAndExtensors;Chest] | practice=Shoulder mobility | motion=ArmCircle | mode=Repetition | presentation=Motion | holdFrame=0 | side=Continuous | direction=BackwardThenForward | blocks=[743:None:Backward:False:FirstDirection;743:None:Forward:False:SecondDirection] | sessionMovement= | insect=Incompatible | hardFloor=Compatible","The complete packaged loop demonstrates Standing Large Arm Circles as named.","None.","Full-loop review found the name, demand, anatomy, structure, and packaged media coherent.","PASS","PASS","PASS","PASS","PASS","PASS","PASS or not applicable","PASS"
"744","PASS","Standing Figure-Four Glute Stretch","Standing Figure-Four Glute Stretch","name=Standing Figure-Four Glute Stretch | demand=0 | primary=DeepHipRotators | secondary=[GlutealExtensors;HipAbductors] | practice=Stretching | motion=HipHinge | mode=Hold | presentation=Still | holdFrame=10 | side=ScreenRightThenLeft | direction=None | blocks=[744:ScreenRight:None:False:Full;744:ScreenLeft:None:True:Full] | sessionMovement= | insect=Incompatible | hardFloor=Compatible","name=Standing Figure-Four Glute Stretch | demand=0 | primary=DeepHipRotators | secondary=[GlutealExtensors;HipAbductors] | practice=Stretching | motion=HipHinge | mode=Hold | presentation=Still | holdFrame=10 | side=ScreenRightThenLeft | direction=None | blocks=[744:ScreenRight:None:False:Full;744:ScreenLeft:None:True:Full] | sessionMovement= | insect=Incompatible | hardFloor=Compatible","The complete packaged loop demonstrates Standing Figure-Four Glute Stretch as named.","None.","Full-loop review found the name, demand, anatomy, structure, and packaged media coherent.","PASS","PASS","PASS","PASS","PASS","PASS","PASS or not applicable","PASS"
"745","PASS","One-Arm Curl Against Other Hand","One-Arm Curl Against Other Hand","name=One-Arm Curl Against Other Hand | demand=2 | primary=ElbowFlexors | secondary=[ForearmFlexorsAndPronators;IntrinsicHand] | practice=Self-resistance | motion=ArmCurl | mode=Repetition | presentation=Motion | holdFrame=0 | side=ScreenLeftThenRight | direction=None | blocks=[745:ScreenLeft:None:False:Full;745:ScreenRight:None:True:Full] | sessionMovement= | insect=Incompatible | hardFloor=Compatible","name=One-Arm Curl Against Other Hand | demand=2 | primary=ElbowFlexors | secondary=[ForearmFlexorsAndPronators;IntrinsicHand] | practice=Self-resistance | motion=ArmCurl | mode=Repetition | presentation=Motion | holdFrame=0 | side=ScreenLeftThenRight | direction=None | blocks=[745:ScreenLeft:None:False:Full;745:ScreenRight:None:True:Full] | sessionMovement= | insect=Incompatible | hardFloor=Compatible","The complete packaged loop demonstrates One-Arm Curl Against Other Hand as named.","None.","Full-loop review found the name, demand, anatomy, structure, and packaged media coherent.","PASS","PASS","PASS","PASS","PASS","PASS","PASS or not applicable","PASS"
"746","PASS","Staggered Calf-and-Ankle Stretch","Staggered Calf-and-Ankle Stretch","name=Staggered Calf-and-Ankle Stretch | demand=0 | primary=CalfDeepPosteriorLegAndPlantarFoot | secondary=[Soleus;AnteriorLateralLowerLegAndDorsalFoot] | practice=Stretching | motion=LegBalance | mode=Hold | presentation=Still | holdFrame=55 | side=ScreenRightThenLeft | direction=None | blocks=[746:ScreenRight:None:False:Full;746:ScreenLeft:None:True:Full] | sessionMovement= | insect=Incompatible | hardFloor=Compatible","name=Staggered Calf-and-Ankle Stretch | demand=0 | primary=CalfDeepPosteriorLegAndPlantarFoot | secondary=[Soleus;AnteriorLateralLowerLegAndDorsalFoot] | practice=Stretching | motion=LegBalance | mode=Hold | presentation=Still | holdFrame=55 | side=ScreenRightThenLeft | direction=None | blocks=[746:ScreenRight:None:False:Full;746:ScreenLeft:None:True:Full] | sessionMovement= | insect=Incompatible | hardFloor=Compatible","The complete packaged loop demonstrates Staggered Calf-and-Ankle Stretch as named.","None.","Full-loop review found the name, demand, anatomy, structure, and packaged media coherent.","PASS","PASS","PASS","PASS","PASS","PASS","PASS or not applicable","PASS"
"747","PASS","Standing Quad Stretch","Standing Quad Stretch","name=Standing Quad Stretch | demand=0 | primary=LateralKneeExtensors | secondary=[MedialAndDeepKneeExtensors;HipFlexors] | practice=Stretching | motion=LegBalance | mode=Hold | presentation=Still | holdFrame=50 | side=ScreenLeftThenRight | direction=None | blocks=[747:ScreenLeft:None:False:Full;747:ScreenRight:None:True:Full] | sessionMovement= | insect=Incompatible | hardFloor=Compatible","name=Standing Quad Stretch | demand=0 | primary=LateralKneeExtensors | secondary=[MedialAndDeepKneeExtensors;HipFlexors] | practice=Stretching | motion=LegBalance | mode=Hold | presentation=Still | holdFrame=50 | side=ScreenLeftThenRight | direction=None | blocks=[747:ScreenLeft:None:False:Full;747:ScreenRight:None:True:Full] | sessionMovement= | insect=Incompatible | hardFloor=Compatible","The complete packaged loop demonstrates Standing Quad Stretch as named.","None.","Full-loop review found the name, demand, anatomy, structure, and packaged media coherent.","PASS","PASS","PASS","PASS","PASS","PASS","PASS or not applicable","PASS"
"748","PASS","Alternating Wide-Stance Groin-Hamstring Shift","Alternating Wide-Stance Groin-Hamstring Shift","name=Alternating Wide-Stance Groin-Hamstring Shift | demand=0 | primary=PosteriorThighAndKneeFlexors | secondary=[MajorHipAdductors;AccessoryHipAdductors;GlutealExtensors] | practice=Stretching | motion=HipShift | mode=Repetition | presentation=Motion | holdFrame=0 | side=Alternating | direction=None | blocks=[748:None:None:False:Full] | sessionMovement= | insect=Compatible | hardFloor=Compatible","name=Alternating Wide-Stance Groin-Hamstring Shift | demand=0 | primary=PosteriorThighAndKneeFlexors | secondary=[MajorHipAdductors;AccessoryHipAdductors;GlutealExtensors] | practice=Stretching | motion=HipShift | mode=Repetition | presentation=Motion | holdFrame=0 | side=Alternating | direction=None | blocks=[748:None:None:False:Full] | sessionMovement= | insect=Compatible | hardFloor=Compatible","The complete packaged loop demonstrates Alternating Wide-Stance Groin-Hamstring Shift as named.","None.","Full-loop review found the name, demand, anatomy, structure, and packaged media coherent.","PASS","PASS","PASS","PASS","PASS","PASS","PASS or not applicable","PASS"
"750","PASS","Heel-Forward Hamstring Stretch","Heel-Forward Hamstring Stretch","name=Heel-Forward Hamstring Stretch | demand=0 | primary=PosteriorThighAndKneeFlexors | secondary=[GlutealExtensors;SpinalExtensors] | practice=Stretching | motion=LegBalance | mode=Hold | presentation=Still | holdFrame=40 | side=ScreenLeftThenRight | direction=None | blocks=[750:ScreenLeft:None:False:Full;750:ScreenRight:None:True:Full] | sessionMovement= | insect=Incompatible | hardFloor=Compatible","name=Heel-Forward Hamstring Stretch | demand=0 | primary=PosteriorThighAndKneeFlexors | secondary=[GlutealExtensors;SpinalExtensors] | practice=Stretching | motion=LegBalance | mode=Hold | presentation=Still | holdFrame=40 | side=ScreenLeftThenRight | direction=None | blocks=[750:ScreenLeft:None:False:Full;750:ScreenRight:None:True:Full] | sessionMovement= | insect=Incompatible | hardFloor=Compatible","The complete packaged loop demonstrates Heel-Forward Hamstring Stretch as named.","None.","Full-loop review found the name, demand, anatomy, structure, and packaged media coherent.","PASS","PASS","PASS","PASS","PASS","PASS","PASS or not applicable","PASS"
"751","PASS","Neck Side Stretch","Neck Side Stretch","name=Neck Side Stretch | demand=0 | primary=AnteriorLateralNeckAndHyoidMuscles | secondary=[PosteriorNeckAndSuboccipitalMuscles] | practice=Stretching | motion=GazeDiagonal | mode=Hold | presentation=Still | holdFrame=20 | side=ScreenLeftThenRight | direction=None | blocks=[751:ScreenLeft:None:False:Full;751:ScreenRight:None:True:Full] | sessionMovement= | insect=Incompatible | hardFloor=Compatible","name=Neck Side Stretch | demand=0 | primary=AnteriorLateralNeckAndHyoidMuscles | secondary=[PosteriorNeckAndSuboccipitalMuscles] | practice=Stretching | motion=GazeDiagonal | mode=Hold | presentation=Still | holdFrame=20 | side=ScreenLeftThenRight | direction=None | blocks=[751:ScreenLeft:None:False:Full;751:ScreenRight:None:True:Full] | sessionMovement= | insect=Incompatible | hardFloor=Compatible","The complete packaged loop demonstrates Neck Side Stretch as named.","None.","Full-loop review found the name, demand, anatomy, structure, and packaged media coherent.","PASS","PASS","PASS","PASS","PASS","PASS","PASS or not applicable","PASS"
"752","PASS","Straight-Arm Wrist Stretch","Straight-Arm Wrist Stretch","name=Straight-Arm Wrist Stretch | demand=0 | primary=ForearmExtensorsAndSupinators | secondary=[ForearmFlexorsAndPronators] | practice=Stretching | motion=WristMotion | mode=Hold | presentation=Still | holdFrame=50 | side=ScreenLeftThenRight | direction=None | blocks=[752:ScreenLeft:None:False:Full;752:ScreenRight:None:True:Full] | sessionMovement= | insect=Incompatible | hardFloor=Compatible","name=Straight-Arm Wrist Stretch | demand=0 | primary=ForearmExtensorsAndSupinators | secondary=[ForearmFlexorsAndPronators] | practice=Stretching | motion=WristMotion | mode=Hold | presentation=Still | holdFrame=50 | side=ScreenLeftThenRight | direction=None | blocks=[752:ScreenLeft:None:False:Full;752:ScreenRight:None:True:Full] | sessionMovement= | insect=Incompatible | hardFloor=Compatible","The complete packaged loop demonstrates Straight-Arm Wrist Stretch as named.","None.","Full-loop review found the name, demand, anatomy, structure, and packaged media coherent.","PASS","PASS","PASS","PASS","PASS","PASS","PASS or not applicable","PASS"
"755","PASS","Outward Wrist Circles","Outward Wrist Circles","name=Outward Wrist Circles | demand=0 | primary=ForearmFlexorsAndPronators | secondary=[ForearmExtensorsAndSupinators] | practice=Hand mobility | motion=WristCircle | mode=Repetition | presentation=Motion | holdFrame=0 | side=ScreenRightThenLeft | direction=None | blocks=[] | sessionMovement=755 | insect=Incompatible | hardFloor=Compatible","name=Outward Wrist Circles | demand=0 | primary=ForearmFlexorsAndPronators | secondary=[ForearmExtensorsAndSupinators] | practice=Hand mobility | motion=WristCircle | mode=Repetition | presentation=Motion | holdFrame=0 | side=ScreenRightThenLeft | direction=None | blocks=[] | sessionMovement=755 | insect=Incompatible | hardFloor=Compatible","The complete packaged loop demonstrates Outward Wrist Circles as named.","None.","Full-loop review found the name, demand, anatomy, structure, and packaged media coherent.","PASS","PASS","PASS","PASS","PASS","PASS","PASS or not applicable","PASS"
"756","PASS","Outward Controlled Wrist Circles","Outward Controlled Wrist Circles","name=Outward Controlled Wrist Circles | demand=0 | primary=ForearmExtensorsAndSupinators | secondary=[ForearmFlexorsAndPronators;ElbowFlexors] | practice=Wrist mobility | motion=WristCAR | mode=Repetition | presentation=Motion | holdFrame=0 | side=ScreenLeftThenRight | direction=None | blocks=[] | sessionMovement=755 | insect=Incompatible | hardFloor=Compatible","name=Outward Controlled Wrist Circles | demand=0 | primary=ForearmExtensorsAndSupinators | secondary=[ForearmFlexorsAndPronators;ElbowFlexors] | practice=Wrist mobility | motion=WristCAR | mode=Repetition | presentation=Motion | holdFrame=0 | side=ScreenLeftThenRight | direction=None | blocks=[] | sessionMovement=755 | insect=Incompatible | hardFloor=Compatible","The complete packaged loop demonstrates Outward Controlled Wrist Circles as named.","None.","Full-loop review found the name, demand, anatomy, structure, and packaged media coherent.","PASS","PASS","PASS","PASS","PASS","PASS","PASS or not applicable","PASS"
"758","PASS","Backward Knee-and-Ankle Circles","Backward Knee-and-Ankle Circles","name=Backward Knee-and-Ankle Circles | demand=1 | primary=AnteriorLateralLowerLegAndDorsalFoot | secondary=[DeepHipRotators;HipFlexors;AbdominalWall;CalfDeepPosteriorLegAndPlantarFoot] | practice=Standing bodyweight conditioning | motion=KneeAnkleCircle | mode=Repetition | presentation=Motion | holdFrame=0 | side=ScreenLeftThenRight | direction=None | blocks=[] | sessionMovement= | insect=Incompatible | hardFloor=Compatible","name=Backward Knee-and-Ankle Circles | demand=1 | primary=AnteriorLateralLowerLegAndDorsalFoot | secondary=[DeepHipRotators;HipFlexors;AbdominalWall;CalfDeepPosteriorLegAndPlantarFoot] | practice=Standing bodyweight conditioning | motion=KneeAnkleCircle | mode=Repetition | presentation=Motion | holdFrame=0 | side=ScreenLeftThenRight | direction=None | blocks=[] | sessionMovement= | insect=Incompatible | hardFloor=Compatible","The complete packaged loop demonstrates Backward Knee-and-Ankle Circles as named.","None.","Full-loop review found the name, demand, anatomy, structure, and packaged media coherent.","PASS","PASS","PASS","PASS","PASS","PASS","PASS or not applicable","PASS"
"784","PASS","Extended Mountain Pose","Extended Mountain Pose","name=Extended Mountain Pose | demand=0 | primary=CalfDeepPosteriorLegAndPlantarFoot | secondary=[Soleus;ShoulderAbductors;ScapularGirdle;Chest] | practice=Yoga | motion=ChestOpen | mode=Hold | presentation=Still | holdFrame=80 | side=Continuous | direction=None | blocks=[784:None:None:False:Full;969:None:None:False:Full;1000:None:None:False:Full] | sessionMovement= | insect=Incompatible | hardFloor=Compatible","name=Extended Mountain Pose | demand=0 | primary=CalfDeepPosteriorLegAndPlantarFoot | secondary=[Soleus;ShoulderAbductors;ScapularGirdle;Chest] | practice=Yoga | motion=ChestOpen | mode=Hold | presentation=Still | holdFrame=80 | side=Continuous | direction=None | blocks=[784:None:None:False:Full;969:None:None:False:Full;1000:None:None:False:Full] | sessionMovement= | insect=Incompatible | hardFloor=Compatible","The complete packaged loop demonstrates Extended Mountain Pose as named.","None.","Full-loop review found the name, demand, anatomy, structure, and packaged media coherent.","PASS","PASS","PASS","PASS","PASS","PASS","PASS or not applicable","PASS"
"804","PASS","Alternating Arms-Spread Torso Twist","Alternating Arms-Spread Torso Twist","name=Alternating Arms-Spread Torso Twist | demand=1 | primary=DeepAndIntersegmentalBack | secondary=[AbdominalWall;ShoulderAbductors] | practice=Bodyweight conditioning | motion=CoreRotation | mode=Repetition | presentation=Motion | holdFrame=0 | side=Alternating | direction=None | blocks=[804:None:None:False:Full] | sessionMovement= | insect=Compatible | hardFloor=Compatible","name=Alternating Arms-Spread Torso Twist | demand=1 | primary=DeepAndIntersegmentalBack | secondary=[AbdominalWall;ShoulderAbductors] | practice=Bodyweight conditioning | motion=CoreRotation | mode=Repetition | presentation=Motion | holdFrame=0 | side=Alternating | direction=None | blocks=[804:None:None:False:Full] | sessionMovement= | insect=Compatible | hardFloor=Compatible","The complete packaged loop demonstrates Alternating Arms-Spread Torso Twist as named.","None.","Full-loop review found the name, demand, anatomy, structure, and packaged media coherent.","PASS","PASS","PASS","PASS","PASS","PASS","PASS or not applicable","PASS"
"816","PASS","Side-Step Overhead Reach","Side-Step Overhead Reach","name=Side-Step Overhead Reach | demand=1 | primary=DeepAndIntersegmentalBack | secondary=[AbdominalWall;SpinalExtensors;DeepHipRotators] | practice=Standing core conditioning | motion=SideStepOverheadReach | mode=Repetition | presentation=Motion | holdFrame=0 | side=Alternating | direction=None | blocks=[816:None:None:False:Full] | sessionMovement= | insect=Compatible | hardFloor=Compatible","name=Side-Step Overhead Reach | demand=1 | primary=DeepAndIntersegmentalBack | secondary=[AbdominalWall;SpinalExtensors;DeepHipRotators] | practice=Standing core conditioning | motion=SideStepOverheadReach | mode=Repetition | presentation=Motion | holdFrame=0 | side=Alternating | direction=None | blocks=[816:None:None:False:Full] | sessionMovement= | insect=Compatible | hardFloor=Compatible","The complete packaged loop demonstrates Side-Step Overhead Reach as named.","None.","Full-loop review found the name, demand, anatomy, structure, and packaged media coherent.","PASS","PASS","PASS","PASS","PASS","PASS","PASS or not applicable","PASS"
"818","PASS","Standing Cat-Cow","Standing Cat-Cow","name=Standing Cat-Cow | demand=0 | primary=SpinalExtensors | secondary=[DeepAndIntersegmentalBack;AbdominalWall;ScapularGirdle] | practice=Standing mobility and movement practice | motion=SpineWave | mode=Repetition | presentation=Motion | holdFrame=0 | side=Continuous | direction=None | blocks=[818:None:None:False:Full] | sessionMovement= | insect=Incompatible | hardFloor=Compatible","name=Standing Cat-Cow | demand=0 | primary=SpinalExtensors | secondary=[DeepAndIntersegmentalBack;AbdominalWall;ScapularGirdle] | practice=Standing mobility and movement practice | motion=SpineWave | mode=Repetition | presentation=Motion | holdFrame=0 | side=Continuous | direction=None | blocks=[818:None:None:False:Full] | sessionMovement= | insect=Incompatible | hardFloor=Compatible","The complete packaged loop demonstrates Standing Cat-Cow as named.","None.","Full-loop review found the name, demand, anatomy, structure, and packaged media coherent.","PASS","PASS","PASS","PASS","PASS","PASS","PASS or not applicable","PASS"
"825","PASS","Alternating Deadlift with Body Twist","Alternating Deadlift with Body Twist","name=Alternating Deadlift with Body Twist | demand=1 | primary=SpinalExtensors | secondary=[DeepAndIntersegmentalBack;PosteriorThighAndKneeFlexors;GlutealExtensors;AbdominalWall] | practice=Bodyweight conditioning | motion=HipShift | mode=Repetition | presentation=Motion | holdFrame=0 | side=Alternating | direction=None | blocks=[825:None:None:False:Full] | sessionMovement= | insect=Compatible | hardFloor=Compatible","name=Alternating Deadlift with Body Twist | demand=1 | primary=SpinalExtensors | secondary=[DeepAndIntersegmentalBack;PosteriorThighAndKneeFlexors;GlutealExtensors;AbdominalWall] | practice=Bodyweight conditioning | motion=HipShift | mode=Repetition | presentation=Motion | holdFrame=0 | side=Alternating | direction=None | blocks=[825:None:None:False:Full] | sessionMovement= | insect=Compatible | hardFloor=Compatible","The complete packaged loop demonstrates Alternating Deadlift with Body Twist as named.","None.","Full-loop review found the name, demand, anatomy, structure, and packaged media coherent.","PASS","PASS","PASS","PASS","PASS","PASS","PASS or not applicable","PASS"
"831","PASS","Alternating Knee-Up Reverse Fly","Alternating Knee-Up Reverse Fly","name=Alternating Knee-Up Reverse Fly | demand=1 | primary=ScapularGirdle | secondary=[HipFlexors;AbdominalWall;ShoulderAbductors;RotatorCuff] | practice=Bodyweight conditioning | motion=CoreBrace | mode=Repetition | presentation=Motion | holdFrame=0 | side=Alternating | direction=None | blocks=[831:None:None:False:Full] | sessionMovement= | insect=Compatible | hardFloor=Compatible","name=Alternating Knee-Up Reverse Fly | demand=1 | primary=ScapularGirdle | secondary=[HipFlexors;AbdominalWall;ShoulderAbductors;RotatorCuff] | practice=Bodyweight conditioning | motion=CoreBrace | mode=Repetition | presentation=Motion | holdFrame=0 | side=Alternating | direction=None | blocks=[831:None:None:False:Full] | sessionMovement= | insect=Compatible | hardFloor=Compatible","The complete packaged loop demonstrates Alternating Knee-Up Reverse Fly as named.","None.","Full-loop review found the name, demand, anatomy, structure, and packaged media coherent.","PASS","PASS","PASS","PASS","PASS","PASS","PASS or not applicable","PASS"
"834","PASS","Single-Side Diagonal Knee Drive with Overhead Pull","Single-Side Diagonal Knee Drive with Overhead Pull","name=Single-Side Diagonal Knee Drive with Overhead Pull | demand=1 | primary=ShoulderAdductorsAndExtensors | secondary=[ScapularGirdle;ElbowFlexors;AccessoryHipAdductors;HipAbductors] | practice=Standing upper-body conditioning | motion=DiagonalKneeOverheadPull | mode=Repetition | presentation=Motion | holdFrame=0 | side=ScreenLeftThenRight | direction=None | blocks=[834:ScreenLeft:None:False:Full;834:ScreenRight:None:True:Full;914:None:None:False:Full] | sessionMovement= | insect=Compatible | hardFloor=Compatible","name=Single-Side Diagonal Knee Drive with Overhead Pull | demand=1 | primary=ShoulderAdductorsAndExtensors | secondary=[ScapularGirdle;ElbowFlexors;AccessoryHipAdductors;HipAbductors] | practice=Standing upper-body conditioning | motion=DiagonalKneeOverheadPull | mode=Repetition | presentation=Motion | holdFrame=0 | side=ScreenLeftThenRight | direction=None | blocks=[834:ScreenLeft:None:False:Full;834:ScreenRight:None:True:Full;914:None:None:False:Full] | sessionMovement= | insect=Compatible | hardFloor=Compatible","The complete packaged loop demonstrates Single-Side Diagonal Knee Drive with Overhead Pull as named.","None.","Full-loop review found the name, demand, anatomy, structure, and packaged media coherent.","PASS","PASS","PASS","PASS","PASS","PASS","PASS or not applicable","PASS"
"836","PASS","Squat with Back Squeeze","Squat with Back Squeeze","name=Squat with Back Squeeze | demand=2 | primary=LateralKneeExtensors | secondary=[MedialAndDeepKneeExtensors;GlutealExtensors;ScapularGirdle] | practice=Bodyweight conditioning | motion=Squat | mode=Repetition | presentation=Motion | holdFrame=0 | side=Continuous | direction=None | blocks=[836:None:None:False:Full] | sessionMovement= | insect=Compatible | hardFloor=Compatible","name=Squat with Back Squeeze | demand=2 | primary=LateralKneeExtensors | secondary=[MedialAndDeepKneeExtensors;GlutealExtensors;ScapularGirdle] | practice=Bodyweight conditioning | motion=Squat | mode=Repetition | presentation=Motion | holdFrame=0 | side=Continuous | direction=None | blocks=[836:None:None:False:Full] | sessionMovement= | insect=Compatible | hardFloor=Compatible","The complete packaged loop demonstrates Squat with Back Squeeze as named.","None.","Full-loop review found the name, demand, anatomy, structure, and packaged media coherent.","PASS","PASS","PASS","PASS","PASS","PASS","PASS or not applicable","PASS"
"843","PASS","Arm-Behind-Back Assisted Side Neck Stretch","Arm-Behind-Back Assisted Side Neck Stretch","name=Arm-Behind-Back Assisted Side Neck Stretch | demand=0 | primary=AnteriorLateralNeckAndHyoidMuscles | secondary=[PosteriorNeckAndSuboccipitalMuscles;ScapularGirdle] | practice=Clinical stretching | motion=NeckStretch | mode=Hold | presentation=Still | holdFrame=50 | side=ScreenRightThenLeft | direction=None | blocks=[843:ScreenRight:None:False:Full;843:ScreenLeft:None:True:Full] | sessionMovement= | insect=Incompatible | hardFloor=Compatible","name=Arm-Behind-Back Assisted Side Neck Stretch | demand=0 | primary=AnteriorLateralNeckAndHyoidMuscles | secondary=[PosteriorNeckAndSuboccipitalMuscles;ScapularGirdle] | practice=Clinical stretching | motion=NeckStretch | mode=Hold | presentation=Still | holdFrame=50 | side=ScreenRightThenLeft | direction=None | blocks=[843:ScreenRight:None:False:Full;843:ScreenLeft:None:True:Full] | sessionMovement= | insect=Incompatible | hardFloor=Compatible","The complete packaged loop demonstrates Arm-Behind-Back Assisted Side Neck Stretch as named.","None.","Full-loop review found the name, demand, anatomy, structure, and packaged media coherent.","PASS","PASS","PASS","PASS","PASS","PASS","PASS or not applicable","PASS"
"845","PASS","Overhead Side Stretch","Overhead Side Stretch","name=Overhead Side Stretch | demand=0 | primary=ShoulderAdductorsAndExtensors | secondary=[AbdominalWall;ScapularGirdle] | practice=Standing mobility and stretching | motion=OverheadSideStretch | mode=Repetition | presentation=Motion | holdFrame=0 | side=ScreenRightThenLeft | direction=None | blocks=[845:ScreenRight:None:False:Full;845:ScreenLeft:None:True:Full;256:ScreenRight:None:False:Full;256:ScreenLeft:None:True:Full] | sessionMovement=256 | insect=Incompatible | hardFloor=Compatible","name=Overhead Side Stretch | demand=0 | primary=ShoulderAdductorsAndExtensors | secondary=[AbdominalWall;ScapularGirdle] | practice=Standing mobility and stretching | motion=OverheadSideStretch | mode=Repetition | presentation=Motion | holdFrame=0 | side=ScreenRightThenLeft | direction=None | blocks=[845:ScreenRight:None:False:Full;845:ScreenLeft:None:True:Full;256:ScreenRight:None:False:Full;256:ScreenLeft:None:True:Full] | sessionMovement=256 | insect=Incompatible | hardFloor=Compatible","The complete packaged loop demonstrates Overhead Side Stretch as named.","None.","Full-loop review found the name, demand, anatomy, structure, and packaged media coherent.","PASS","PASS","PASS","PASS","PASS","PASS","PASS or not applicable","PASS"
"884","CORRECTED","Boxing Slip","Boxing Slip","name=Boxing Slip | demand=1 | primary=DeepAndIntersegmentalBack | secondary=[AbdominalWall;MedialAndDeepKneeExtensors;LateralKneeExtensors;AnteriorLateralNeckAndHyoidMuscles;PosteriorNeckAndSuboccipitalMuscles;CranialMuscles;BreathingMuscles;CalfDeepPosteriorLegAndPlantarFoot;Soleus;AnteriorLateralLowerLegAndDorsalFoot] | practice=Boxing | motion=BoxingEvasion | mode=Repetition | presentation=Motion | holdFrame=0 | side=ScreenRightLeadThenLeftLead | direction=None | blocks=[884:ShownLeadStance:None:False:Full;884:OppositeLeadStance:None:True:Full] | sessionMovement= | insect=Compatible | hardFloor=Compatible","name=Boxing Slip | demand=1 | primary=DeepAndIntersegmentalBack | secondary=[AbdominalWall;MedialAndDeepKneeExtensors;LateralKneeExtensors;CalfDeepPosteriorLegAndPlantarFoot] | practice=Boxing | motion=BoxingEvasion | mode=Repetition | presentation=Motion | holdFrame=0 | side=ScreenRightLeadThenLeftLead | direction=None | blocks=[884:ShownLeadStance:None:False:Full;884:OppositeLeadStance:None:True:Full] | sessionMovement= | insect=Compatible | hardFloor=Compatible","The complete packaged loop demonstrates Boxing Slip as named.","secondaryCanonicalGroups: [""AbdominalWall"",""MedialAndDeepKneeExtensors"",""LateralKneeExtensors"",""AnteriorLateralNeckAndHyoidMuscles"",""PosteriorNeckAndSuboccipitalMuscles"",""CranialMuscles"",""BreathingMuscles"",""CalfDeepPosteriorLegAndPlantarFoot"",""Soleus"",""AnteriorLateralLowerLegAndDorsalFoot""] => [""AbdominalWall"",""MedialAndDeepKneeExtensors"",""LateralKneeExtensors"",""CalfDeepPosteriorLegAndPlantarFoot""]","The full loop supports the named movement, but inherited or duplicative secondary associations were removed so only meaningful involvement remains.","PASS","PASS","PASS","PASS","PASS","PASS","PASS or not applicable","PASS"
"885","CORRECTED","Boxing Roll","Boxing Roll","name=Boxing Roll | demand=1 | primary=LateralKneeExtensors | secondary=[MedialAndDeepKneeExtensors;GlutealExtensors;AbdominalWall;DeepAndIntersegmentalBack;PosteriorThighAndKneeFlexors;SpinalExtensors;AnteriorLateralNeckAndHyoidMuscles;PosteriorNeckAndSuboccipitalMuscles;CranialMuscles;BreathingMuscles;CalfDeepPosteriorLegAndPlantarFoot;Soleus;AnteriorLateralLowerLegAndDorsalFoot] | practice=Boxing | motion=SpineFlexion | mode=Repetition | presentation=Motion | holdFrame=0 | side=ScreenRightLeadThenLeftLead | direction=None | blocks=[885:ShownLeadStance:None:False:Full;885:OppositeLeadStance:None:True:Full] | sessionMovement= | insect=Compatible | hardFloor=Compatible","name=Boxing Roll | demand=1 | primary=LateralKneeExtensors | secondary=[MedialAndDeepKneeExtensors;GlutealExtensors;AbdominalWall;DeepAndIntersegmentalBack;PosteriorThighAndKneeFlexors;SpinalExtensors;CalfDeepPosteriorLegAndPlantarFoot] | practice=Boxing | motion=SpineFlexion | mode=Repetition | presentation=Motion | holdFrame=0 | side=ScreenRightLeadThenLeftLead | direction=None | blocks=[885:ShownLeadStance:None:False:Full;885:OppositeLeadStance:None:True:Full] | sessionMovement= | insect=Compatible | hardFloor=Compatible","The complete packaged loop demonstrates Boxing Roll as named.","secondaryCanonicalGroups: [""MedialAndDeepKneeExtensors"",""GlutealExtensors"",""AbdominalWall"",""DeepAndIntersegmentalBack"",""PosteriorThighAndKneeFlexors"",""SpinalExtensors"",""AnteriorLateralNeckAndHyoidMuscles"",""PosteriorNeckAndSuboccipitalMuscles"",""CranialMuscles"",""BreathingMuscles"",""CalfDeepPosteriorLegAndPlantarFoot"",""Soleus"",""AnteriorLateralLowerLegAndDorsalFoot""] => [""MedialAndDeepKneeExtensors"",""GlutealExtensors"",""AbdominalWall"",""DeepAndIntersegmentalBack"",""PosteriorThighAndKneeFlexors"",""SpinalExtensors"",""CalfDeepPosteriorLegAndPlantarFoot""]","The full loop supports the named movement, but inherited or duplicative secondary associations were removed so only meaningful involvement remains.","PASS","PASS","PASS","PASS","PASS","PASS","PASS or not applicable","PASS"
"886","CORRECTED","Boxing Duck","Boxing Duck","name=Boxing Duck | demand=2 | primary=MedialAndDeepKneeExtensors | secondary=[LateralKneeExtensors;GlutealExtensors;PosteriorThighAndKneeFlexors;SpinalExtensors;DeepAndIntersegmentalBack;AbdominalWall;AnteriorLateralNeckAndHyoidMuscles;PosteriorNeckAndSuboccipitalMuscles;CranialMuscles;BreathingMuscles;CalfDeepPosteriorLegAndPlantarFoot;Soleus] | practice=Boxing | motion=BoxingHeadMovement | mode=Repetition | presentation=Motion | holdFrame=0 | side=ScreenRightLeadThenLeftLead | direction=None | blocks=[886:ShownLeadStance:None:False:Full;886:OppositeLeadStance:None:True:Full] | sessionMovement= | insect=Compatible | hardFloor=Compatible","name=Boxing Duck | demand=2 | primary=MedialAndDeepKneeExtensors | secondary=[LateralKneeExtensors;GlutealExtensors;PosteriorThighAndKneeFlexors;SpinalExtensors;DeepAndIntersegmentalBack;AbdominalWall;CalfDeepPosteriorLegAndPlantarFoot] | practice=Boxing | motion=BoxingHeadMovement | mode=Repetition | presentation=Motion | holdFrame=0 | side=ScreenRightLeadThenLeftLead | direction=None | blocks=[886:ShownLeadStance:None:False:Full;886:OppositeLeadStance:None:True:Full] | sessionMovement= | insect=Compatible | hardFloor=Compatible","The complete packaged loop demonstrates Boxing Duck as named.","secondaryCanonicalGroups: [""LateralKneeExtensors"",""GlutealExtensors"",""PosteriorThighAndKneeFlexors"",""SpinalExtensors"",""DeepAndIntersegmentalBack"",""AbdominalWall"",""AnteriorLateralNeckAndHyoidMuscles"",""PosteriorNeckAndSuboccipitalMuscles"",""CranialMuscles"",""BreathingMuscles"",""CalfDeepPosteriorLegAndPlantarFoot"",""Soleus""] => [""LateralKneeExtensors"",""GlutealExtensors"",""PosteriorThighAndKneeFlexors"",""SpinalExtensors"",""DeepAndIntersegmentalBack"",""AbdominalWall"",""CalfDeepPosteriorLegAndPlantarFoot""]","The full loop supports the named movement, but inherited or duplicative secondary associations were removed so only meaningful involvement remains.","PASS","PASS","PASS","PASS","PASS","PASS","PASS or not applicable","PASS"
"887","CORRECTED","Boxing Pullback","Boxing Pullback","name=Boxing Pullback | demand=1 | primary=SpinalExtensors | secondary=[PosteriorThighAndKneeFlexors;GlutealExtensors;DeepAndIntersegmentalBack;AbdominalWall;AnteriorLateralNeckAndHyoidMuscles;PosteriorNeckAndSuboccipitalMuscles;CranialMuscles;BreathingMuscles;CalfDeepPosteriorLegAndPlantarFoot;Soleus] | practice=Boxing | motion=BoxingHeadMovement | mode=Repetition | presentation=Motion | holdFrame=0 | side=ScreenRightLeadThenLeftLead | direction=None | blocks=[887:ShownLeadStance:None:False:Full;887:OppositeLeadStance:None:True:Full] | sessionMovement= | insect=Compatible | hardFloor=Compatible","name=Boxing Pullback | demand=1 | primary=SpinalExtensors | secondary=[PosteriorThighAndKneeFlexors;GlutealExtensors;DeepAndIntersegmentalBack;AbdominalWall;CalfDeepPosteriorLegAndPlantarFoot] | practice=Boxing | motion=BoxingHeadMovement | mode=Repetition | presentation=Motion | holdFrame=0 | side=ScreenRightLeadThenLeftLead | direction=None | blocks=[887:ShownLeadStance:None:False:Full;887:OppositeLeadStance:None:True:Full] | sessionMovement= | insect=Compatible | hardFloor=Compatible","The complete packaged loop demonstrates Boxing Pullback as named.","secondaryCanonicalGroups: [""PosteriorThighAndKneeFlexors"",""GlutealExtensors"",""DeepAndIntersegmentalBack"",""AbdominalWall"",""AnteriorLateralNeckAndHyoidMuscles"",""PosteriorNeckAndSuboccipitalMuscles"",""CranialMuscles"",""BreathingMuscles"",""CalfDeepPosteriorLegAndPlantarFoot"",""Soleus""] => [""PosteriorThighAndKneeFlexors"",""GlutealExtensors"",""DeepAndIntersegmentalBack"",""AbdominalWall"",""CalfDeepPosteriorLegAndPlantarFoot""]","The full loop supports the named movement, but inherited or duplicative secondary associations were removed so only meaningful involvement remains.","PASS","PASS","PASS","PASS","PASS","PASS","PASS or not applicable","PASS"
"905","PASS","Wide-Plié Alternating Side Bend","Wide-Plié Alternating Side Bend","name=Wide-Plié Alternating Side Bend | demand=2 | primary=AbdominalWall | secondary=[MajorHipAdductors;AccessoryHipAdductors;MedialAndDeepKneeExtensors;LateralKneeExtensors;GlutealExtensors;DeepAndIntersegmentalBack] | practice=Bodyweight conditioning | motion=CoreSideBend | mode=Repetition | presentation=Motion | holdFrame=0 | side=Alternating | direction=None | blocks=[905:None:None:False:Full] | sessionMovement= | insect=Compatible | hardFloor=Compatible","name=Wide-Plié Alternating Side Bend | demand=2 | primary=AbdominalWall | secondary=[MajorHipAdductors;AccessoryHipAdductors;MedialAndDeepKneeExtensors;LateralKneeExtensors;GlutealExtensors;DeepAndIntersegmentalBack] | practice=Bodyweight conditioning | motion=CoreSideBend | mode=Repetition | presentation=Motion | holdFrame=0 | side=Alternating | direction=None | blocks=[905:None:None:False:Full] | sessionMovement= | insect=Compatible | hardFloor=Compatible","The complete packaged loop demonstrates Wide-Plié Alternating Side Bend as named.","None.","Full-loop review found the name, demand, anatomy, structure, and packaged media coherent.","PASS","PASS","PASS","PASS","PASS","PASS","PASS or not applicable","PASS"
"906","PASS","Alternating Cross-and-Side Crunch","Alternating Cross-and-Side Crunch","name=Alternating Cross-and-Side Crunch | demand=1 | primary=AbdominalWall | secondary=[HipFlexors;DeepAndIntersegmentalBack] | practice=Bodyweight conditioning | motion=CoreCrunch | mode=Repetition | presentation=Motion | holdFrame=0 | side=Alternating | direction=None | blocks=[906:None:None:False:Full] | sessionMovement= | insect=Compatible | hardFloor=Compatible","name=Alternating Cross-and-Side Crunch | demand=1 | primary=AbdominalWall | secondary=[HipFlexors;DeepAndIntersegmentalBack] | practice=Bodyweight conditioning | motion=CoreCrunch | mode=Repetition | presentation=Motion | holdFrame=0 | side=Alternating | direction=None | blocks=[906:None:None:False:Full] | sessionMovement= | insect=Compatible | hardFloor=Compatible","The complete packaged loop demonstrates Alternating Cross-and-Side Crunch as named.","None.","Full-loop review found the name, demand, anatomy, structure, and packaged media coherent.","PASS","PASS","PASS","PASS","PASS","PASS","PASS or not applicable","PASS"
"910","PASS","Standing Pilates Knee-Lift Twist","Standing Pilates Knee-Lift Twist","name=Standing Pilates Knee-Lift Twist | demand=1 | primary=DeepAndIntersegmentalBack | secondary=[AbdominalWall;HipFlexors] | practice=Pilates | motion=CoreRotation | mode=Repetition | presentation=Motion | holdFrame=0 | side=ScreenLeftThenRight | direction=None | blocks=[910:ScreenLeft:None:False:Full;910:ScreenRight:None:True:Full;962:None:None:False:Full] | sessionMovement= | insect=Compatible | hardFloor=Compatible","name=Standing Pilates Knee-Lift Twist | demand=1 | primary=DeepAndIntersegmentalBack | secondary=[AbdominalWall;HipFlexors] | practice=Pilates | motion=CoreRotation | mode=Repetition | presentation=Motion | holdFrame=0 | side=ScreenLeftThenRight | direction=None | blocks=[910:ScreenLeft:None:False:Full;910:ScreenRight:None:True:Full;962:None:None:False:Full] | sessionMovement= | insect=Compatible | hardFloor=Compatible","The complete packaged loop demonstrates Standing Pilates Knee-Lift Twist as named.","None.","Full-loop review found the name, demand, anatomy, structure, and packaged media coherent.","PASS","PASS","PASS","PASS","PASS","PASS","PASS or not applicable","PASS"
"914","PASS","Alternating Diagonal Knee Pull-Down","Alternating Diagonal Knee Pull-Down","name=Alternating Diagonal Knee Pull-Down | demand=1 | primary=AbdominalWall | secondary=[HipFlexors;ShoulderAdductorsAndExtensors] | practice=Standing mobility and movement practice | motion=CoreBrace | mode=Repetition | presentation=Motion | holdFrame=0 | side=Alternating | direction=None | blocks=[] | sessionMovement= | insect=Compatible | hardFloor=Compatible","name=Alternating Diagonal Knee Pull-Down | demand=1 | primary=AbdominalWall | secondary=[HipFlexors;ShoulderAdductorsAndExtensors] | practice=Standing mobility and movement practice | motion=CoreBrace | mode=Repetition | presentation=Motion | holdFrame=0 | side=Alternating | direction=None | blocks=[] | sessionMovement= | insect=Compatible | hardFloor=Compatible","The complete packaged loop demonstrates Alternating Diagonal Knee Pull-Down as named.","None.","Full-loop review found the name, demand, anatomy, structure, and packaged media coherent.","PASS","PASS","PASS","PASS","PASS","PASS","PASS or not applicable","PASS"
"915","PASS","Single-Side Split-Stance Knee Drive with Overhead Reach","Single-Side Split-Stance Knee Drive with Overhead Reach","name=Single-Side Split-Stance Knee Drive with Overhead Reach | demand=1 | primary=HipFlexors | secondary=[AbdominalWall;ShoulderAbductors;MedialAndDeepKneeExtensors;LateralKneeExtensors;GlutealExtensors] | practice=Standing mobility and movement practice | motion=CoreCrunch | mode=Repetition | presentation=Motion | holdFrame=0 | side=ScreenLeftThenRight | direction=None | blocks=[915:ScreenLeft:None:False:Full;915:ScreenRight:None:True:Full] | sessionMovement= | insect=Compatible | hardFloor=Compatible","name=Single-Side Split-Stance Knee Drive with Overhead Reach | demand=1 | primary=HipFlexors | secondary=[AbdominalWall;ShoulderAbductors;MedialAndDeepKneeExtensors;LateralKneeExtensors;GlutealExtensors] | practice=Standing mobility and movement practice | motion=CoreCrunch | mode=Repetition | presentation=Motion | holdFrame=0 | side=ScreenLeftThenRight | direction=None | blocks=[915:ScreenLeft:None:False:Full;915:ScreenRight:None:True:Full] | sessionMovement= | insect=Compatible | hardFloor=Compatible","The complete packaged loop demonstrates Single-Side Split-Stance Knee Drive with Overhead Reach as named.","None.","Full-loop review found the name, demand, anatomy, structure, and packaged media coherent.","PASS","PASS","PASS","PASS","PASS","PASS","PASS or not applicable","PASS"
"939","PASS","Hinge-to-Knee Drive","Hinge-to-Knee Drive","name=Hinge-to-Knee Drive | demand=1 | primary=SpinalExtensors | secondary=[PosteriorThighAndKneeFlexors;GlutealExtensors;HipFlexors;DeepAndIntersegmentalBack;AbdominalWall] | practice=Standing mobility and movement practice | motion=CoreCrunch | mode=Repetition | presentation=Motion | holdFrame=0 | side=ScreenLeftThenRight | direction=None | blocks=[939:ScreenLeft:None:False:Full;939:ScreenRight:None:True:Full] | sessionMovement= | insect=Compatible | hardFloor=Compatible","name=Hinge-to-Knee Drive | demand=1 | primary=SpinalExtensors | secondary=[PosteriorThighAndKneeFlexors;GlutealExtensors;HipFlexors;DeepAndIntersegmentalBack;AbdominalWall] | practice=Standing mobility and movement practice | motion=CoreCrunch | mode=Repetition | presentation=Motion | holdFrame=0 | side=ScreenLeftThenRight | direction=None | blocks=[939:ScreenLeft:None:False:Full;939:ScreenRight:None:True:Full] | sessionMovement= | insect=Compatible | hardFloor=Compatible","The complete packaged loop demonstrates Hinge-to-Knee Drive as named.","None.","Full-loop review found the name, demand, anatomy, structure, and packaged media coherent.","PASS","PASS","PASS","PASS","PASS","PASS","PASS or not applicable","PASS"
"943","PASS","Alternating Knee-Up Arms Raise","Alternating Knee-Up Arms Raise","name=Alternating Knee-Up Arms Raise | demand=1 | primary=HipFlexors | secondary=[AbdominalWall;ShoulderAbductors;ScapularGirdle;BreathingMuscles] | practice=Bodyweight conditioning | motion=CoreBrace | mode=Repetition | presentation=Motion | holdFrame=0 | side=Alternating | direction=None | blocks=[943:None:None:False:Full] | sessionMovement= | insect=Compatible | hardFloor=Compatible","name=Alternating Knee-Up Arms Raise | demand=1 | primary=HipFlexors | secondary=[AbdominalWall;ShoulderAbductors;ScapularGirdle;BreathingMuscles] | practice=Bodyweight conditioning | motion=CoreBrace | mode=Repetition | presentation=Motion | holdFrame=0 | side=Alternating | direction=None | blocks=[943:None:None:False:Full] | sessionMovement= | insect=Compatible | hardFloor=Compatible","The complete packaged loop demonstrates Alternating Knee-Up Arms Raise as named.","None.","Full-loop review found the name, demand, anatomy, structure, and packaged media coherent.","PASS","PASS","PASS","PASS","PASS","PASS","PASS or not applicable","PASS"
"948","PASS","Standing Wood Chop","Standing Wood Chop","name=Standing Wood Chop | demand=1 | primary=DeepAndIntersegmentalBack | secondary=[AbdominalWall;ShoulderAdductorsAndExtensors;Chest] | practice=Standing mobility and movement practice | motion=CoreRotation | mode=Repetition | presentation=Motion | holdFrame=0 | side=ScreenRightThenLeft | direction=None | blocks=[948:ScreenRight:None:False:Full;948:ScreenLeft:None:True:Full;949:ScreenRight:None:False:Full;949:ScreenLeft:None:True:Full] | sessionMovement= | insect=Compatible | hardFloor=Compatible","name=Standing Wood Chop | demand=1 | primary=DeepAndIntersegmentalBack | secondary=[AbdominalWall;ShoulderAdductorsAndExtensors;Chest] | practice=Standing mobility and movement practice | motion=CoreRotation | mode=Repetition | presentation=Motion | holdFrame=0 | side=ScreenRightThenLeft | direction=None | blocks=[948:ScreenRight:None:False:Full;948:ScreenLeft:None:True:Full;949:ScreenRight:None:False:Full;949:ScreenLeft:None:True:Full] | sessionMovement= | insect=Compatible | hardFloor=Compatible","The complete packaged loop demonstrates Standing Wood Chop as named.","None.","Full-loop review found the name, demand, anatomy, structure, and packaged media coherent.","PASS","PASS","PASS","PASS","PASS","PASS","PASS or not applicable","PASS"
"949","PASS","Standing Reverse Wood Chop","Standing Reverse Wood Chop","name=Standing Reverse Wood Chop | demand=1 | primary=AbdominalWall | secondary=[DeepAndIntersegmentalBack;ShoulderAbductors;ShoulderAdductorsAndExtensors] | practice=Standing mobility and movement practice | motion=CoreRotation | mode=Repetition | presentation=Motion | holdFrame=0 | side=ScreenRightThenLeft | direction=None | blocks=[] | sessionMovement= | insect=Compatible | hardFloor=Compatible","name=Standing Reverse Wood Chop | demand=1 | primary=AbdominalWall | secondary=[DeepAndIntersegmentalBack;ShoulderAbductors;ShoulderAdductorsAndExtensors] | practice=Standing mobility and movement practice | motion=CoreRotation | mode=Repetition | presentation=Motion | holdFrame=0 | side=ScreenRightThenLeft | direction=None | blocks=[] | sessionMovement= | insect=Compatible | hardFloor=Compatible","The complete packaged loop demonstrates Standing Reverse Wood Chop as named.","None.","Full-loop review found the name, demand, anatomy, structure, and packaged media coherent.","PASS","PASS","PASS","PASS","PASS","PASS","PASS or not applicable","PASS"
"954","PASS","Alternating Torso Rotation with Side Reach","Alternating Torso Rotation with Side Reach","name=Alternating Torso Rotation with Side Reach | demand=1 | primary=DeepAndIntersegmentalBack | secondary=[AbdominalWall;ShoulderAbductors] | practice=Standing mobility and movement practice | motion=CoreRotation | mode=Repetition | presentation=Motion | holdFrame=0 | side=Alternating | direction=None | blocks=[954:None:None:False:Full] | sessionMovement= | insect=Compatible | hardFloor=Compatible","name=Alternating Torso Rotation with Side Reach | demand=1 | primary=DeepAndIntersegmentalBack | secondary=[AbdominalWall;ShoulderAbductors] | practice=Standing mobility and movement practice | motion=CoreRotation | mode=Repetition | presentation=Motion | holdFrame=0 | side=Alternating | direction=None | blocks=[954:None:None:False:Full] | sessionMovement= | insect=Compatible | hardFloor=Compatible","The complete packaged loop demonstrates Alternating Torso Rotation with Side Reach as named.","None.","Full-loop review found the name, demand, anatomy, structure, and packaged media coherent.","PASS","PASS","PASS","PASS","PASS","PASS","PASS or not applicable","PASS"
"958","PASS","Standing Alternating Side Bend","Standing Alternating Side Bend","name=Standing Alternating Side Bend | demand=1 | primary=DeepAndIntersegmentalBack | secondary=[AbdominalWall] | practice=Bodyweight conditioning | motion=CoreSideBend | mode=Repetition | presentation=Motion | holdFrame=0 | side=Alternating | direction=None | blocks=[958:None:None:False:Full] | sessionMovement= | insect=Incompatible | hardFloor=Compatible","name=Standing Alternating Side Bend | demand=1 | primary=DeepAndIntersegmentalBack | secondary=[AbdominalWall] | practice=Bodyweight conditioning | motion=CoreSideBend | mode=Repetition | presentation=Motion | holdFrame=0 | side=Alternating | direction=None | blocks=[958:None:None:False:Full] | sessionMovement= | insect=Incompatible | hardFloor=Compatible","The complete packaged loop demonstrates Standing Alternating Side Bend as named.","None.","Full-loop review found the name, demand, anatomy, structure, and packaged media coherent.","PASS","PASS","PASS","PASS","PASS","PASS","PASS or not applicable","PASS"
"960","PASS","Alternating Heel Tap with Opposite Hand","Alternating Heel Tap with Opposite Hand","name=Alternating Heel Tap with Opposite Hand | demand=1 | primary=AbdominalWall | secondary=[HipFlexors;DeepAndIntersegmentalBack] | practice=Fundamental movement skills | motion=CoreBrace | mode=Repetition | presentation=Motion | holdFrame=0 | side=Alternating | direction=None | blocks=[960:None:None:False:Full] | sessionMovement= | insect=Compatible | hardFloor=Compatible","name=Alternating Heel Tap with Opposite Hand | demand=1 | primary=AbdominalWall | secondary=[HipFlexors;DeepAndIntersegmentalBack] | practice=Fundamental movement skills | motion=CoreBrace | mode=Repetition | presentation=Motion | holdFrame=0 | side=Alternating | direction=None | blocks=[960:None:None:False:Full] | sessionMovement= | insect=Compatible | hardFloor=Compatible","The complete packaged loop demonstrates Alternating Heel Tap with Opposite Hand as named.","None.","Full-loop review found the name, demand, anatomy, structure, and packaged media coherent.","PASS","PASS","PASS","PASS","PASS","PASS","PASS or not applicable","PASS"
"962","PASS","Alternating Standing Knee-to-Elbow Crunch","Alternating Standing Knee-to-Elbow Crunch","name=Alternating Standing Knee-to-Elbow Crunch | demand=1 | primary=AbdominalWall | secondary=[HipFlexors;DeepAndIntersegmentalBack] | practice=Bodyweight conditioning | motion=CoreCrunch | mode=Repetition | presentation=Motion | holdFrame=0 | side=Alternating | direction=None | blocks=[] | sessionMovement= | insect=Compatible | hardFloor=Compatible","name=Alternating Standing Knee-to-Elbow Crunch | demand=1 | primary=AbdominalWall | secondary=[HipFlexors;DeepAndIntersegmentalBack] | practice=Bodyweight conditioning | motion=CoreCrunch | mode=Repetition | presentation=Motion | holdFrame=0 | side=Alternating | direction=None | blocks=[] | sessionMovement= | insect=Compatible | hardFloor=Compatible","The complete packaged loop demonstrates Alternating Standing Knee-to-Elbow Crunch as named.","None.","Full-loop review found the name, demand, anatomy, structure, and packaged media coherent.","PASS","PASS","PASS","PASS","PASS","PASS","PASS or not applicable","PASS"
"969","PASS","Chair-Pose Hold","Chair-Pose Hold","name=Chair-Pose Hold | demand=2 | primary=MedialAndDeepKneeExtensors | secondary=[LateralKneeExtensors;GlutealExtensors;AbdominalWall] | practice=Yoga | motion=CoreBalance | mode=Hold | presentation=Still | holdFrame=92 | side=Continuous | direction=None | blocks=[] | sessionMovement= | insect=Incompatible | hardFloor=Compatible","name=Chair-Pose Hold | demand=2 | primary=MedialAndDeepKneeExtensors | secondary=[LateralKneeExtensors;GlutealExtensors;AbdominalWall] | practice=Yoga | motion=CoreBalance | mode=Hold | presentation=Still | holdFrame=92 | side=Continuous | direction=None | blocks=[] | sessionMovement= | insect=Incompatible | hardFloor=Compatible","The complete packaged loop demonstrates Chair-Pose Hold as named.","None.","Full-loop review found the name, demand, anatomy, structure, and packaged media coherent.","PASS","PASS","PASS","PASS","PASS","PASS","PASS or not applicable","PASS"
"971","PASS","Wide-Squat Alternating Knee Raise","Wide-Squat Alternating Knee Raise","name=Wide-Squat Alternating Knee Raise | demand=2 | primary=AccessoryHipAdductors | secondary=[MajorHipAdductors;MedialAndDeepKneeExtensors;LateralKneeExtensors;GlutealExtensors;HipFlexors;HipAbductors;AbdominalWall] | practice=Bodyweight conditioning | motion=WideSquatKneeRaise | mode=Repetition | presentation=Motion | holdFrame=0 | side=Alternating | direction=None | blocks=[971:None:None:False:Full] | sessionMovement= | insect=Compatible | hardFloor=Compatible","name=Wide-Squat Alternating Knee Raise | demand=2 | primary=AccessoryHipAdductors | secondary=[MajorHipAdductors;MedialAndDeepKneeExtensors;LateralKneeExtensors;GlutealExtensors;HipFlexors;HipAbductors;AbdominalWall] | practice=Bodyweight conditioning | motion=WideSquatKneeRaise | mode=Repetition | presentation=Motion | holdFrame=0 | side=Alternating | direction=None | blocks=[971:None:None:False:Full] | sessionMovement= | insect=Compatible | hardFloor=Compatible","The complete packaged loop demonstrates Wide-Squat Alternating Knee Raise as named.","None.","Full-loop review found the name, demand, anatomy, structure, and packaged media coherent.","PASS","PASS","PASS","PASS","PASS","PASS","PASS or not applicable","PASS"
"973","PASS","Alternating Reverse-Lunge Torso Twist","Alternating Reverse-Lunge Torso Twist","name=Alternating Reverse-Lunge Torso Twist | demand=2 | primary=GlutealExtensors | secondary=[MedialAndDeepKneeExtensors;LateralKneeExtensors;HipFlexors;AbdominalWall;DeepAndIntersegmentalBack] | practice=Bodyweight conditioning | motion=Lunge | mode=Repetition | presentation=Motion | holdFrame=0 | side=Alternating | direction=None | blocks=[973:None:None:False:Full] | sessionMovement=125 | insect=Compatible | hardFloor=Compatible","name=Alternating Reverse-Lunge Torso Twist | demand=2 | primary=GlutealExtensors | secondary=[MedialAndDeepKneeExtensors;LateralKneeExtensors;HipFlexors;AbdominalWall;DeepAndIntersegmentalBack] | practice=Bodyweight conditioning | motion=Lunge | mode=Repetition | presentation=Motion | holdFrame=0 | side=Alternating | direction=None | blocks=[973:None:None:False:Full] | sessionMovement=125 | insect=Compatible | hardFloor=Compatible","The complete packaged loop demonstrates Alternating Reverse-Lunge Torso Twist as named.","None.","Full-loop review found the name, demand, anatomy, structure, and packaged media coherent.","PASS","PASS","PASS","PASS","PASS","PASS","PASS or not applicable","PASS"
"986","PASS","Deep-Squat Side-to-Side Shift","Deep-Squat Side-to-Side Shift","name=Deep-Squat Side-to-Side Shift | demand=2 | primary=MajorHipAdductors | secondary=[AccessoryHipAdductors;MedialAndDeepKneeExtensors;LateralKneeExtensors;GlutealExtensors;HipAbductors;AbdominalWall] | practice=Bodyweight conditioning | motion=LateralShiftSquat | mode=Repetition | presentation=Motion | holdFrame=0 | side=Alternating | direction=None | blocks=[986:None:None:False:Full] | sessionMovement= | insect=Compatible | hardFloor=Compatible","name=Deep-Squat Side-to-Side Shift | demand=2 | primary=MajorHipAdductors | secondary=[AccessoryHipAdductors;MedialAndDeepKneeExtensors;LateralKneeExtensors;GlutealExtensors;HipAbductors;AbdominalWall] | practice=Bodyweight conditioning | motion=LateralShiftSquat | mode=Repetition | presentation=Motion | holdFrame=0 | side=Alternating | direction=None | blocks=[986:None:None:False:Full] | sessionMovement= | insect=Compatible | hardFloor=Compatible","The complete packaged loop demonstrates Deep-Squat Side-to-Side Shift as named.","None.","Full-loop review found the name, demand, anatomy, structure, and packaged media coherent.","PASS","PASS","PASS","PASS","PASS","PASS","PASS or not applicable","PASS"
"987","PASS","Wide-Plié Alternating Heel Lifts","Wide-Plié Alternating Heel Lifts","name=Wide-Plié Alternating Heel Lifts | demand=2 | primary=AccessoryHipAdductors | secondary=[MajorHipAdductors;MedialAndDeepKneeExtensors;LateralKneeExtensors;GlutealExtensors;Soleus;CalfDeepPosteriorLegAndPlantarFoot] | practice=Ballet conditioning | motion=WidePlieAlternatingHeelLift | mode=Repetition | presentation=Motion | holdFrame=0 | side=Alternating | direction=None | blocks=[987:None:None:False:Full] | sessionMovement= | insect=Incompatible | hardFloor=Incompatible","name=Wide-Plié Alternating Heel Lifts | demand=2 | primary=AccessoryHipAdductors | secondary=[MajorHipAdductors;MedialAndDeepKneeExtensors;LateralKneeExtensors;GlutealExtensors;Soleus;CalfDeepPosteriorLegAndPlantarFoot] | practice=Ballet conditioning | motion=WidePlieAlternatingHeelLift | mode=Repetition | presentation=Motion | holdFrame=0 | side=Alternating | direction=None | blocks=[987:None:None:False:Full] | sessionMovement= | insect=Incompatible | hardFloor=Incompatible","The complete packaged loop demonstrates Wide-Plié Alternating Heel Lifts as named.","None.","Full-loop review found the name, demand, anatomy, structure, and packaged media coherent.","PASS","PASS","PASS","PASS","PASS","PASS","PASS or not applicable","PASS"
"996","PASS","Partial Pistol Squat","Partial Pistol Squat","name=Partial Pistol Squat | demand=2 | primary=MedialAndDeepKneeExtensors | secondary=[LateralKneeExtensors;GlutealExtensors;HipFlexors;AbdominalWall;CalfDeepPosteriorLegAndPlantarFoot] | practice=Calisthenics | motion=PartialSingleLegSquat | mode=Repetition | presentation=Motion | holdFrame=0 | side=ScreenLeftThenRight | direction=None | blocks=[996:ScreenLeft:None:False:Full;996:ScreenRight:None:True:Full;997:ScreenLeft:None:False:Full;997:ScreenRight:None:True:Full] | sessionMovement= | insect=Compatible | hardFloor=Compatible","name=Partial Pistol Squat | demand=2 | primary=MedialAndDeepKneeExtensors | secondary=[LateralKneeExtensors;GlutealExtensors;HipFlexors;AbdominalWall;CalfDeepPosteriorLegAndPlantarFoot] | practice=Calisthenics | motion=PartialSingleLegSquat | mode=Repetition | presentation=Motion | holdFrame=0 | side=ScreenLeftThenRight | direction=None | blocks=[996:ScreenLeft:None:False:Full;996:ScreenRight:None:True:Full;997:ScreenLeft:None:False:Full;997:ScreenRight:None:True:Full] | sessionMovement= | insect=Compatible | hardFloor=Compatible","The complete packaged loop demonstrates Partial Pistol Squat as named.","None.","Full-loop review found the name, demand, anatomy, structure, and packaged media coherent.","PASS","PASS","PASS","PASS","PASS","PASS","PASS or not applicable","PASS"
"997","PASS","Bottom Pistol Squat Hold","Bottom Pistol Squat Hold","name=Bottom Pistol Squat Hold | demand=2 | primary=LateralKneeExtensors | secondary=[MedialAndDeepKneeExtensors;GlutealExtensors;HipFlexors;AbdominalWall;CalfDeepPosteriorLegAndPlantarFoot] | practice=Calisthenics | motion=PistolSquatHold | mode=Hold | presentation=Still | holdFrame=50 | side=ScreenLeftThenRight | direction=None | blocks=[] | sessionMovement=115 | insect=Incompatible | hardFloor=Compatible","name=Bottom Pistol Squat Hold | demand=2 | primary=LateralKneeExtensors | secondary=[MedialAndDeepKneeExtensors;GlutealExtensors;HipFlexors;AbdominalWall;CalfDeepPosteriorLegAndPlantarFoot] | practice=Calisthenics | motion=PistolSquatHold | mode=Hold | presentation=Still | holdFrame=50 | side=ScreenLeftThenRight | direction=None | blocks=[] | sessionMovement=115 | insect=Incompatible | hardFloor=Compatible","The complete packaged loop demonstrates Bottom Pistol Squat Hold as named.","None.","Full-loop review found the name, demand, anatomy, structure, and packaged media coherent.","PASS","PASS","PASS","PASS","PASS","PASS","PASS or not applicable","PASS"
"998","PASS","Deep-Squat Thoracic Rotation","Deep-Squat Thoracic Rotation","name=Deep-Squat Thoracic Rotation | demand=2 | primary=DeepAndIntersegmentalBack | secondary=[AbdominalWall;DeepHipRotators;MajorHipAdductors;AccessoryHipAdductors;MedialAndDeepKneeExtensors;LateralKneeExtensors] | practice=Deep-squat mobility | motion=DeepSquatRotation | mode=Repetition | presentation=Motion | holdFrame=0 | side=Alternating | direction=None | blocks=[998:None:None:False:Full] | sessionMovement= | insect=Compatible | hardFloor=Compatible","name=Deep-Squat Thoracic Rotation | demand=2 | primary=DeepAndIntersegmentalBack | secondary=[AbdominalWall;DeepHipRotators;MajorHipAdductors;AccessoryHipAdductors;MedialAndDeepKneeExtensors;LateralKneeExtensors] | practice=Deep-squat mobility | motion=DeepSquatRotation | mode=Repetition | presentation=Motion | holdFrame=0 | side=Alternating | direction=None | blocks=[998:None:None:False:Full] | sessionMovement= | insect=Compatible | hardFloor=Compatible","The complete packaged loop demonstrates Deep-Squat Thoracic Rotation as named.","None.","Full-loop review found the name, demand, anatomy, structure, and packaged media coherent.","PASS","PASS","PASS","PASS","PASS","PASS","PASS or not applicable","PASS"
"999","PASS","Deep-Squat Walk","Deep-Squat Walk","name=Deep-Squat Walk | demand=2 | primary=LateralKneeExtensors | secondary=[MedialAndDeepKneeExtensors;GlutealExtensors;MajorHipAdductors;AccessoryHipAdductors;HipAbductors;Soleus;CalfDeepPosteriorLegAndPlantarFoot] | practice=Deep-squat locomotion | motion=DeepSquatWalk | mode=Repetition | presentation=Motion | holdFrame=0 | side=Alternating | direction=None | blocks=[999:None:None:False:Full] | sessionMovement= | insect=Compatible | hardFloor=Compatible","name=Deep-Squat Walk | demand=2 | primary=LateralKneeExtensors | secondary=[MedialAndDeepKneeExtensors;GlutealExtensors;MajorHipAdductors;AccessoryHipAdductors;HipAbductors;Soleus;CalfDeepPosteriorLegAndPlantarFoot] | practice=Deep-squat locomotion | motion=DeepSquatWalk | mode=Repetition | presentation=Motion | holdFrame=0 | side=Alternating | direction=None | blocks=[999:None:None:False:Full] | sessionMovement= | insect=Compatible | hardFloor=Compatible","The complete packaged loop demonstrates Deep-Squat Walk as named.","None.","Full-loop review found the name, demand, anatomy, structure, and packaged media coherent.","PASS","PASS","PASS","PASS","PASS","PASS","PASS or not applicable","PASS"
"1000","PASS","Standing Forward-Fold Hold","Standing Forward-Fold Hold","name=Standing Forward-Fold Hold | demand=0 | primary=PosteriorThighAndKneeFlexors | secondary=[SpinalExtensors;DeepAndIntersegmentalBack] | practice=Standing mobility and movement practice | motion=SpineFlexion | mode=Hold | presentation=Still | holdFrame=90 | side=Continuous | direction=None | blocks=[] | sessionMovement= | insect=Incompatible | hardFloor=Compatible","name=Standing Forward-Fold Hold | demand=0 | primary=PosteriorThighAndKneeFlexors | secondary=[SpinalExtensors;DeepAndIntersegmentalBack] | practice=Standing mobility and movement practice | motion=SpineFlexion | mode=Hold | presentation=Still | holdFrame=90 | side=Continuous | direction=None | blocks=[] | sessionMovement= | insect=Incompatible | hardFloor=Compatible","The complete packaged loop demonstrates Standing Forward-Fold Hold as named.","None.","Full-loop review found the name, demand, anatomy, structure, and packaged media coherent.","PASS","PASS","PASS","PASS","PASS","PASS","PASS or not applicable","PASS"
