"id","name","presentation","decision","user_thought","observed_demo","reason"
"15","Skater-RDL Balance","Motion","REMOVE","The name and silent demonstration are unclear, overly specialist, hidden-effort, trivial, or visually mismatched.","The reviewed entry is retired in favor of Alternating Standing Hamstring Curls.","The replacement is a worthwhile named movement whose complete action is visible and copyable at a glance."
"16","Star-Tap Balance","Motion","REMOVE","The name and silent demonstration are unclear, overly specialist, hidden-effort, trivial, or visually mismatched.","The reviewed entry is retired in favor of Split-Stance Toe Raises.","The replacement is a worthwhile named movement whose complete action is visible and copyable at a glance."
"17","Single-Leg RDL-Rotation Balance","Motion","REMOVE","The name and silent demonstration are unclear, overly specialist, hidden-effort, trivial, or visually mismatched.","The reviewed entry is retired in favor of Standing Toe-Touch Windmill.","The replacement is a worthwhile named movement whose complete action is visible and copyable at a glance."
"19","Side-to-Side Pendulum Balance","Motion","REMOVE","The name and silent demonstration are unclear, overly specialist, hidden-effort, trivial, or visually mismatched.","The reviewed entry is retired in favor of Wide Plie Squat Pulses.","The replacement is a worthwhile named movement whose complete action is visible and copyable at a glance."
"20","Front-to-Back Pendulum Balance","Motion","REMOVE","The name and silent demonstration are unclear, overly specialist, hidden-effort, trivial, or visually mismatched.","The reviewed entry is retired in favor of Standing Rear-Leg Pulses.","The replacement is a worthwhile named movement whose complete action is visible and copyable at a glance."
"21","Standing-Scale Balance Hold","Still","KEEP","I hold the shown one-leg scale pose.","The performer enters a long single-leg horizontal scale and returns upright.","The final pose and explicit hold name communicate the task more cleanly than repeated entry footage."
"31","Tai Chi Golden-Rooster Balance Drill","Motion","REMOVE","The name and silent demonstration are unclear, overly specialist, hidden-effort, trivial, or visually mismatched.","The reviewed entry is retired in favor of High-Knee Overhead-Reach March.","The replacement is a worthwhile named movement whose complete action is visible and copyable at a glance."
"32","Tandem Walk","Motion","KEEP","I walk heel-to-toe along one straight line.","The performer advances with one foot directly in front of the other.","The familiar name and unobstructed full-body demo are unambiguous."
"37","Side Shuffle","Motion","KEEP","I take quick sideways steps without crossing my feet.","A low-impact side shuffle repeats left and right.","The direction, footwork, and compact travel are immediately clear."
"41","Backward Walking","Motion","REMOVE","I step back into a lunge, rise, and drive that knee forward.","A solo demonstrator repeats a compact reverse lunge into a knee drive.","The replacement is substantial, clear, quiet, unsupported, and stays within the space limit."
"47","Walking with Horizontal Head Turns","Motion","REMOVE","The name and silent demonstration are unclear, overly specialist, hidden-effort, trivial, or visually mismatched.","The reviewed entry is retired in favor of Tandem-Stance Head Turns.","The replacement is a worthwhile named movement whose complete action is visible and copyable at a glance."
"56","Hula Kāholo","Motion","REMOVE","I see a gentle dance step, but I am not sure what meaningful training action is intended.","Small side-together steps are paired with subtle hip sway.","The movement is too slight and dance-specific to justify a workout slot under the worthwhile-movement bar."
"58","Bhangra Chaal","Motion","KEEP","I raise the shown-side knee in rhythm while holding the arms in the demonstrated shape.","A clear repeated knee lift and grounded side step accompany a stable overhead-and-side arm shape.","The pattern is visually simple, physically meaningful, and readable despite the unfamiliar name."
"59","Samba no Pé Basic","Motion","REMOVE","The feet move too quickly for me to reconstruct the step from a glance.","Fast samba footwork cycles through small forward-back weight changes.","The choreography is nontrivial at phone size and the name does not tell a novice what to do."
"60","Low-Impact Skater Step","Motion","KEEP","I step behind and across from side to side without jumping.","A grounded skater step alternates laterally with a rear cross-tap.","The low-impact pattern is obvious, worthwhile, quiet, and compact."
"92","Capoeira Ginga","Motion","KEEP","I rock between the two staggered positions and keep the arms moving with the step.","The performer alternates the characteristic triangular ginga stance and guard.","The full-body rhythm is clearly exposed and can be copied within the space limit."
"93","Capoeira Esquiva Lateral","Motion","KEEP","I sink to one side and lean my torso away as demonstrated.","A lateral evasive bend shifts into a low side stance and returns.","It is a single readable cycle with a meaningful leg-and-trunk demand."
"96","Dynamic Figure-Four Squat Balance","Motion","KEEP","I cross one ankle over the other knee, squat, and rise on one leg.","A standing figure-four balance repeatedly lowers into a squat.","The demo and descriptive name make the challenging movement immediately understandable."
"97","Heel-to-Toe Balance Rocks","Motion","REMOVE","The name and silent demonstration are unclear, overly specialist, hidden-effort, trivial, or visually mismatched.","The reviewed entry is retired in favor of Standing Side-Kick Reach.","The replacement is a worthwhile named movement whose complete action is visible and copyable at a glance."
"98","Penguin Balance March","Motion","REMOVE","I mostly see someone standing and cannot tell what the penguin march is supposed to be.","Very small ankle and foot changes are shown from front and side with little visible marching.","The action is too subtle, the title is nonstandard, and a novice cannot confidently reproduce it."
"101","Bodyweight Squat","Motion","KEEP","I squat down and stand back up.","A conventional bodyweight squat is shown front-on.","Exact name-to-demo match and instantly followable."
"102","Low-Impact Squat Jack","Motion","REMOVE","I expect a step-out jack, but the feet stay together while the person squats and raises the arms.","The clip shows repeated narrow squats with jack-like arms but no clear low-impact jack foot pattern.","The demonstration does not technically match the named exercise."
"103","Wide Squat Pulse","Motion","KEEP","I stay in a wide squat and make short up-down pulses.","A wide turned-out squat is held while the hips pulse vertically.","The range and rhythm are unmistakable."
"104","Sumo Squat","Motion","KEEP","I take a wide stance, turn my feet out, squat, and rise.","A standard sumo squat repeats from a front view.","The familiar action is clear and worthwhile."
"105","Wide Turned-Out Squat","Motion","KEEP","I take a wide turned-out stance, squat, and stand.","One full-body demonstrator keeps both feet and the squat depth visible for the complete repetition.","The literal name and unobstructed stance remove the need for ballet terminology."
"107","Half Squat","Motion","REMOVE","The name and silent demonstration are unclear, overly specialist, hidden-effort, trivial, or visually mismatched.","The reviewed entry is retired in favor of Wide Plie Squats.","The replacement is a worthwhile named movement whose complete action is visible and copyable at a glance."
"108","Second-Position Plié with Arm Sweep","Motion","KEEP","I plié in a wide stance while sweeping my arms out and up.","A second-position knee bend is synchronized with a broad arm sweep.","The whole pattern is visible and directly matches the name."
"109","One-and-a-Half Sumo Squat","Motion","KEEP","I go down, rise halfway, go down again, then stand.","The performer alternates full and partial depth within each sumo-squat repetition.","The video makes the otherwise subtle one-and-a-half rhythm visible."
"110","Squat Pulse","Motion","KEEP","I stay low and make small squat pulses.","A shoulder-width squat is held through short vertical pulses.","Simple, exact, and immediately repeatable."
"111","Rainbow Squat Thruster","Motion","KEEP","I squat, then rise while sweeping both arms in a large arc overhead.","A squat drives into an overhead rainbow-shaped arm sweep.","The descriptive name and full-body demonstration agree."
"112","Wide Squat with Overhead Reach","Motion","KEEP","I squat wide with my hands low, then stand and reach overhead.","Wide squats alternate with a tall bilateral overhead reach.","The two-position cycle is obvious and worthwhile."
"113","Bodyweight Overhead Squat","Motion","KEEP","I keep my arms overhead while I squat.","A full squat repeats with both arms fixed overhead.","The defining constraint is conspicuous throughout the demo."
"114","Hindu Squat","Motion","KEEP","I sweep my arms as I drop into the heel-raised deep squat and rise.","A traditional Hindu squat cycles through an arm swing and deep heel-raised bottom.","The distinctive sequence is shown clearly from the side."
"115","Sissy Squat","Motion","REMOVE","I expect a standing sissy squat, but the demonstration drops both knees and shins onto the ground.","The rendered clip is a kneeling natural leg extension rather than a feet-only standing sissy squat.","The name contradicts the demonstrated movement and the non-foot ground contact violates the catalog rules."
"116","Cossack Squat","Motion","REMOVE","I wait through setup and talking, then only see two isolated repetitions near the end.","Most of the clip is instruction rather than an uninterrupted exercise demonstration.","The user cannot glance at the loop and immediately join a steady alternating rhythm."
"117","Lateral Squat","Motion","REMOVE","The long one-side sequence and coaching pauses do not read as the alternating exercise named.","The source changes sides slowly instead of presenting one immediate repeatable action.","Replace it with a settled side-lunge hold whose exact position and timed side change are obvious."
"118","Squat to Knee Drive","Motion","KEEP","I squat and rise into an alternating knee drive.","Each squat transitions into a high knee lift before the next squat.","The energetic two-part cycle is exact and easy to imitate."
"119","Squat to Calf Raise","Motion","KEEP","I squat, stand, and rise onto my toes.","A normal squat finishes with a bilateral heel raise.","Both components are clearly visible and accurately named."
"120","Duck Walk","Motion","REMOVE","I hold a split stance and pulse straight down and up.","A solo demonstrator performs small repeated split-squat pulses without travelling.","The prior travelling sequence is replaced by a worthwhile stationary leg exercise."
"121","Alternating Forward Lunge","Motion","KEEP","I step forward into a lunge and alternate legs.","Forward lunges alternate from a standing start.","Exact and instantly readable."
"122","Alternating Reverse Lunge","Motion","KEEP","I step backward into a lunge and alternate legs.","Reverse lunges alternate from upright stance.","Exact and instantly readable; gym equipment remains background only."
"123","Alternating Lateral Lunge","Motion","KEEP","I step out and bend one knee, then repeat to the other side.","Side lunges alternate with the opposite leg straight.","The lateral path and leg roles are clear."
"124","Alternating Curtsy Lunge with Side Crunch","Motion","KEEP","I curtsy behind, then lift that knee toward my same-side elbow.","A rear cross-lunge alternates with a standing side crunch.","The sequence is fully visible and the long name accurately describes it."
"125","Alternating Reverse Lunge with Torso Twist","Motion","KEEP","I reverse-lunge and turn my torso over the front leg, then change sides.","Each reverse lunge includes a deliberate horizontal torso rotation.","Dense frame review confirms the named twist and alternating match."
"126","Back-Step Side Stretch","Motion","REMOVE","I can copy the back tap and side reach, but it feels like setup rather than an exercise.","A shallow side bend is paired with a small backward toe tap.","The pattern is readable but has no meaningful strength, balance, stamina, stepping, or end-range mobility dose."
"127","Alternating Lunge with Overhead Stretch","Motion","KEEP","I lunge and reach overhead, then repeat on the other leg.","Alternating lunges pair with a tall overhead arm extension.","Simple compound movement with an exact demonstration."
"128","Alternating Curtsy Squat with Arm Sweep","Motion","KEEP","I cross behind into the curtsy squat while sweeping my arms back, then switch.","A rear cross-step lowers into a curtsy squat as both arms sweep behind the trunk.","The dense sequence confirms a readable, repeatable match."
"129","Squat to Alternating Front Kick","Motion","KEEP","I squat, stand, kick forward with one leg, and alternate.","Every squat is followed by a front kick on alternating sides.","The sequence is obvious and worthwhile."
"130","Squat to Alternating Side Leg Lift","Motion","KEEP","I squat and then lift one straight leg to the side, alternating.","One full-body demonstrator repeats the squat and alternates the lateral leg raise.","Both feet and every phase remain large and readable."
"131","Squat to Alternating Back Leg Lift","Motion","KEEP","I squat and then lift one leg behind me, alternating.","A squat transitions into alternating hip-extension leg lifts.","The movement matches the literal name."
"132","Squat to Alternating Oblique Crunch","Motion","KEEP","I squat, rise, and bring one knee toward the same-side elbow.","Alternating standing oblique crunches follow repeated squats.","The two actions and alternation are visually clear."
"133","Goddess Squat to Star Pose","Motion","REMOVE","I cannot see the feet or full stance that define either pose.","The knees-up crop omits the foot position and most of the lower-body transition.","The demonstration cannot communicate the named movement at a glance."
"135","Mountain Pose to Upward Salute","Motion","REMOVE","The name and silent demonstration are unclear, overly specialist, hidden-effort, trivial, or visually mismatched.","The reviewed entry is retired in favor of Standing Snow Angels.","The replacement is a worthwhile named movement whose complete action is visible and copyable at a glance."
"136","Wide Turned-Out Squat Hold","Still","KEEP","I hold the wide, turned-out squat shown.","After setup, the demonstrator settles into a static wide turned-out squat.","The literal name and final image communicate the hold without specialist terminology."
"138","Narrow-Squat Heel Raise","Motion","KEEP","I hold a narrow squat and lift and lower both heels.","A narrow bent-knee stance repeats visible heel raises.","The ankle action and squat position are both readable."
"139","Wide-Squat Heel Raise","Motion","KEEP","I hold a wide squat and lift and lower my heels.","A wide squat remains low through repeated bilateral calf raises.","The name and movement align."
"140","Sumo-Squat Calf Raise","Motion","KEEP","I stay in a turned-out sumo squat and rise onto my toes.","A sumo stance combines a knee bend with repeated heel elevation.","The defining foot turnout and calf action are clear."
"141","Squat with Alternating Heel Lift","Motion","KEEP","I hold the squat and lift one heel at a time.","Alternating heel raises occur while the performer stays low in a squat.","The alternating ankle action is conspicuous."
"142","Lateral Squat Walk","Motion","KEEP","I stay partly squatted and step sideways, then reverse.","A compact squat walk travels laterally in small steps.","The task is familiar, visible, and space-compliant."
"143","Alternating Reverse Lunge to Front Kick","Motion","KEEP","I reverse-lunge and drive straight into a front kick, alternating legs.","Each backward lunge transitions directly into a same-leg front kick.","The linked action is clearly demonstrated and worthwhile."
"144","Alternating Standing Knee Lift","Motion","KEEP","I lift one knee, lower it, and alternate.","Simple standing knee raises alternate at an even cadence.","Immediate comprehension and exact match."
"145","Standing Knee-Extension Hold","Still","KEEP","I raise my knee, straighten the lower leg, and hold the straight-knee position.","The source labels the movement as knee extensions plus a static hold and visibly settles into the straight-knee endpoint.","The reviewed final human frame, explicit hold name, and 20-5-20 side timing now communicate one unambiguous task."
"146","Alternating Leg Curl with Back Squeeze","Motion","REMOVE","I soften my knees, hinge my hips back with a long spine, and stand.","A side-view human demonstration clearly repeats the hip-hinge pattern.","The bodyweight good morning is immediately copyable and needs no equipment."
"147","Squat to Alternating Star Reach","Motion","KEEP","I squat, then rise into a diagonal star reach on alternating sides.","Repeated squats transition into alternating diagonal arm-and-leg reaches.","The large shapes make the compound cycle readable."
"148","Straight-Leg Hip-Extension Lift","Motion","KEEP","I hinge slightly and lift one straight leg behind me.","A supported-by-balance-only hip hinge repeats straight-leg rear lifts.","The rear leg path is clear and no object is used for support."
"150","Cross-Body Hip-Adduction Sweep","Motion","REMOVE","The name and silent demonstration are unclear, overly specialist, hidden-effort, trivial, or visually mismatched.","The reviewed entry is retired in favor of Wide-Squat Side-to-Side Shifts.","The replacement is a worthwhile named movement whose complete action is visible and copyable at a glance."
"151","Alternating Straight-Leg Front Raise","Motion","KEEP","I raise one straight leg forward and alternate.","Straight-leg front raises alternate from an upright stance.","Exact, familiar, and unobstructed."
"152","Side-Leg Raise Pulse","Motion","KEEP","I raise one straight leg sideways and make short pulses.","A lateral leg raise stays elevated through repeated small pulses.","The pulse range and side are easy to see."
"154","Diagonal Leg Raise","Motion","KEEP","I lean slightly and raise the outside leg on the shown diagonal.","The torso inclines as a straight leg lifts outward on a diagonal line.","The single repeated path is visible and equipment-free."
"156","Alternating Curtsy-Lunge-to-Squat","Motion","KEEP","I curtsy behind, move into a squat, and repeat to the other side.","Alternating rear cross-lunges transition through a centered squat.","The footwork is compact and the repeated sequence is legible."
"159","Standing Fire Hydrant","Motion","REMOVE","The name tells me to open a bent knee sideways, but the video mostly curls and extends the leg behind.","A standing bent-knee rear leg curl or kickback is shown rather than hip abduction in a fire-hydrant path.","The bundled demonstration is technically mismatched."
"160","Standing Donkey Kick","Motion","KEEP","I bend my knee and press the sole backward and upward.","A standing bent-knee hip-extension kick repeats behind the body.","The path is obvious and matches the name."
"161","Alternating Standing Gate Opener","Motion","KEEP","I raise one knee and rotate it outward, then alternate.","Each lifted thigh opens laterally at the hip before lowering.","The hip circle is clearly visible and familiar."
"167","High-Knee March","Motion","KEEP","I march in place with my knees high.","Alternating high-knee marching is shown side-on.","Immediate, exact, and useful."
"168","Toy Soldier March","Motion","KEEP","I march with straight-leg kicks and reach toward the raised foot.","Alternating straight-leg kicks pair with an opposite-hand reach.","The transient hand-to-foot touch is clear and the movement is easy to imitate."
"169","Standing Knee Drive","Motion","REMOVE","The name and silent demonstration are unclear, overly specialist, hidden-effort, trivial, or visually mismatched.","The reviewed entry is retired in favor of High-Knee Pulldown March.","The replacement is a worthwhile named movement whose complete action is visible and copyable at a glance."
"170","Alternating Cross-Body Knee Drive","Motion","KEEP","I draw each knee toward the opposite side of my torso and alternate.","Alternating knee drives cross the midline under coordinated arms.","The cross-body direction is conspicuous."
"171","Alternating Hamstring Sweep","Motion","KEEP","I extend one heel forward, hinge, and sweep my hands toward it, then switch.","A straight front leg pairs with a forward hip hinge and hand sweep.","The alternating stretch pattern is immediately visible."
"173","Alternating Side Knee Lift","Motion","KEEP","I lift one bent knee out to the side and then the other.","A lateral bent-knee lift repeats in an upright stance.","The direction is obvious and the timed-side handling can mirror it cleanly."
"174","Alternating Front Kick Toe Touch","Motion","KEEP","I kick a straight leg forward and reach toward its toe, then alternate.","Alternating high straight-leg kicks meet a reaching hand near the toe.","Dense review confirms the named kick-and-touch rather than a mere march."
"176","Alternating Back Kick","Motion","REMOVE","I expect simple rear leg kicks, but the performer repeatedly turns away and executes a martial spinning kick.","The clip shows a whole-body turn into a back kick rather than straightforward alternating hip-extension kicks.","The title understates complex choreography and the action is not glance-followable."
"177","Roundhouse Kick Chamber","Motion","REMOVE","I balance on one leg, hinge, and rotate my pelvis open and closed.","A solo demonstrator performs a controlled unsupported standing hip airplane.","The prior kick chamber is replaced by a clearer, more substantial balance and hip-control movement."
"178","Crescent Kick","Motion","KEEP","I swing my leg in the visible inward crescent arc.","A standing kick traces a curved path across the front of the body.","The arc is visible and the clip matches the named kick."
"179","Axe-Kick Leg Raise","Motion","REMOVE","The name and silent demonstration are unclear, overly specialist, hidden-effort, trivial, or visually mismatched.","The reviewed entry is retired in favor of Hip-Hinge Rear-Leg Raises.","The replacement is a worthwhile named movement whose complete action is visible and copyable at a glance."
"180","Karate Front Snap Kick","Motion","REMOVE","The name and silent demonstration are unclear, overly specialist, hidden-effort, trivial, or visually mismatched.","The reviewed entry is retired in favor of Standing Front Snap Kicks.","The replacement is a worthwhile named movement whose complete action is visible and copyable at a glance."
"181","Karate Side Thrust Kick","Motion","KEEP","I chamber, thrust my heel sideways, retract, and lower.","A side thrust kick is demonstrated in a single clean cycle.","The technique and direction are unobstructed."
"182","Taekwondo Front-Kick Chamber","Motion","REMOVE","I step, turn, and sweep one straight leg around in a circular kick.","A solo Capoeira practitioner demonstrates Armada de Frente inside a compact area.","The partner-assisted kick chamber is replaced by an exact solo named movement."
"183","Taekwondo Side-Kick Chamber","Motion","REMOVE","I step across and sweep the other leg outward in a circular kick.","A solo Capoeira practitioner demonstrates Queixada inside a compact area.","The partner-assisted side-kick chamber is replaced by an exact solo named movement."
"184","Tai Chi Heel Kick","Motion","REMOVE","The slow form contains specialist arm choreography beyond the named leg action.","A Tai Chi sequence combines a heel kick with several staged arm positions.","Replace it with a plain split-squat hold whose complete task is visible in one frame."
"185","Tai Chi Toe Kick","Motion","REMOVE","The foreground body is cropped and appears to use a barre, so I cannot confidently see or reproduce the toe-kick path unaided.","A poorly framed dance-studio view obscures the lower leg while the performer remains beside or on a support.","The demonstration is not a clear zero-equipment model for the named kick."
"186","Tai Chi Lotus Kick","Motion","REMOVE","The specialist multi-stage kick and arm sequence is not immediately copyable from one glance.","The source combines a knee lift, circular kick, and broad arm choreography.","Replace it with a settled hip-airplane hold that exposes the complete balance position."
"187","Second-Position Relevé Rise and Lower","Motion","REMOVE","I alternately rise onto my toes and rock back onto my heels.","A close human demonstration clearly shows repeated heel-and-toe raises.","This gives the lower leg a visible active movement instead of an unclear ballet action."
"188","Narrow Turned-Out Shallow Squat","Motion","KEEP","I keep a narrow turned-out stance, bend my knees shallowly, and straighten.","One full-body demonstrator repeats the exact shallow squat without a camera cut.","Both feet, knee direction, and depth remain visible."
"190","Ballet Grand Plie","Motion","KEEP","I turn out, lower into the deep plié, and rise.","A full deep ballet plié is shown front-on.","The action is obvious and needs no visible support."
"191","Ballet Tendu Devant","Motion","REMOVE","I keep my heels down and repeatedly lift my toes.","A standing human demonstration visibly repeats unsupported toe raises.","The replacement is a clear, useful anterior-lower-leg exercise without a barre or wall."
"192","Ballet Tendu a la Seconde","Motion","REMOVE","I lunge sideways, return to balance, and drive the knee up.","A solo demonstrator repeats a compact lateral lunge into a knee drive.","The replacement is more substantial and easier to copy than the retired ballet gesture."
"193","Ballet Tendu Derriere","Motion","REMOVE","The name and silent demonstration are unclear, overly specialist, hidden-effort, trivial, or visually mismatched.","The reviewed entry is retired in favor of Wide-Squat Floor-to-Overhead Reach.","The replacement is a worthwhile named movement whose complete action is visible and copyable at a glance."
"194","Ballet Degage Devant","Motion","REMOVE","I walk in a small area while keeping my toes lifted.","A human demonstration clearly shows short heel-walking steps.","The movement is useful, obvious, equipment-free, and can be reversed inside the allowed space."
"195","Ballet Degage a la Seconde","Motion","REMOVE","The retired ballet term is opaque, and the first replacement leaves me waiting to see what 'to balance' means.","The first replacement spends most of its loop on setup and side-lunge frames, with the defining one-leg balance appearing only at the end.","Use a plain knee-up name and a full-body loop that repeatedly shows the complete side-lunge-to-balance transition."
"196","Ballet Degage Derriere","Motion","REMOVE","I squat with most weight on the front leg and the other foot lightly behind.","A human demonstration clearly repeats an unsupported B-stance squat.","The replacement is a substantial shoe-agnostic strength movement with an exact demonstration."
"197","Parallel Squat-to-Calf Raise","Motion","KEEP","I make a shallow parallel squat, stand, and rise onto my toes.","One unsupported full-body demonstrator repeats the squat and calf raise.","The literal name matches the visible phases without specialist terminology."
"198","Wide Squat to Feet-Together Calf Raise","Motion","KEEP","I squat wide, bring my feet together, and rise onto my toes.","One unsupported full-body demonstrator repeats the wide squat and narrow calf raise.","The literal name matches the visible stance change and both loaded phases."
"199","Horse-Stance Knee Bend","Motion","REMOVE","I expect a centered horse-stance bend, but the performer shifts into deep one-sided bends.","The clip alternates lateral weight shifts or side squats rather than a symmetric horse-stance knee bend.","The name and demonstration do not technically agree."
"200","Good Morning to Squat","Motion","KEEP","I hinge forward, return, then squat.","A hip-hinge good morning alternates with a conventional squat.","The two distinct phases are obvious."
"201","Alternating Boxing Jab","Motion","REMOVE","The person is punching a heavy bag that I do not have.","Repeated jabs make contact with a suspended punching bag.","The demonstration relies on equipment and models external contact."
"203","Alternating Boxing Hook","Motion","REMOVE","The person is throwing hooks into a heavy bag that I do not have.","Alternating hooks are demonstrated against a suspended bag.","The demonstration relies on equipment rather than clean shadowboxing."
"211","Karate Backfist Strike (Uraken-Uchi)","Motion","REMOVE","I swing the back of my fist outward along the demonstrated line.","A solo karate backfist cycles from chamber to strike and return.","The unloaded strike is a technique gesture without a visible resistance, conditioning pace, or meaningful training dose."
"212","Karate Palm-Heel Strike (Teisho)","Motion","REMOVE","I drive the heel of my open palm forward and retract.","A solo palm-heel strike repeats from guard.","The unloaded palm strike supplies neither resistance nor enough continuous whole-body work to qualify as a worthwhile exercise."
"213","Karate Hammer-Fist Strike (Tetsui-Uchi)","Motion","REMOVE","I bring the bottom of my fist down along the shown arc.","A solo hammer-fist strike cycles from chamber to impact line.","The slow unloaded strike is martial technique practice rather than a strength, stamina, or mobility exercise."
"214","Wing Chun Biu-Sau Palm Strike","Motion","REMOVE","I cross into the guard shown, then extend the open palm forward.","A tight torso crop shows one short crossed-guard and palm-extension pattern.","The clip hides the stance, depends on specialist terminology, and demonstrates an unloaded technique gesture with no useful training dose."
"215","Self-Resisted Wrist Radial-Deviation Pulses","Motion","REMOVE","The technical name does not rescue a tiny resisted movement buried in setup and talking.","Only a brief small wrist action appears in a mostly instructional clip.","The exact direction and working hand are not instantly readable at app size."
"216","Self-Resisted Wrist Ulnar-Deviation Pulses","Motion","REMOVE","The technical name does not rescue a tiny resisted movement buried in setup and talking.","Only a brief small wrist action appears in a mostly instructional clip.","The exact direction and working hand are not instantly readable at app size."
"217","Self-Resisted Wrist-Extension Pulses","Motion","REMOVE","I cannot reliably see the resisted wrist path in the silent loop.","Talking and hand placement dominate a short imperceptible pulse.","The exact exercise is not glanceable."
"218","Self-Resisted Wrist-Flexion Pulses","Motion","REMOVE","I cannot reliably see the resisted wrist path in the silent loop.","Talking and hand placement dominate a short imperceptible pulse.","The exact exercise is not glanceable."
"219","Four-Way Self-Resisted Wrist Sequence","Motion","REMOVE","The name and silent demonstration are unclear, overly specialist, hidden-effort, trivial, or visually mismatched.","The reviewed entry is retired in favor of High-Knee Cross-Body Pull.","The replacement is a worthwhile named movement whose complete action is visible and copyable at a glance."
"220","Interlocked Hook-Fist Pull-Apart Isometric","Still","REMOVE","The name and silent demonstration are unclear, overly specialist, hidden-effort, trivial, or visually mismatched.","The reviewed entry is retired in favor of Karate Rising Block.","The replacement is a worthwhile named movement whose complete action is visible and copyable at a glance."
"223","Alternating Karate Inside Block (Uchi-Uke)","Motion","REMOVE","I see a forearm sweep in place, but no resistance, sustained stance work, or conditioning pace.","A solo demonstrator repeats one unloaded arm block from a relaxed upright stance.","The static block is a low-effort martial gesture and was replaced by a directly resisted forearm-supination hold."
"224","Alternating Karate Downward Sweep Block (Gedan-Barai)","Motion","REMOVE","I see an arm sweep in place, but there is no meaningful load or lower-body movement.","A solo demonstrator repeats one unloaded downward arm block without stepping.","The static block is a low-effort martial gesture and was replaced by a multi-direction wrist-stabilization hold."
"225","Karate Knife-Hand Block (Shuto-Uke)","Motion","REMOVE","I see an open-hand block in place, but no clear strength, stamina, balance, or mobility task.","A solo demonstrator slowly repeats an unloaded knife-hand guard from a fixed stance.","The static block is a low-effort martial gesture and was replaced by a clear clenched-fist wrist-extensor stretch."
"227","Standing Palm-Press Pulses","Motion","REMOVE","I mostly see prayer hands lift into position; the supposed press pulses are not visibly distinguishable.","The demonstrator raises joined palms and then appears nearly static with no clear pulse range.","The repetition is too subtle and the demo does not communicate what to repeat."
"228","Boxing Cross","Motion","REMOVE","The cross is demonstrated by hitting a heavy bag I do not have.","A rear-hand cross repeatedly contacts a suspended bag.","The source models equipment use rather than zero-equipment shadowboxing."
"229","Alternating Boxing Uppercut","Motion","REMOVE","The name and silent demonstration are unclear, overly specialist, hidden-effort, trivial, or visually mismatched.","The reviewed entry is retired in favor of Standing Elbow-Squeeze Chest Press.","The replacement is a worthwhile named movement whose complete action is visible and copyable at a glance."
"230","Boxing Overhand","Motion","REMOVE","The name and silent demonstration are unclear, overly specialist, hidden-effort, trivial, or visually mismatched.","The reviewed entry is retired in favor of Prayer Press Raise.","The replacement is a worthwhile named movement whose complete action is visible and copyable at a glance."
"231","Step-Through Karate Reverse Punch","Motion","REMOVE","The packaged demonstration still advances at tutorial speed instead of a usable exercise cadence.","The step, punch, and long reset are shown as a slow instructional sequence.","Replace it with repeated normal-speed reverse punches from a stable stance and mirror the second side."
"232","Karate Knife-Hand Chop","Motion","REMOVE","I chamber the open hand and chop forward along the shown line.","A solo open-hand chop repeats from an ordinary upright stance.","The unloaded arm chop and unchallenging stance do not provide a qualifying strength, stamina, balance, or mobility stimulus."
"233","Karate Ridge-Hand Strike (Haito-Uchi)","Motion","REMOVE","I swing the thumb-side edge of my open hand through the shown arc.","A front-on demonstrator performs one slow unloaded ridge-hand gesture.","The strike has no resistance or sustained conditioning pace, while its specialist name adds needless interpretation."
"234","Karate Flat-Fist Strike (Hiraken)","Motion","REMOVE","I form the shown fist and extend the straight strike.","A tiny hand-shape detail accompanies one short unloaded extension.","The fine specialist hand shape is hard to read on a phone and the copied motion has no meaningful exercise dose."
"236","Karate Spear-Hand Strike (Nukite)","Motion","REMOVE","I extend the straight fingers forward like a spear and retract.","A solo straight-finger thrust repeats once from guard.","The unloaded technique gesture does not meaningfully train the assigned hand or arm groups."
"237","Forearm Pronation and Supination","Motion","REMOVE","I can copy the palm turn, but it feels like a demonstration of joint motion rather than a workout.","The forearm rotates freely through an easy unloaded range with no sustained endpoint, resistance, balance demand, or conditioning pace.","Clear execution is not enough: the movement provides no meaningful exercise dose for a healthy general workout."
"238","Prayer-Hand Stretch","Still","KEEP","I press my palms together at chest height and hold the stretch.","The performer settles into a static prayer-hand position.","A single final-position image communicates this hold better than a loop."
"239","Ninja Fireball Hand-Seal Sequence","Motion","REMOVE","The name and silent demonstration are unclear, overly specialist, hidden-effort, trivial, or visually mismatched.","The reviewed entry is retired in favor of Tabletop Tendon Glide.","The replacement is a worthwhile named movement whose complete action is visible and copyable at a glance."
"240","Ninja Shadow-Possession Hand-Seal Sequence","Motion","REMOVE","I cannot remember or mirror the chain of finger knots as it plays.","Several intricate two-hand seals transition rapidly in close-up.","The sequence is difficult to imitate and fails the simplicity test."
"241","Ninja Water-Dragon 44 Hand-Seal Sequence","Motion","REMOVE","The name and silent demonstration are unclear, overly specialist, hidden-effort, trivial, or visually mismatched.","The reviewed entry is retired in favor of Hook-Fist Tendon Glide.","The replacement is a worthwhile named movement whose complete action is visible and copyable at a glance."
"242","Ninja Shadow-Clone Hand-Seal Sequence","Motion","REMOVE","The name and silent demonstration are unclear, overly specialist, hidden-effort, trivial, or visually mismatched.","The reviewed entry is retired in favor of Full-Fist Tendon Glide.","The replacement is a worthwhile named movement whose complete action is visible and copyable at a glance."
"245","Alternating Karate Rising Block (Age-Uke)","Motion","REMOVE","I see an arm lift in place, but no meaningful resistance or sustained lower-body work.","A solo demonstrator repeats an unloaded rising block from a relaxed fixed stance.","The static block is a low-effort martial gesture and was replaced by a directly resisted elbow-flexion hold."
"246","Alternating Karate Outside Block (Soto-Uke)","Motion","REMOVE","I see an arm sweep in place, but no clear rotator-cuff load beyond ordinary limb movement.","A solo demonstrator repeats one unloaded outside block from a fixed stance.","The static block is a low-effort martial gesture and was replaced by continuous bodyweight Cuban rotations."
"248","Standing Palm-Press Hold","Still","REMOVE","The name and silent demonstration are unclear, overly specialist, hidden-effort, trivial, or visually mismatched.","The reviewed entry is retired in favor of Side-Tap Palm Pushes.","The replacement is a worthwhile named movement whose complete action is visible and copyable at a glance."
"251","Waiter's Bow","Motion","REMOVE","The name and silent demonstration are unclear, overly specialist, hidden-effort, trivial, or visually mismatched.","The reviewed entry is retired in favor of Standing Swan-Dive Hinge.","The replacement is a worthwhile named movement whose complete action is visible and copyable at a glance."
"252","Internally Rotated Double Calf Raise","Motion","KEEP","I point both toes inward and raise and lower my heels.","Bilateral calf raises repeat with the toes turned inward.","The foot orientation and heel motion distinguish the variant."
"253","Parallel Double Calf Raise","Motion","KEEP","I keep my feet parallel and raise and lower both heels.","Standard bilateral calf raises repeat in parallel stance.","Exact and immediately followable."
"254","Turned-Out Double Calf Raise","Motion","KEEP","I turn my toes outward and raise and lower both heels.","Bilateral calf raises repeat with visible turnout.","The foot orientation and heel motion match the name."
"255","Standing Bent-Knee Calf Raise","Motion","KEEP","I stay in a deep bent-knee squat and lift and lower my heels.","A low, wide bent-knee stance performs small bilateral heel raises.","The motion is small but the full-body framing and name make the task clear."
"256","Self-Resisted Overhead Pull Hold","Still","REMOVE","The name and silent demonstration are unclear, overly specialist, hidden-effort, trivial, or visually mismatched.","The reviewed entry is retired in favor of Bent-Over Straight-Arm Lat Sweeps.","The replacement is a worthwhile named movement whose complete action is visible and copyable at a glance."
"257","Self-Resisted Chest-Level Pull Hold","Still","REMOVE","The name and silent demonstration are unclear, overly specialist, hidden-effort, trivial, or visually mismatched.","The reviewed entry is retired in favor of Karate Knife-Hand Block.","The replacement is a worthwhile named movement whose complete action is visible and copyable at a glance."
"258","Self-Resisted Low Pull Hold","Still","REMOVE","The name and silent demonstration are unclear, overly specialist, hidden-effort, trivial, or visually mismatched.","The reviewed entry is retired in favor of Karate Downward Block.","The replacement is a worthwhile named movement whose complete action is visible and copyable at a glance."
"260","Behind-the-Back Self-Resisted Press","Still","REMOVE","I cannot see which hand should press or how the unequal behind-back roles should switch.","The overlapping hands hide the force direction and cannot be corrected by horizontal mirroring.","The exercise is not silently copyable and the existing timer cannot represent its role swap."
"261","Standing Bent-Elbow Reverse Fly","Motion","KEEP","I bring my bent arms forward, then squeeze them open and back.","A group class repeatedly closes and opens bent elbows at shoulder height.","Despite background dancers, the lead movement is large and corresponds to a bent-elbow reverse fly."
"262","Standing Scapular Depression","Motion","REMOVE","The name and silent demonstration are unclear, overly specialist, hidden-effort, trivial, or visually mismatched.","The reviewed entry is retired in favor of Standing Bicycle Crunches.","The replacement is a worthwhile named movement whose complete action is visible and copyable at a glance."
"263","Standing Straight-Arm Pressback","Motion","REMOVE","The short unloaded arm gesture provides no clear sustained training task.","A standing group briefly pulses straight arms behind the torso.","Use the same established position as a settled long-lever isometric hold instead of looping the trivial gesture."
"264","Standing Arm Circles","Motion","KEEP","I hold my arms out and circle them continuously.","Both straight arms trace repeated circles at shoulder height.","Familiar, immediate, and exact."
"265","Standing Bent-Elbow Arm Raise","Motion","REMOVE","The packaged media does not show the bent-elbow raise named and remains a low-effort arm gesture.","The group holds the arms near shoulder height and makes small palm and arm changes.","Replace it with a normal-speed standing speed-bag drill that has an obvious conditioning cadence."
"266","Standing Palms-Up Arm Raise","Motion","REMOVE","The name and silent demonstration are unclear, overly specialist, hidden-effort, trivial, or visually mismatched.","The reviewed entry is retired in favor of Alternating T-Arm Lifts.","The replacement is a worthwhile named movement whose complete action is visible and copyable at a glance."
"267","T-Position Shoulder Rotation","Motion","REMOVE","I see arms held in a T but cannot distinguish the intended shoulder rotation.","The group remains in a T-position with only tiny, visually ambiguous rotational changes.","The action is too subtle to reproduce reliably from the silent demo."
"268","Self-Resisted External-Rotation Isometric","Still","REMOVE","The name and silent demonstration are unclear, overly specialist, hidden-effort, trivial, or visually mismatched.","The reviewed entry is retired in favor of Goalpost-to-T Rotations.","The replacement is a worthwhile named movement whose complete action is visible and copyable at a glance."
"269","Self-Resisted Curl-and-Press","Motion","REMOVE","The name and silent demonstration are unclear, overly specialist, hidden-effort, trivial, or visually mismatched.","The reviewed entry is retired in favor of C-Rotation Arm Curls.","The replacement is a worthwhile named movement whose complete action is visible and copyable at a glance."
"270","Palm-Squeeze Forward Press","Motion","REMOVE","The name and silent demonstration are unclear, overly specialist, hidden-effort, trivial, or visually mismatched.","The reviewed entry is retired in favor of Goalpost Elbow Open-and-Close.","The replacement is a worthwhile named movement whose complete action is visible and copyable at a glance."
"271","Standing Lumbar Extension","Motion","KEEP","I place my hands on my hips and gently lean backward, then return.","An upright stance repeatedly extends the lower back.","The path is obvious and no support is used."
"272","Soleus Walk","Motion","REMOVE","I balance on one leg with the knee bent and repeatedly raise the heel.","A close solo demonstration shows an unsupported bent-knee single-leg calf raise.","The movement directly trains the soleus without travelling or using support."
"273","Bent-Knee Calf-Raise Hold","Still","KEEP","I bend my knees, lift my heels, and hold that position.","The performer settles into a bent-knee stance with heels elevated.","The task is a final-position hold, so one clear image is preferable."
"274","Dynamic-Resistance Lat Pulldown","Motion","REMOVE","I only see someone moving empty fists up and down; there is no visible resistance for me to reproduce.","The performer mimics a wide lat pulldown in the air without self-contact or another resistance cue.","The named resistance is invisible and the copied action would be an ineffective air gesture."
"275","Dynamic-Resistance Low Chest Press","Motion","REMOVE","The name and silent demonstration are unclear, overly specialist, hidden-effort, trivial, or visually mismatched.","The reviewed entry is retired in favor of Backward Arm Circles.","The replacement is a worthwhile named movement whose complete action is visible and copyable at a glance."
"276","Dynamic-Resistance High Chest Press","Motion","REMOVE","I only see fists moving between the chest and a wide position, with no way to know how to resist.","A high chest-press or fly path is performed in the air without visible opposing force.","The demonstration does not communicate the essential dynamic resistance."
"277","Standing Elbow-to-Elbow Chest Squeeze","Motion","KEEP","I press my forearms and elbows together, lift them, and lower while maintaining the squeeze.","The forearms meet at the midline and travel vertically through a visible squeeze pattern.","Body contact supplies real resistance and the repeated action is clear."
"278","Dynamic-Resistance Lateral Triceps Extension","Motion","REMOVE","The name and silent demonstration are unclear, overly specialist, hidden-effort, trivial, or visually mismatched.","The reviewed entry is retired in favor of Staggered-Stance Straight Punch.","The replacement is a worthwhile named movement whose complete action is visible and copyable at a glance."
"279","Dynamic-Resistance Triceps Pushdown","Motion","REMOVE","The name and silent demonstration are unclear, overly specialist, hidden-effort, trivial, or visually mismatched.","The reviewed entry is retired in favor of Staggered-Stance Jab-Cross.","The replacement is a worthwhile named movement whose complete action is visible and copyable at a glance."
"280","Ringing-the-Towel Wrist Inversion","Motion","REMOVE","I cannot tell whether to twist, clasp, or roll my hands, and no towel is present despite the metaphor.","A multi-position Qigong-like hand flow changes grips near the chest and face.","The observed sequence is more complex than the name and is not self-explanatory."
"281","Self-Resisted Isometric Pronation","Still","REMOVE","I see one hand holding the other wrist, but I cannot see which direction should push or how hard.","The clip settles into a static forearm grip with no arrow or visible displacement.","The invisible pronation force is too technical to infer reliably from the silent presentation."
"282","Qigong Drilling Fists","Motion","REMOVE","The name and silent demonstration are unclear, overly specialist, hidden-effort, trivial, or visually mismatched.","The reviewed entry is retired in favor of High-Knee Horizontal Punches.","The replacement is a worthwhile named movement whose complete action is visible and copyable at a glance."
"283","Qigong Fist Rotation","Motion","REMOVE","The name and silent demonstration are unclear, overly specialist, hidden-effort, trivial, or visually mismatched.","The reviewed entry is retired in favor of Straight-Fist Tendon Glide.","The replacement is a worthwhile named movement whose complete action is visible and copyable at a glance."
"284","Five-Animal Qigong Tiger Piercing","Motion","REMOVE","The movement changes through several stances and hand positions before I can understand the sequence.","A long tiger-form phrase includes knee lift, lunges, scoops, guards, and forward reaches.","It is multi-step choreography rather than one glance-followable exercise."
"285","Supinated-Grip Self-Resisted Biceps Curl","Motion","REMOVE","The name and silent demonstration are unclear, overly specialist, hidden-effort, trivial, or visually mismatched.","The reviewed entry is retired in favor of Karate Inside Block.","The replacement is a worthwhile named movement whose complete action is visible and copyable at a glance."
"286","Self-Resisted Hammer Curl","Motion","REMOVE","The name and silent demonstration are unclear, overly specialist, hidden-effort, trivial, or visually mismatched.","The reviewed entry is retired in favor of Karate Outside Block.","The replacement is a worthwhile named movement whose complete action is visible and copyable at a glance."
"287","Self-Resisted Reverse Curl","Motion","REMOVE","The name and silent demonstration are unclear, overly specialist, hidden-effort, trivial, or visually mismatched.","The reviewed entry is retired in favor of Standing Uppercuts.","The replacement is a worthwhile named movement whose complete action is visible and copyable at a glance."
"288","Isometric Biceps Hold","Still","REMOVE","The person is holding dumbbells, which I do not have.","A static bilateral curl hold is demonstrated with visible hand weights.","The exercise as shown requires equipment."
"289","Heaven-to-Earth Finger Rotation","Motion","REMOVE","The title suggests finger rotation, but I see a slow arm-and-hand ritual whose exact target is unclear.","A Qigong sequence sweeps both hands from torso height down and around with very small finger changes.","The name does not let a novice parse the subtle multi-joint demonstration."
"290","Universe-in-Motion Qigong","Motion","KEEP","I slowly scoop my hands up and open my arms out to the sides.","A broad bilateral arm circle rises from the abdomen and opens outward.","The fanciful name is resolved by a simple, large, repeatable motion."
"291","Black Dragon Enters the Cave","Motion","REMOVE","The name and silent demonstration are unclear, overly specialist, hidden-effort, trivial, or visually mismatched.","The reviewed entry is retired in favor of Open-to-Claw Tendon Glide.","The replacement is a worthwhile named movement whose complete action is visible and copyable at a glance."
"292","Thrusting Fingers Qigong","Motion","REMOVE","I expect forward finger thrusts, but the person mainly circles both arms overhead and down.","A beach demonstration performs a large bilateral overhead arm circle.","The bundled motion does not match the named finger-thrust action."
"293","Sword-Fingers Qigong Sequence","Motion","REMOVE","There are several finger shapes and hand passes, and I cannot know the sequence from one glance.","A multi-step Qigong hand flow changes levels, crosses the arms, and forms sword fingers.","This is choreography requiring study rather than a trivial repeated action."
"294","Tiger-Claw Grip Flow","Motion","REMOVE","The name and silent demonstration are unclear, overly specialist, hidden-effort, trivial, or visually mismatched.","The reviewed entry is retired in favor of Five-Position Tendon Glide.","The replacement is a worthwhile named movement whose complete action is visible and copyable at a glance."
"295","Yi Jin Jing Dragon Claw","Motion","REMOVE","I cannot infer the order of the claw reaches, deep fold, and recovery.","A long sequence alternates arm gestures with a deep standing forward bend and return.","Too many distinct phases make it unsuitable for glance-based guidance."
"296","Eagle-Claw and Tiger-Claw Coordination","Motion","REMOVE","The subtle switching finger shapes are hard to distinguish and remember on a phone.","A close-up alternates several eagle- and tiger-claw hand configurations.","The fine hand choreography is nontrivial and physically slight."
"301","Large Arm Sweep Up and Down","Motion","REMOVE","The unloaded sweep is another low-dose arm gesture in the same weak family.","Both arms repeatedly travel from the sides to overhead without resistance or a larger movement task.","Replace it with continuous overhead arm pumps that provide an unmistakable shoulder-endurance cadence."
"303","Alternating Arm-Circle Squat with Cross Tap","Motion","KEEP","I circle my arms as I squat and cross-tap one foot behind, then alternate.","A compact squat synchronizes with overhead arm circles and alternating rear cross-taps.","The rhythm and foot alternation are clearly exposed."
"311","Low-Impact Standing Jack","Motion","KEEP","I step one foot out while raising my arms, then alternate without jumping.","A grounded step jack repeats left and right.","The no-jump modification is obvious, quiet, and immediately followable."
"314","Alternating Forward Lunge with Biceps Curl","Motion","REMOVE","The name and silent demonstration are unclear, overly specialist, hidden-effort, trivial, or visually mismatched.","The reviewed entry is retired in favor of Alternating Forward Lunge Pulses.","The replacement is a worthwhile named movement whose complete action is visible and copyable at a glance."
"315","Side-Step Squat with Overhead Reach","Motion","KEEP","I step sideways into a squat and reach overhead as I rise.","Alternating side steps lower into squats with bilateral overhead reaches.","Large, clear positions make the pattern easy to copy."
"321","Alternating Cross-Step Arms Raise","Motion","REMOVE","The name and silent demonstration are unclear, overly specialist, hidden-effort, trivial, or visually mismatched.","The reviewed entry is retired in favor of Side-Tap Alternating Arm Raises.","The replacement is a worthwhile named movement whose complete action is visible and copyable at a glance."
"326","Wide-Stance Alternating Straight Punches","Motion","REMOVE","The name and silent demonstration are unclear, overly specialist, hidden-effort, trivial, or visually mismatched.","The reviewed entry is retired in favor of Rear-Hand Straight Punch.","The replacement is a worthwhile named movement whose complete action is visible and copyable at a glance."
"327","First-Position Standing Row","Motion","REMOVE","I repeatedly drive a horizontal elbow strike across my body.","A human martial-arts demonstration clearly shows the horizontal elbow path.","The replacement supplies visible resistance-free elbow and trunk work instead of an unloaded rowing mime."
"329","Qigong Gathering Qi","Motion","REMOVE","The name and silent demonstration are unclear, overly specialist, hidden-effort, trivial, or visually mismatched.","The reviewed entry is retired in favor of Standing Shoulder CAR.","The replacement is a worthwhile named movement whose complete action is visible and copyable at a glance."
"338","High-Low Punches","Motion","REMOVE","I can alternate the punch heights, but the ordinary stance and unloaded strikes do not feel like a workout.","Straight punches alternate between horizontal and high diagonal targets without a meaningful step or lower-body sequence.","The pattern is readable but provides no qualifying strength, stamina, balance, stepping, or mobility dose."
"340","Low-Impact Jack with Alternating Punches","Motion","KEEP","Step side to side while alternating overhead jack arms and forward punches.","The demonstrator repeatedly steps out and in while alternating broad arm raises with straight punches.","The whole-body pattern is visible, quiet, equipment-free, and straightforward to copy."
"341","Squat with Alternating Straight Punches","Motion","KEEP","Hold the squat and alternate punches in front of me.","The demonstrator stays in a wide squat and alternates left and right straight punches.","The title and demonstration agree and the movement is immediately repeatable."
"367","Tai Chi Wave Hands Like Clouds","Motion","REMOVE","I can see shifting and circling hands, but I cannot tell the footwork and hand sequence from one glance.","The demonstrator performs coordinated lateral steps, weight shifts, torso turns, and changing hand circles.","The multi-part sequence is too intricate to imitate reliably without instruction."
"377","Qigong Lifting the Sky","Motion","KEEP","Raise both hands overhead and lower them slowly.","The demonstrator symmetrically lifts both arms overhead and lowers them in a repeated cycle.","Despite the practice name, the action is simple and visually unmistakable."
"379","Alternating Qigong Drawing the Bow","Motion","KEEP","Shift into a wide stance and alternate an archer-like pull to each side.","The demonstrator repeats a clear bow-drawing arm shape on alternating sides with a small weight shift.","The metaphor, title, and visible action make the repeated pattern easy to follow."
"389","First-Position Heel Raise with Elbow Pull-Down","Motion","KEEP","Rise onto my toes while pulling my elbows down, then reset.","The demonstrator uses a narrow turned-out stance and synchronizes heel raises with arms lifting and pulling down.","Both components are visible and the combined repetition is uncomplicated."
"390","Standing Abdominal Breathing","Motion","REMOVE","The name and silent demonstration are unclear, overly specialist, hidden-effort, trivial, or visually mismatched.","The reviewed entry is retired in favor of Inhale Arms Up, Exhale Step-Touch.","The replacement is a worthwhile named movement whose complete action is visible and copyable at a glance."
"391","Standing Lateral Rib Breathing","Motion","REMOVE","The name and silent demonstration are unclear, overly specialist, hidden-effort, trivial, or visually mismatched.","The reviewed entry is retired in favor of Inhale Arms Open, Exhale High-Knee.","The replacement is a worthwhile named movement whose complete action is visible and copyable at a glance."
"392","Standing Chest Breathing","Motion","REMOVE","I cannot reliably distinguish a breath cycle from an unmoving pose.","The demonstrator remains almost still with hands on the upper chest.","The essential action is hidden in silent app-sized media."
"393","Standing Clavicular Breathing","Motion","REMOVE","I see hands by the collarbones, but I do not know how clavicular breathing differs from ordinary chest breathing.","The demonstrator holds the collarbone area while the actual breathing mechanics remain visually imperceptible.","The specialized internal technique is not teachable from this silent demonstration."
"394","Inhale Arms Open, Exhale Arms Close and Round","Motion","REMOVE","The name and silent demonstration are unclear, overly specialist, hidden-effort, trivial, or visually mismatched.","The reviewed entry is retired in favor of Inhale Open, Exhale Cross-Body Knee.","The replacement is a worthwhile named movement whose complete action is visible and copyable at a glance."
"395","Overhead Hold with Deep Ribcage Breaths","Still","REMOVE","The name and silent demonstration are unclear, overly specialist, hidden-effort, trivial, or visually mismatched.","The reviewed entry is retired in favor of Inhale Reach Up, Exhale Knee Lift.","The replacement is a worthwhile named movement whose complete action is visible and copyable at a glance."
"396","Standing Arm-Lift Breathing","Motion","REMOVE","The name and silent demonstration are unclear, overly specialist, hidden-effort, trivial, or visually mismatched.","The reviewed entry is retired in favor of Single-Leg Knee-Lift Balance Hold.","The replacement is a worthwhile named movement whose complete action is visible and copyable at a glance."
"397","Exhale Forward, Inhale Back Weight Shift","Motion","REMOVE","The name and silent demonstration are unclear, overly specialist, hidden-effort, trivial, or visually mismatched.","The reviewed entry is retired in favor of Inhale Open, Exhale Cross-Body Side Tap.","The replacement is a worthwhile named movement whose complete action is visible and copyable at a glance."
"398","Inhale Arms Open, Exhale Self-Hug and Fold","Motion","KEEP","Inhale while opening my chest and arms; exhale while self-hugging and folding forward.","The demonstrator alternates a broad open-chest expansion with a clearly compressed self-hug and fold.","The visible compression-expansion cycle and literal breath cues make the work immediately reproducible."
"399","Inhale Chest Open, Exhale Arms Close with Shallow Squat","Motion","KEEP","Inhale while opening my chest and arms; exhale while closing the arms and sinking into a shallow squat.","The demonstrator repeats the Shibashi chest-opening pattern with a visible rise and shallow knee bend.","The explicit inhale and exhale phases restore the purpose that the arm-only label hid."
"400","Inhale Rise and Lift Arms, Exhale Squat and Sweep Down","Motion","KEEP","Inhale as I rise and circle my arms overhead; exhale as I sweep them apart and sink into a shallow squat.","The demonstrator repeatedly crosses and lifts the arms while rising, then sweeps them down while bending the knees.","The literal phase cues make the breathing exercise understandable without specialist terminology."
"401","Alternating Inhale-Twist, Exhale-Push","Motion","KEEP","Inhale while twisting and drawing one arm back; exhale while returning to center and pushing, then alternate.","The demonstrator visibly alternates a waist turn and rearward arm draw with a palm push back toward center.","The name exposes the breathing cadence and describes the naturally alternating motion at a glance."
"402","Shibashi Rowing-a-Boat Breathing","Motion","KEEP","Squat and circle both arms as if rowing.","The demonstrator synchronizes a shallow squat with a broad two-arm rowing circle.","The name supplies an intuitive metaphor for a clearly repeated movement."
"403","Shibashi Alternating Pushing-Palms Breathing","Motion","KEEP","Shift side to side and alternate pushing one palm outward.","The demonstrator clearly alternates palm pushes with gentle torso turns and weight shifts.","The alternating action and its direction are immediately visible."
"404","Shibashi Alternating Punch Breathing","Motion","KEEP","Stay in the wide stance and alternate slow punches.","The demonstrator alternates controlled straight punches from a shallow horse stance.","The title and full-body clip communicate the action directly."
"405","Shibashi Flying-Wild-Goose Breathing","Motion","KEEP","Raise and lower both arms like wings while bending my knees.","The demonstrator symmetrically lifts the arms overhead and lowers them while sinking into a shallow squat.","The large wing-like motion is unambiguous and worthwhile as coordinated mobility."
"406","Shibashi Spinning-Wheels Breathing","Motion","KEEP","Circle both arms and torso through a wide side bend, then continue the loop.","The demonstrator traces large continuous circles with both arms while bending the torso side to side.","The repeated circular path is fully visible and needs no equipment."
"407","Neck Half-Circle","Motion","REMOVE","A partial neck trace is too limited and too easy to confuse with the catalog's complete neck-mobility exercises.","The retired identity describes only part of a neck circle and has no reviewed full-body demonstration.","It is replaced by a complete, plainly named breathing-arm-circle exercise with exact human media."
"408","Neck Figure Eight","Motion","REMOVE","This specialist neck pattern is not immediately copyable from a plain name and silent full-body media.","The retired identity requires memorizing a small, unusual head path rather than following an obvious exercise.","It is replaced by a substantial split-squat torso-rotation exercise whose full movement is visible."
"409","Neck Controlled Articular Rotation","Motion","KEEP","Slowly trace a controlled circle with my head.","The demonstrator moves the head through flexion, side bend, extension, and the opposite side in a slow circle.","The technical title is supported by a complete and easy-to-copy visual path."
"410","Nose Diamond Trace","Motion","REMOVE","Tracing an arbitrary geometric shape with the nose is specialist filler rather than a worthwhile 45-second exercise.","The retired movement depends on an imagined path that is difficult to verify in silent app-sized media.","It is replaced by an established whole-body gaze-stability squat with an exact visible thumb target."
"411","Nose Circle","Motion","REMOVE","A small nose trace is too trivial and too easy to misunderstand from a silent demonstration.","The retired movement emphasizes an imagined facial path instead of an obvious useful exercise.","It is replaced by an established whole-body gaze-stability squat with a distinct downward tracking path."
"412","Nose Square","Motion","REMOVE","Tracing a square with the nose is artificial and requires memorizing corners that silent media cannot teach reliably.","The retired identity is an arbitrary path rather than a natural repeatable exercise.","It is replaced by a full-body lateral lunge with visible thumb tracking."
"413","Nose Infinity Sign","Motion","REMOVE","Tracing an infinity sign with the nose is specialist choreography and not immediately copyable at a glance.","The essential imagined path is subtle and ambiguous at workout scale.","It is replaced by an established full-body marching eye-shift drill with two visible thumb targets."
"414","Ear-to-Shoulder Glide","Motion","REMOVE","This name does not distinguish a glide from the catalog's existing neck tilt and stretch movements.","The retired identity is a small isolated neck variation without reviewed exact media.","It is replaced by an established heel-raise gaze-stability drill with horizontal head turns."
"415","Chin-to-Collarbone Turn","Motion","REMOVE","This obscure cue is not an established plain exercise name and is easy to perform incorrectly.","The retired identity combines directions in a way that is hard to infer from silent media.","It is replaced by an established heel-raise gaze-stability drill with vertical head nods."
"416","Diagonal Head Tilt","Motion","REMOVE","The diagonal path is ambiguous and too similar to clearer retained neck mobility without adding reliable value.","The retired identity does not specify a natural, unmistakable repetition.","It is replaced by an established heel-raise gaze-stability drill with side-to-side head tilts."
"417","Side-to-Side Head Translation","Motion","REMOVE","A small head translation is unclear, easily confused with neck rotation, and not substantial enough for a workout slot.","The retired movement is a subtle isolated gesture with no promotion-grade demonstration.","It is replaced by a whole-body open-to-tuck thumb-tracking exercise."
"418","Forward-and-Back Head Translation","Motion","REMOVE","A subtle forward-and-back head glide is hard to distinguish from posture adjustment in silent media.","The retired identity is not sufficiently obvious or substantial for repeated workout use.","It is replaced by a rhythmic heel-bounce drill with horizontal thumb tracking."
"419","Occipital Nod","Motion","REMOVE","The specialist anatomical term does not tell an ordinary user what visible movement to perform.","The retired identity is a tiny upper-neck action that cannot be verified reliably at workout scale.","It is replaced by a rhythmic heel-bounce drill with vertical thumb tracking."
"422","Cervical Flexion Isometric","Still","REMOVE","I see a hand on the forehead, but I cannot see how hard or in which direction to press.","The demonstrator assumes a static hand-to-forehead position; the opposing forces are invisible.","A silent picture or clip cannot communicate the essential resistance instruction safely and trivially."
"423","Cervical Extension Isometric","Still","REMOVE","I see hands behind the head, but I cannot tell what should push and what should resist.","The demonstrator holds both hands behind the head with no visible movement.","The defining isometric force and dosage are hidden, so the action is ambiguous."
"425","Chin-Tuck Hold","Motion","REMOVE","The name and silent demonstration are unclear, overly specialist, hidden-effort, trivial, or visually mismatched.","The reviewed entry is retired in favor of Feet-Together Head Turns.","The replacement is a worthwhile named movement whose complete action is visible and copyable at a glance."
"467","Alternating Eight-Brocades Wise Owl Gazes Backward","Motion","REMOVE","The title says alternating, but the clip keeps showing the same turn.","The demonstrator repeatedly turns the torso and gaze toward only one side before returning to center.","The source does not demonstrate the named bilateral alternation and would train an unintended imbalance."
"474","Ballet Spotting Drill","Motion","REMOVE","I see quarter turns, but I cannot identify the precise spotting action I am meant to practise.","The distant demonstrator repeatedly reorients the body while the quick head-fixation detail is difficult to see.","Spotting is a timing technique that this small silent clip does not teach clearly."
"475","Jazz Head Isolation","Motion","REMOVE","I cannot identify a useful repeatable movement from this specialist dance isolation.","The close-up traces a small multi-position head sequence whose order is difficult to retain from a glance.","The opaque choreography is less useful and less legible than a plain full-body head-turn drill."
"477","Dance Head Roll","Motion","REMOVE","This is another neck circle under a dance label, and the catalog already contains a clear full neck circle.","The demonstrator traces substantially the same circular head path as the retained neck-circle exercise.","Keeping several near-identical circles count-inflates the neck catalog instead of adding a distinct movement."
"481","Quarter-Turn Spotting Drill","Motion","REMOVE","I can copy the turn, but I cannot see when the head is supposed to spot.","The demonstrator performs repeated quarter turns at a distance with very small visible head timing.","The named skill is not visually distinguishable from simply turning in place."
"482","Continuous Spot-Turn Drill","Motion","REMOVE","This looks like spinning in place; I cannot tell what makes it a spotting drill.","The demonstrator completes continuous turns while the critical gaze fixation is too subtle at this scale.","The exercise requires a technical timing cue absent from the app."
"483","Pirouette Spotting Drill","Motion","REMOVE","I see a pirouette preparation and turn, but cannot reliably copy the spotting technique or balance sequence.","The demonstrator performs a coordinated dance turn with arm, leg, balance, and head-timing components.","The compound skill is too complex for glance-only instruction."
"490","Bharatanatyam Alolita Shiro","Motion","REMOVE","The unfamiliar name gives me no cue, and the movement duplicates a head roll already in the catalog.","The close-up demonstrator performs a circular head roll in one direction.","It is an opaque, count-inflating duplicate rather than a distinct worthwhile exercise for this interface."
"491","Bharatanatyam Dhuta Shiro","Motion","REMOVE","I think this is a small side-to-side head shake, but the title does not help and the movement is barely distinct.","The close-up shows a restrained horizontal head movement.","The subtle dance gesture is trivial, opaque, and redundant with clearer neck mobility."
"492","Bharatanatyam Kampita Shiro","Motion","REMOVE","I think I should nod, but it is too slight to know the intended range or rhythm.","The demonstrator makes a small vertical head action in close-up.","This is a low-value gesture whose defining detail is difficult to read."
"493","Alternating Bharatanatyam Paravritta Shiro","Motion","REMOVE","This appears to be ordinary alternating head turns under an unfamiliar name.","The demonstrator turns the head left and right with little additional visible technique.","It duplicates simpler neck rotation while adding terminology rather than useful stimulus."
"495","Bharatanatyam Parivahita Shiro","Motion","REMOVE","I cannot see a repeatable movement beyond tiny changes in head position.","Across the clip the demonstrator remains nearly frontal with very subtle head motion.","The action is not legible enough to imitate from the phone."
"497","Odissi Sundari Griva","Motion","REMOVE","I cannot tell what path the neck should follow from this tiny, unfamiliar isolation.","The close-up shows a restrained neck glide with minimal positional difference between frames.","The nuanced dance isolation needs instruction and is not immediately followable."
"499","Bharatanatyam Tiraschina Griva","Motion","REMOVE","I see small eye and neck changes but cannot determine the intended movement.","The demonstrator performs a subtle lateral neck gesture mixed with gaze changes.","The defining technique is too nuanced and ambiguous for a glance-only workout."
"500","Bharatanatyam Parivartita Griva","Motion","REMOVE","I can see slight turns and tilts, but not a clear repeatable path.","The close-up cycles through small neck positions and ends as a different labeled movement begins.","The clip is subtle, terminologically opaque, and not cleanly self-contained."
"501","Standing Horizontal Saccades","Motion","REMOVE","The thumbs stay still and I cannot see whether or how the eyes are moving.","The demonstrator holds two thumbs apart while the eye motion is imperceptible at app scale.","The essential action is invisible and the term saccades is not common-sense instruction."
"502","Standing Vertical Saccades","Motion","REMOVE","I see one thumb high and one low, but cannot see the exercise itself.","The demonstrator holds vertical thumb targets while any eye shifts remain visually undetectable.","The clip shows setup, not the action the user must perform."
"503","Standing Diagonal Saccades","Motion","REMOVE","The diagonal targets are visible, but the intended eye pattern is not.","The demonstrator holds diagonal thumb targets and makes eye movements too small to observe.","The demonstration cannot communicate its essential movement."
"504","Vertical Eye-Head Shifts Between Thumbs","Motion","REMOVE","I cannot tell whether to move my eyes, head, or both, nor in what sequence.","The demonstrator holds one thumb high and one low while the eye-head coordination is extremely subtle.","The compound visual-control drill needs verbal instruction and is not immediately imitable."
"505","Maximal Smile and Relax","Motion","REMOVE","Smile, stop smiling, repeat; this does not feel like a worthwhile workout movement.","The demonstrator alternates a large smile with a neutral face.","It is an obvious but trivial facial gesture that does not meet the catalog's worthwhile-exercise bar."
"506","Eyebrow Raise and Relax","Motion","REMOVE","Raise my eyebrows and lower them; this is barely an exercise.","The demonstrator repeatedly raises and relaxes the eyebrows.","It is a trivial facial gesture included as count filler."
"507","Firm Eye Close and Full Open","Motion","REMOVE","The name and silent demonstration are unclear, overly specialist, hidden-effort, trivial, or visually mismatched.","The reviewed entry is retired in favor of Hamstring Curl with Elbow Pull.","The replacement is a worthwhile named movement whose complete action is visible and copyable at a glance."
"508","Tongue Protrusion and Retraction","Motion","REMOVE","The name and silent demonstration are unclear, overly specialist, hidden-effort, trivial, or visually mismatched.","The reviewed entry is retired in favor of Wide-Step Elbow Pull.","The replacement is a worthwhile named movement whose complete action is visible and copyable at a glance."
"509","Bilateral Tongue Lateralization","Motion","REMOVE","Move my tongue side to side; this feels like a therapy cue rather than a workout exercise.","The demonstrator protrudes the tongue and moves it left and right.","The gesture is low-value, awkward, and inappropriate as a general movement round."
"510","Maximal Jaw Open and Close","Motion","REMOVE","Open and close my mouth as far as possible; this is trivial and potentially uncomfortable without guidance.","The demonstrator repeatedly opens the jaw maximally and closes it.","It is not a worthwhile self-guided workout movement."
"512","Scapular Protraction","Motion","REMOVE","I see arms held forward, but cannot tell what part of the tiny shoulder-blade motion to copy.","The side view shows a very small scapular glide with the arms extended.","The essential joint motion is too subtle and technically named for glance-only imitation."
"513","Scapular Retraction","Motion","REMOVE","The name and silent demonstration are unclear, overly specialist, hidden-effort, trivial, or visually mismatched.","The reviewed entry is retired in favor of Single-Leg Thumb-Focus Head Nods.","The replacement is a worthwhile named movement whose complete action is visible and copyable at a glance."
"516","Shoulder Shrug","Motion","REMOVE","The name and silent demonstration are unclear, overly specialist, hidden-effort, trivial, or visually mismatched.","The reviewed entry is retired in favor of Bent-Elbow Shoulder Circles.","The replacement is a worthwhile named movement whose complete action is visible and copyable at a glance."
"544","Standing Overhead Slam","Motion","KEEP","Reach overhead, then drive my arms down as I squat.","The demonstrator repeatedly rises with clasped hands overhead and forcefully lowers them into a squat.","The full up-to-down slam cycle is clear in the actual clip and needs no prop."
"572","Tai Chi White Crane Opens Wings","Motion","REMOVE","The name and silent demonstration are unclear, overly specialist, hidden-effort, trivial, or visually mismatched.","The reviewed entry is retired in favor of Cossack Side-to-Side Shifts.","The replacement is a worthwhile named movement whose complete action is visible and copyable at a glance."
"573","Tai Chi Single Whip","Motion","REMOVE","I cannot determine the exact feet, weight, wrist, and palm sequence from this short side-view loop.","The demonstrator performs a nuanced asymmetric Tai Chi transition and settles into Single Whip.","The named form needs teaching and is not trivially reproducible."
"576","Qigong Crane-Wing Shoulder Lift","Motion","REMOVE","The name and silent demonstration are unclear, overly specialist, hidden-effort, trivial, or visually mismatched.","The reviewed entry is retired in favor of Side-Step Rainbow Reach.","The replacement is a worthwhile named movement whose complete action is visible and copyable at a glance."
"577","Qigong Swimming-Dragon Shoulder Roll","Motion","REMOVE","The name and silent demonstration are unclear, overly specialist, hidden-effort, trivial, or visually mismatched.","The reviewed entry is retired in favor of High-Knee Goalpost Pull.","The replacement is a worthwhile named movement whose complete action is visible and copyable at a glance."
"588","Belly-Dance Alternating Shoulder Roll","Motion","KEEP","Roll one shoulder and then the other while keeping my feet still.","The side-view demonstrator clearly alternates forward shoulder rolls.","The movement is legible, naturally alternating, and more substantial than the later facial or hip micro-gestures."
"591","Bharatanatyam Natyarambhe Hold","Still","REMOVE","The specialist name gives me no useful instruction and the person is too small and dim to resolve the posture.","A distant dark recording shows a basic arms-out stance without readable hand or foot detail.","The demonstration fails the plain-name and glanceable-human standard."
"608","Hip Circle","Motion","KEEP","Circle my hips smoothly while keeping my feet planted.","The cropped torso view clearly traces a continuous pelvis circle.","The common name and visible circular motion make the action obvious."
"609","Pelvic-Floor Plié Lift","Motion","REMOVE","I can copy the plié, but I do not know what the pelvic floor should do or when.","The demonstrator visibly performs a turned-out plié and rise while any pelvic-floor action is invisible.","The clip teaches only the generic outer movement, not the defining internal cue in the name."
"610","Pelvic-Floor Squat Lift","Motion","REMOVE","I see a squat, but the named pelvic-floor lift has no visible timing cue.","The demonstrator repeats an ordinary bodyweight squat while speaking in the source footage.","The essential internal action depended on removed verbal instruction."
"611","Pelvic-Floor Heel-Raise Lift","Motion","REMOVE","I can rise onto my toes, but I cannot know how to coordinate the pelvic-floor lift.","The demonstrator performs small heel raises with no externally visible pelvic-floor change.","The title adds an invisible technique the silent clip cannot teach."
"612","Pelvic-Floor Lateral Leg Lift","Motion","REMOVE","The side leg lift is clear, but I cannot infer the pelvic-floor action or its timing.","The demonstrator repeatedly raises one leg sideways while the internal cue remains invisible.","The visible exercise and the named exercise are not fully the same."
"613","Pelvic-Floor Balance March","Motion","REMOVE","I can march and balance, but I do not know what makes this a pelvic-floor exercise.","The demonstrator alternates knee lifts and brief balances while any pelvic-floor contraction cannot be seen.","The defining cue is absent from the demonstration."
"614","Standing Pelvic-Floor Contraction and Release","Motion","REMOVE","Nothing visibly changes, so I cannot tell what to contract or how.","The demonstrator stands with hands over the pelvis while the entire exercise occurs internally.","The video communicates no observable action and requires explicit anatomical instruction."
"615","Alternating Pelvic-Floor Lunge Twist","Motion","REMOVE","The name and silent demonstration are unclear, overly specialist, hidden-effort, trivial, or visually mismatched.","The reviewed entry is retired in favor of Hamstring Curl with Prayer Hands.","The replacement is a worthwhile named movement whose complete action is visible and copyable at a glance."
"616","Pelvic-Floor Overhead Chop","Motion","REMOVE","I see clasped hands move up and down, but do not know the pelvic-floor timing.","The demonstrator performs a small overhead-to-front arm chop while speaking; no internal action is visible.","The clip relies on missing verbal cues and does not fully match the title by itself."
"617","Standing Forward Side-Leg Circles","Motion","KEEP","Balance on one foot and draw forward circles with the other leg held to the side.","The demonstrator holds both arms out and visibly circles the raised leg forward at the hip.","The literal direction, asymmetric demonstration, and timed-side protocol make the movement easy to follow."
"618","Pelvic-Floor Windmill","Motion","REMOVE","The name and silent demonstration are unclear, overly specialist, hidden-effort, trivial, or visually mismatched.","The reviewed entry is retired in favor of High-Knee Side Reach.","The replacement is a worthwhile named movement whose complete action is visible and copyable at a glance."
"619","Pelvic-Floor Hip Circles","Motion","REMOVE","I see a side-lunge stance and tiny hip motion, but cannot identify either the circle or pelvic-floor timing confidently.","The demonstrator stays in a wide asymmetric stance and makes very subtle pelvis movements.","Both the visible circle and the defining internal cue are too unclear."
"620","Standing Backward Side-Leg Circles","Motion","KEEP","Balance on one foot and draw backward circles with the other leg held to the side.","The same full-body demonstrator explicitly reverses the raised-leg circles and completes eight backward repetitions.","The literal name and exact human demonstration form a clear direction-matched companion to the forward version."
"625","Wing Chun Juen Ma Turning Stance","Motion","REMOVE","I see pivots and hand positions, but I cannot work out the foot pressure, knee tracking, and weight-transfer technique.","The demonstrator repeatedly pivots through a Wing Chun stance with subtle lower-body mechanics and changing guard hands.","The martial form is technically nuanced and too easy to imitate incorrectly from this view."
"626","Sumo Stance","Still","KEEP","Take a wide turned-out squat and hold the shown depth.","The demonstrator steps wide, turns the feet outward, sinks into a squat, and remains there.","The final posture alone communicates the exercise cleanly, so a still is preferable during the hold."
"632","Hip-Flexor Side Stretch","Still","KEEP","Take the shown staggered lunge, reach overhead, and lean to the side; mirror it after the side change.","The demonstrator settles into a lunge with one arm overhead and a lateral torso lean, then holds the shape.","The final stretch posture is clear and is better served by one mirrored still per timed side."
"636","Deadlift Kickback","Motion","REMOVE","The title suggests a hinge and back-leg kick, but the loop also turns into a forward knee drive with overhead arms.","The demonstrator cycles through a hinge, leg action, upright transition, and high knee-and-arm finish.","The compound demonstration does not cleanly match the named movement and is too hard to parse at a glance."
"647","Kickback with Sky Punch","Motion","REMOVE","I see a knee lift with both arms overhead, not a backward kick.","The demonstrator repeatedly drives one knee forward while punching both hands upward.","The actual clip contradicts the kickback named in the title."
"648","Standing Back-Leg Lift","Motion","KEEP","Hinge forward slightly and lift the straight rear leg, then lower it.","The demonstrator repeatedly extends one leg backward while balancing on the other foot.","The single action is clear, equipment-free, and correctly handled as a timed-side movement."
"649","Standing Side-Leg Raise","Motion","REMOVE","This is the same straight side-leg lift already represented elsewhere in the catalog.","The demonstrator repeatedly abducts one straight leg while extending both arms for balance.","The clip is clear but duplicates the existing standing lateral leg lift, so the slot should add a distinct hip movement."
"654","Sideward-and-Backward Kick","Motion","REMOVE","The title promises side and backward kicks, but I only see repeated sideward lifts and knee raises.","The front-facing demonstrator cycles through lateral leg kicks with overhead arm changes; no clear backward kick is shown.","The bundled media does not demonstrate the complete named exercise."
"666","Ballet Arabesque","Motion","KEEP","Balance on one leg and lift the other straight behind me with arms extended, then lower.","The side-view demonstrator repeatedly rises into a clear unsupported arabesque and returns.","The posture and repetition are easy to understand even without ballet knowledge."
"677","Alternating Belly-Dance Hip Drop","Motion","REMOVE","The name and silent demonstration are unclear, overly specialist, hidden-effort, trivial, or visually mismatched.","The reviewed entry is retired in favor of T-Arm Side-to-Side Sweep.","The replacement is a worthwhile named movement whose complete action is visible and copyable at a glance."
"678","Belly-Dance Hip Lift","Motion","REMOVE","The tiny hip lift is difficult to distinguish from ordinary weight shifting.","The distant demonstrator repeats a subtle unilateral hip elevation.","The action is too slight and visually ambiguous to follow reliably."
"681","Belly-Dance Horizontal Figure Eight","Motion","REMOVE","I know the name suggests an eight, but I cannot see the pelvis path clearly enough to reproduce it.","The distant demonstrator makes a nuanced horizontal pelvis pattern with minimal visible displacement.","The path needs explanation or a much clearer view and is not glance-followable."
"683","Belly-Dance Umi","Motion","REMOVE","The name and silent demonstration are unclear, overly specialist, hidden-effort, trivial, or visually mismatched.","The reviewed entry is retired in favor of Alternating Palm-Up T-Arm Flips.","The replacement is a worthwhile named movement whose complete action is visible and copyable at a glance."
"684","Belly-Dance Maya","Motion","REMOVE","I cannot tell the intended vertical hip path from this small demonstration.","The distant demonstrator performs a nuanced alternating pelvis isolation.","This technical dance movement needs instruction and a closer demonstration."
"685","Belly-Dance Taqsim","Motion","REMOVE","The name and silent demonstration are unclear, overly specialist, hidden-effort, trivial, or visually mismatched.","The reviewed entry is retired in favor of Static-Stance Karate Reverse Punch.","The replacement is a worthwhile named movement whose complete action is visible and copyable at a glance."
"686","Belly-Dance Hip Twist","Motion","REMOVE","I can see a small hip twist, but I cannot tell what useful range or training demand it is meant to create.","A tight torso crop shows subtle unloaded pelvis rotation with no visible stance challenge.","The slight choreography does not provide a defensible mobility or conditioning dose."
"687","Belly-Dance Hip Shimmy","Motion","REMOVE","I can tell something fast is happening, but the distant clip does not show how to create the shimmy.","The full-body demonstrator makes a rapid, small hip vibration that is hard to resolve at app scale.","The technique is not visually teachable from this demonstration and is easy to perform incorrectly."
"712","Thoracic Expansion Hold","Still","REMOVE","I draw both arms behind me and open my chest.","A human demonstration settles into the arms-back chest-opening posture.","The accurate still endpoint makes the hold immediately readable without looping."
"733","Alternating Side Lunge with Chest Push","Motion","KEEP","I step wide, sink over one leg, push both palms forward, return, and repeat to the other side.","A full front view repeatedly alternates deep side lunges while both hands press forward together.","The title precisely describes an obvious, worthwhile, naturally alternating movement."
"740","Clasped-Hand Upper-Back Stretch","Still","KEEP","I clasp my hands in front, straighten the arms, and round the upper back away from them.","After unrelated setup motion, the demonstrator finishes with clasped hands reaching forward and the upper back rounded.","The final pose is clear and useful; a still should replace the distracting setup/reset footage."
"741","Cross-Body Shoulder Stretch","Still","KEEP","I pull one straight arm across my chest with the other arm, then the app mirrors it for the other side.","The demonstrator holds one arm horizontally across the chest with the opposite forearm securing it.","This is a familiar static stretch whose endpoint is clearer as a mirrored still than as a looping clip."
"742","Overhead Triceps Stretch","Still","KEEP","I bend one elbow behind my head and use the other hand to pull it gently, then switch sides.","The demonstrator holds one bent elbow overhead with the opposite hand and briefly resets the arms.","The pose and title match exactly; a mirrored still avoids meaningless arm-reset footage."
"743","Clasped-Hands-Behind-Back Chest Opener","Still","REMOVE","The name tells me to clasp my hands, but the picture shows two separated arms; I cannot tell which instruction to trust.","The selected final frame has both arms extended independently behind the body with open, widely separated hands.","The defining clasp is absent, so the bundled demonstration technically contradicts the exercise name."
"744","Standing Figure-Four Glute Stretch","Still","KEEP","I cross one ankle over the other thigh and sit the hips back while balancing, then mirror it.","The demonstrator clearly holds a standing figure-four with both hands supporting the crossed lower leg.","The endpoint is immediately copyable and worthwhile; a mirrored still communicates it better than repeated mounting and dismounting."
"745","Dynamic Hug","Motion","REMOVE","The name and silent demonstration are unclear, overly specialist, hidden-effort, trivial, or visually mismatched.","The reviewed entry is retired in favor of Standing Overhead Presses.","The replacement is a worthwhile named movement whose complete action is visible and copyable at a glance."
"746","Staggered Calf-and-Ankle Stretch","Still","KEEP","I take a split stance, keep the rear heel down, and lean forward; the arms are not essential.","The demonstrator settles into a long staggered stance with the rear heel planted and front knee bent.","The lower-body position is unambiguous and useful; a mirrored still removes the unnecessary overhead-arm transition."
"747","Standing Quad Stretch","Still","KEEP","I balance on one foot and hold the other ankle behind me, then switch sides.","The demonstrator clearly holds one ankle behind the body with the knee pointing down.","This standard static stretch is instantly recognizable and is best shown as one mirrored endpoint image."
"748","Alternating Wide-Stance Groin-Hamstring Shift","Motion","KEEP","I stay wide and shift slowly from a bent leg to the other while the opposite leg straightens.","The demonstrator repeatedly transfers a deep lateral stance from side to side with hands resting on the bent thigh.","Motion is essential to show the alternating weight shift, and the action is clear and worthwhile."
"750","Heel-Forward Hamstring Stretch","Still","KEEP","I place one heel forward, keep that knee straight, sit back, and hinge toward it before switching.","The demonstrator steps one heel ahead with toes raised and hinges over the straight leg.","The endpoint matches the title exactly and is clearer as a mirrored still than a setup-and-return loop."
"751","Neck Side Stretch","Still","KEEP","I let one ear move toward one shoulder without turning the body, then switch sides.","The demonstrator stands relaxed and holds a clean lateral neck tilt.","A single mirrored pose is sufficient and makes the gentle direction easier to read at a glance."
"752","Straight-Arm Wrist Stretch","Still","KEEP","I extend one arm and use the other hand to pull its fingers down, then mirror the pose.","The side view clearly shows a straight elbow with the opposite hand flexing the wrist and fingers.","The exact hand placement is legible in the endpoint and does not benefit from looping."
"784","Extended Mountain Pose","Still","KEEP","I stand tall with feet together and reach both arms straight overhead.","The demonstrator raises both arms through a wide arc and settles with hands together overhead.","This is a static bilateral posture; its final aligned pose is clearer and calmer as a still."
"804","Alternating Arms-Spread Torso Twist","Motion","KEEP","I keep the arms level and rotate the torso left and right while lightly pivoting the feet.","A front-facing demonstrator continuously twists from side to side with both arms extended horizontally.","The movement direction and alternation are obvious, and video is needed to show the rhythm."
"816","Torso Circle","Motion","REMOVE","The name and silent demonstration are unclear, overly specialist, hidden-effort, trivial, or visually mismatched.","The reviewed entry is retired in favor of Side-Step Overhead Reach.","The replacement is a worthwhile named movement whose complete action is visible and copyable at a glance."
"818","Standing Cat-Cow","Motion","KEEP","I hinge slightly with hands on my thighs and alternate rounding and arching my spine.","The demonstrator stays standing with hands supported on the thighs while cycling spinal flexion and extension.","The two contrasting spinal shapes are clear and useful, and require motion to communicate."
"825","Alternating Deadlift with Body Twist","Motion","KEEP","I hinge down between my feet, rise, rotate and reach to one side, then alternate the reach.","The demonstrator repeatedly performs a bodyweight hip hinge followed by a standing torso turn and side reach.","Although the title is long, each component is visibly sequenced and the movement is worthwhile."
"831","Alternating Knee-Up Reverse Fly","Motion","KEEP","I lift one knee as both arms open wide, reset, and alternate knees.","The demonstrator repeatedly opens both arms into a reverse fly while alternating balanced knee lifts.","The synchronized action is obvious from the clean frontal loop and provides useful balance and upper-back work."
"834","Alternating Cross-Step Lat Pulldown","Motion","REMOVE","The name and silent demonstration are unclear, overly specialist, hidden-effort, trivial, or visually mismatched.","The reviewed entry is retired in favor of Diagonal Knee Drive with Overhead Pull.","The replacement is a worthwhile named movement whose complete action is visible and copyable at a glance."
"836","Squat with Back Squeeze","Motion","KEEP","I squat with my arms forward, then stand and pull my elbows back to squeeze the shoulder blades.","A front view alternates a wide squat with arms forward and an upright elbows-back squeeze.","The name and two-phase demonstration match exactly and combine a substantial squat with clear upper-back motion."
"843","Standing Cobra Pose","Still","REMOVE","I know cobra as a floor pose, but this tiny frame looks like a slight hinge with the hands near the stomach; I do not know what position to copy.","The low-resolution side view shows only a subtle torso change and indistinct arm placement, with no recognizable cobra endpoint.","The unfamiliar title and visually ambiguous demonstration do not communicate an immediately followable exercise."
"845","Extended-Mountain Backline Reach and Lower","Motion","REMOVE","The title promises a backline movement but I only see an unloaded arm raise and lower.","The demonstrator performs a basic bilateral overhead arm sweep.","The name overstates a trivial demonstration and does not identify a worthwhile exact exercise."
"884","Boxing Slip","Motion","KEEP","I keep a staggered guard and move my head and torso just outside an imagined straight punch.","The demonstrator maintains a boxing stance and repeatedly shifts the upper body laterally under a guarded posture.","Even without boxing knowledge the repeated lateral avoidance is visible; the fixed stance is handled by the side protocol."
"885","Boxing Roll","Motion","KEEP","I stay in guard, bend the knees, and move my head in a low U-shape as if going under a hook.","The demonstrator repeatedly dips and arcs the torso laterally while retaining a staggered boxing stance.","The path is more nuanced than a slip but remains clearly demonstrated and worthwhile for coordination and legs."
"905","Wide-Plié Alternating Side Bend","Motion","KEEP","I hold a wide turned-out squat and bend the torso from one side to the other with hands behind my head.","The demonstrator remains in a plié squat while rhythmically alternating lateral trunk bends.","The stance, bend, and alternation are all immediately visible and physically meaningful."
"906","Alternating Cross-and-Side Crunch","Motion","KEEP","I alternate high knees while bringing my upper body toward each knee, changing between across-body and same-side angles.","The demonstrator cycles through alternating knee lifts with hands behind the head and visibly changes the crunch angle.","The loop makes the two crunch directions understandable and offers clear standing core work."
"910","Standing Pilates Knee-Lift Twist","Motion","KEEP","Lift one knee and rotate my torso toward it on the shown side; the app then mirrors the same clear movement for the other side.","The demonstrator repeatedly lifts one knee while rotating the torso toward it on one side.","The movement itself is immediately copyable and the name matches; correcting the side sequence to 20 / 5 / 20 makes the delivered exercise complete."
"914","Alternating Diagonal Knee Pull-Down","Motion","KEEP","I reach both hands diagonally overhead, pull them toward the opposite rising knee, then alternate.","The demonstrator repeats a large diagonal overhead reach followed by a cross-body knee drive on alternating sides.","The short loop clearly contains the complete naturally alternating action and requires no equipment or impact."
"915","Split-Stance Knee Drive with Overhead Reach","Motion","KEEP","I start in a split stance, hinge with one arm reaching overhead, then drive the rear knee forward; later I switch sides.","The demonstrator repeatedly moves from a rear-leg extension and long overhead reach into a balanced knee drive.","The full sequence is clearly framed, worthwhile, and correctly paired with an explicit side change."
"939","Hinge-to-Knee Drive","Motion","KEEP","I hinge forward while extending one leg back, then stand and drive that knee up before switching sides.","The side view repeatedly links a single-leg-supported hinge/rear-leg reach to a forward knee drive.","The name is an exact plain-language description and the side protocol makes the unilateral action complete."
"943","Alternating Knee-Up Arms Raise","Motion","KEEP","I raise both arms as one knee comes up, lower them, and alternate knees.","A clear front view repeatedly synchronizes bilateral arm raises with alternating knee lifts.","The action is obvious, naturally alternating, and worthwhile as a simple balance and whole-body warm-up."
"948","Standing Wood Chop","Motion","KEEP","I clasp my hands high to one side and sweep them diagonally down across my body, then switch sides later.","The demonstrator repeatedly moves joined hands from a high outside position to the opposite low position with torso and knee flexion.","The diagonal downward chop matches the title and is clearly covered by the timed-side protocol."
"949","Standing Reverse Wood Chop","Motion","KEEP","I start low beside one hip and sweep my clasped hands diagonally upward across the body, then switch sides.","The demonstrator repeatedly drives joined hands from a low outside position to the opposite high position.","The upward path clearly distinguishes it from the regular wood chop and the side protocol completes both directions."
"954","Alternating Torso Rotation with Side Reach","Motion","KEEP","I rotate left and right while extending an arm toward the side I turn to.","The demonstrator continuously alternates torso turns with a corresponding horizontal side reach and light foot pivot.","The action, alternation, and name align cleanly and are easy to imitate from the front view."
"958","Standing Alternating Side Bend","Motion","KEEP","I clasp my hands overhead and bend the torso left and right without stepping.","A front-facing demonstrator continuously returns through center between full overhead side bends in both directions.","The full range and natural alternation are unmistakable; video is appropriate for the changing sides."
"960","Alternating Heel Tap with Opposite Hand","Motion","KEEP","I lift one foot in front and reach the opposite hand toward its heel or ankle, then alternate.","The demonstrator alternates knee lifts while the opposite free hand reaches down to the raised foot/ankle and the other hand stays near the head.","The contact point is close enough to the named heel tap and the repeated cross-body pattern is immediately copyable."
"962","Alternating Standing Knee-to-Elbow Crunch","Motion","KEEP","I raise each knee toward the opposite elbow while crunching and alternate without pausing.","The demonstrator alternates high knees toward the opposing bent-arm side with a visible cross-body trunk contraction.","The name describes the visible pattern and the continuous frontal loop is easy to follow."
"969","Chair-Pose Core Hold","Still","KEEP","I sit my hips back as if into an invisible chair, keep the chest lifted, and reach both arms forward.","The demonstrator settles into a deep narrow squat with hips back and both arms extended diagonally forward.","The stable endpoint communicates this equipment-free hold more clearly than its setup animation."
"971","Horse-Stance Core Hold","Still","REMOVE","I can copy a wide squat, but the claimed core brace is invisible and adds nothing to the picture.","The still only shows a generic wide squat hold.","The hidden target and duplicate stance make this a weak catalog entry."
"973","Alternating Reverse-Lunge Torso Twist","Motion","KEEP","I step one foot back into a lunge, turn toward the front leg, return, and alternate legs.","A front view repeatedly alternates reverse lunges with a coordinated torso rotation over the forward side.","The sequence is accurately named, naturally alternating, and clear enough to follow on the first loop."
"986","Karate Kiba-Dachi Brace","Still","REMOVE","The specialist name and invisible brace leave me guessing whether to hold, squeeze, or move.","A small human and adjacent diagrams show only a generic shallow wide stance.","The entry depends on terminology and hidden effort instead of an exact readable demonstration."
"987","Karate Shiko-Dachi Core Brace","Still","REMOVE","The specialist stance name and invisible core brace do not tell me what effort to add beyond a generic squat.","The clip shows a static wide turned-out stance while the claimed brace remains hidden.","The entry depends on jargon and invisible effort instead of a glanceable action."
"996","Flamenco Core Brace and Release","Motion","REMOVE","I want a more substantial movement than this specialist balance gesture.","The original movement is retired in favor of a controlled partial pistol-squat progression.","A partial pistol squat adds meaningful unilateral strength and balance while remaining quiet, equipment-free, and feet-only."
"997","Ballet Passe March","Motion","REMOVE","I want a more substantial movement than this specialist balance gesture.","The original movement is retired in favor of a settled bottom pistol-squat hold.","The bottom hold is a real pistol progression with distinct ankle mobility, balance, and isometric strength demands."
"998","Ballet Arabesque Reach","Motion","REMOVE","I want a larger, more useful full-body mobility movement.","The original movement is retired in favor of alternating thoracic rotations from a full squat.","Deep-squat rotation combines a sustained full squat with obvious trunk mobility and is immediately copyable."
"999","Standing Pilates Hundred Arms","Motion","REMOVE","I want a larger, more useful full-body locomotion movement.","The original movement is retired in favor of a controlled deep-squat walk.","Deep-squat walking is a real feet-only locomotion drill with substantial leg, hip, and balance demand."
"1000","Standing Forward-Fold Hold","Still","KEEP","I hinge forward from standing and hold with the torso and arms relaxed toward the feet.","The side view clearly progresses into a deep standing forward fold with both feet planted and hands hanging near the ankles.","The familiar static endpoint is accurate, equipment-free, and explicitly named as a hold."
